[conf/standalone.conf] Updating config advertisedAddress = 127.0.0.1
[conf/standalone.conf] Updating config brokerServicePort = 27665
[conf/standalone.conf] Adding config brokerServicePortTls = 27666
[conf/standalone.conf] Updating config tlsAllowInsecureConnection = false
[conf/standalone.conf] Updating config tlsCertificateFilePath = /certs/server.crt
[conf/standalone.conf] Updating config tlsKeyFilePath = /certs/server.key
[conf/standalone.conf] Updating config tlsRequireTrustedClientCertOnConnect = true
[conf/standalone.conf] Updating config tlsTrustCertsFilePath = /certs/ca.crt
[conf/standalone.conf] Updating config webServicePort = 28086
2026-09-28T07:47:31,774+0000 [main] INFO  org.apache.pulsar.PulsarStandalone - Starting BK with RocksDb metadata store
2026-09-28T07:47:32,253+0000 [main] INFO  org.apache.pulsar.metadata.impl.RocksdbMetadataStore - new RocksdbMetadataStore,url=MetadataStoreConfig(sessionTimeoutMillis=30000, allowReadOnlyOperations=false, configFilePath=null, batchingEnabled=true, batchingMaxDelayMillis=5, batchingMaxOperations=1000, batchingMaxSizeKb=128, metadataStoreName=metadata-store, fsyncEnable=true, synchronizer=null),instanceId=1
2026-09-28T07:47:32,268+0000 [main] INFO  org.apache.pulsar.metadata.bookkeeper.PulsarRegistrationManager - Initializing metadata for new cluster, ledger root path: /ledgers
2026-09-28T07:47:32,298+0000 [main] INFO  org.apache.pulsar.metadata.bookkeeper.PulsarRegistrationManager - Successfully initiated cluster. ledger root path: /ledgers instanceId: c7ef5e04-7faf-4cb6-822c-3e7d1f18f2e3
2026-09-28T07:47:32,320+0000 [main] INFO  org.apache.pulsar.metadata.bookkeeper.BKCluster - Starting new bookie on port: 35873
2026-09-28T07:47:32,341+0000 [main] INFO  org.apache.bookkeeper.server.EmbeddedServer$Builder - Load lifecycle component : stats-provider
2026-09-28T07:47:32,351+0000 [main] INFO  org.apache.bookkeeper.meta.MetadataDrivers - BookKeeper metadata driver manager initialized
2026-09-28T07:47:32,469+0000 [main] INFO  org.apache.bookkeeper.bookie.LegacyCookieValidation - Stamping new cookies on all dirs [data/standalone/bookkeeper/current]
2026-09-28T07:47:32,582+0000 [main] INFO  org.apache.bookkeeper.bookie.BookieResources - Using ledger storage: org.apache.bookkeeper.bookie.storage.ldb.DbLedgerStorage
2026-09-28T07:47:32,584+0000 [main] INFO  org.apache.bookkeeper.bookie.storage.ldb.DbLedgerStorage - Started Db Ledger Storage
2026-09-28T07:47:32,585+0000 [main] INFO  org.apache.bookkeeper.bookie.storage.ldb.DbLedgerStorage -  - Number of directories: 1
2026-09-28T07:47:32,585+0000 [main] INFO  org.apache.bookkeeper.bookie.storage.ldb.DbLedgerStorage -  - Write cache size: 96 MB
2026-09-28T07:47:32,585+0000 [main] INFO  org.apache.bookkeeper.bookie.storage.ldb.DbLedgerStorage -  - Read Cache: 96 MB
2026-09-28T07:47:32,614+0000 [main] INFO  org.apache.bookkeeper.bookie.storage.ldb.SingleDirectoryDbLedgerStorage - indexDir is equals ledgerBaseDir, creating single directory db ledger storage on data/standalone/bookkeeper/current
2026-09-28T07:47:32,632+0000 [main] INFO  org.apache.bookkeeper.bookie.storage.ldb.KeyValueStorageRocksDB - Searching for a RocksDB configuration file in /pulsar/conf/ledger_metadata_rocksdb.conf
2026-09-28T07:47:32,632+0000 [main] INFO  org.apache.bookkeeper.bookie.storage.ldb.KeyValueStorageRocksDB - Found a RocksDB configuration file and using it to initialize the RocksDB
2026-09-28T07:47:32,677+0000 [main] INFO  org.apache.bookkeeper.bookie.storage.ldb.KeyValueStorageRocksDB - Searching for a RocksDB configuration file in /pulsar/conf/entry_location_rocksdb.conf
2026-09-28T07:47:32,678+0000 [main] INFO  org.apache.bookkeeper.bookie.storage.ldb.KeyValueStorageRocksDB - Found a RocksDB configuration file and using it to initialize the RocksDB
2026-09-28T07:47:32,726+0000 [main] INFO  org.apache.bookkeeper.bookie.ScanAndCompareGarbageCollector - Over Replicated Ledger Deletion : enabled=true, interval=86400000, maxConcurrentRequests=1000
2026-09-28T07:47:32,733+0000 [main] INFO  org.apache.bookkeeper.bookie.GarbageCollectorThread - Minor Compaction : enabled=true, threshold=0.2, interval=3600000
2026-09-28T07:47:32,734+0000 [main] INFO  org.apache.bookkeeper.bookie.GarbageCollectorThread - Major Compaction : enabled=true, threshold=0.8, interval=86400000
2026-09-28T07:47:32,734+0000 [main] INFO  org.apache.bookkeeper.bookie.GarbageCollectorThread - Entry Location Compaction : interval=-1000, randomCompactionDelay=0
2026-09-28T07:47:32,760+0000 [main] ERROR org.apache.bookkeeper.bookie.Journal - Problems reading from data/standalone/bookkeeper/current/lastMark (this is okay if it is the first time starting this bookie
2026-09-28T07:47:32,811+0000 [main] INFO  org.apache.bookkeeper.proto.BookieServer - {
  "loadBalancerNamespaceBundleMaxBandwidthMbytes" : "100",
  "managedLedgerMaxUnackedRangesToPersistInMetadataStore" : "1000",
  "numExecutorThreadPoolSize" : "",
  "exposeTopicLevelMetricsInPrometheus" : "true",
  "tlsCertificateFilePath" : "/certs/server.crt",
  "bookkeeperClientNumIoThreads" : "",
  "managedLedgerCursorBackloggedThreshold" : "1000",
  "exposePreciseBacklogInPrometheus" : "false",
  "transactionLogBatchedWriteMaxRecords" : "512",
  "delayedDeliveryTickTimeMillis" : "1000",
  "brokerPublisherThrottlingMaxByteRate" : "0",
  "brokerClientCertificateFilePath" : "",
  "bookkeeperClientHealthCheckErrorThresholdPerInterval" : "5",
  "schemaCompatibilityStrategy" : "FULL",
  "brokerDeduplicationEntriesInterval" : "1000",
  "authenticateOriginalAuthData" : "false",
  "anonymousUserRole" : "",
  "bookkeeperClientNumWorkerThreads" : "",
  "isDelayedDeliveryDeliverAtTimeStrict" : "false",
  "transactionPendingAckBatchedWriteMaxRecords" : "512",
  "dbStorage_rocksDB_numLevels" : "-1",
  "packagesManagementStorageProvider" : "org.apache.pulsar.packages.management.storage.bookkeeper.BookKeeperPackagesStorageProvider",
  "managedLedgerDigestType" : "CRC32C",
  "brokerClientTlsKeyStoreType" : "JKS",
  "loadBalancerAutoBundleSplitEnabled" : "true",
  "tokenSecretKey" : "",
  "bookkeeperClientAuthenticationParametersName" : "",
  "managedLedgerDefaultAckQuorum" : "1",
  "loadBalancerBrokerThresholdShedderPercentage" : "10",
  "forceDeleteNamespaceAllowed" : "false",
  "tlsRequireTrustedClientCertOnConnect" : "true",
  "webSocketConnectionsPerBroker" : "8",
  "dbStorage_rocksDB_maxSizeInLevel1MB" : "256",
  "brokerServicePort" : "27665",
  "loadBalancerReportUpdateMaxIntervalMinutes" : "15",
  "webSocketPulsarClientMemoryLimitInMB" : "0",
  "webServiceLogDetailedAddresses" : "",
  "managedLedgerNumSchedulerThreads" : "4",
  "transactionLogBatchedWriteMaxDelayInMillis" : "1",
  "clientLibraryVersionCheckEnabled" : "false",
  "tokenAuthClaim" : "",
  "managedCursorInfoCompressionType" : "NONE",
  "delayedDeliveryEnabled" : "true",
  "bookkeeperClientReorderReadSequenceEnabled" : "false",
  "dbStorage_rocksDB_blockCacheSize" : "",
  "brokerShutdownTimeoutMs" : "60000",
  "maxConsumersPerSubscription" : "0",
  "bookkeeperClientEnforceMinNumRacksPerWriteQuorum" : "false",
  "metadata-store-instance" : "org.apache.pulsar.metadata.impl.RocksdbMetadataStore@6b00ad9",
  "brokerClientTlsEnabled" : "false",
  "tokenAudience" : "",
  "maxNumPartitionsPerPartitionedTopic" : "0",
  "loadBalancerReportUpdateMinIntervalMillis" : "5000",
  "brokerClientTlsTrustStore" : "",
  "tlsEnabled" : "false",
  "managedLedgerMinLedgerRolloverTimeMinutes" : "10",
  "tlsProvider" : "",
  "bookkeeperTLSTrustCertsFilePath" : "",
  "transactionCoordinatorEnabled" : "false",
  "clusterName" : "standalone",
  "superUserRoles" : "",
  "authenticationProviders" : "",
  "delayedDeliveryTrackerFactoryClassName" : "org.apache.pulsar.broker.delayed.InMemoryDelayedDeliveryTrackerFactory",
  "transactionBufferClientOperationTimeoutInMills" : "3000",
  "tlsCiphers" : "",
  "brokerClientTlsCiphers" : "",
  "dispatchThrottlingRateRelativeToPublishRate" : "false",
  "schemaRegistryStorageClassName" : "org.apache.pulsar.broker.service.schema.BookkeeperSchemaStorageFactory",
  "strictlyVerifySubscriptionName" : "false",
  "webServiceTrustXForwardedFor" : "false",
  "haProxyProtocolEnabled" : "false",
  "metadataStoreBatchingMaxDelayMillis" : "5",
  "managedLedgerPersistIndividualAckAsLongArray" : "false",
  "bookkeeperUseV2WireProtocol" : "true",
  "bookiePort" : "35873",
  "managedLedgerCacheSizeMB" : "",
  "advertisedAddress" : "127.0.0.1",
  "maxSameAddressProducersPerTopic" : "0",
  "bookkeeperClientRegionawarePolicyEnabled" : "false",
  "brokerDeduplicationEnabled" : "false",
  "topicOrderedExecutorThreadNum" : "8",
  "transactionPendingAckBatchedWriteMaxDelayInMillis" : "1",
  "topicPublisherThrottlingTickTimeMillis" : "2",
  "dispatchThrottlingOnNonBacklogConsumerEnabled" : "true",
  "bookkeeperTLSTrustCertTypes" : "PEM",
  "webSocketServiceEnabled" : "true",
  "bookkeeperTLSCertificateFilePath" : "",
  "numHttpServerThreads" : "",
  "managedLedgerCacheEvictionWatermark" : "0.9",
  "loadBalancerNamespaceBundleMaxMsgRate" : "30000",
  "bookkeeperClientHealthCheckIntervalSeconds" : "60",
  "webSocketSessionIdleTimeoutMillis" : "300000",
  "metadataStoreOperationTimeoutSeconds" : "30",
  "allowAutoTopicCreationType" : "non-partitioned",
  "managedLedgerMaxSizePerLedgerMbytes" : "2048",
  "exposePublisherStats" : "true",
  "tlsKeyStoreType" : "JKS",
  "maxUnackedMessagesPerConsumer" : "50000",
  "replicationConnectionsPerBroker" : "16",
  "bookkeeperTLSTrustStorePasswordPath" : "",
  "managedCursorInfoCompressionThresholdInBytes" : "16384",
  "maxSameAddressConsumersPerTopic" : "0",
  "managedLedgerMetadataOperationsTimeoutSeconds" : "60",
  "webServicePort" : "28086",
  "ledgerStorageClass" : "org.apache.bookkeeper.bookie.storage.ldb.DbLedgerStorage",
  "disableBrokerInterceptors" : "true",
  "brokerInterceptorsDirectory" : "./interceptors",
  "gcWaitTime" : "300000",
  "metadataStoreConfigPath" : "",
  "maxConcurrentHttpRequests" : "1024",
  "enableNonPersistentTopics" : "true",
  "managedLedgerPrometheusStatsLatencyRolloverSeconds" : "60",
  "loadBalancerNamespaceBundleMaxTopics" : "1000",
  "createTopicToRemoteClusterForReplication" : "true",
  "brokerClientTlsTrustStorePassword" : "",
  "managedLedgerCursorMaxEntriesPerLedger" : "50000",
  "managedLedgerMinimumBacklogCursorsForCaching" : "0",
  "transactionLogBatchedWriteEnabled" : "false",
  "brokerClientAuthenticationPlugin" : "",
  "dispatcherReadFailureBackoffInitialTimeInMs" : "15000",
  "loadBalancerMemoryResourceWeight" : "1.0",
  "brokerClientTlsKeyStorePassword" : "",
  "bookkeeperClientMinAvailableBookiesInIsolationGroups" : "",
  "athenzDomainNames" : "",
  "dbStorage_rocksDB_writeBufferSizeMB" : "4",
  "metadataStoreBatchingEnabled" : "true",
  "proxyRoles" : "",
  "loadBalancerReportUpdateThresholdPercentage" : "10",
  "dbStorage_rocksDB_sstSizeInMB" : "4",
  "brokerDeleteInactiveTopicsEnabled" : "true",
  "diskUsageThreshold" : "0.99",
  "bookkeeperClientRackawarePolicyEnabled" : "true",
  "managedLedgerMinimumBacklogEntriesForCaching" : "1000",
  "managedLedgerMaxUnackedRangesToPersist" : "10000",
  "maxConcurrentTopicLoadRequest" : "5000",
  "enablePersistentTopics" : "true",
  "managedLedgerTraceTaskExecution" : "true",
  "delayedDeliveryMaxNumBuckets" : "-1",
  "loadBalancerAutoUnloadSplitBundlesEnabled" : "true",
  "brokerClientKeyFilePath" : "",
  "dbStorage_rocksDB_blockSize" : "4096",
  "encryptionRequireOnProducer" : "false",
  "dispatcherReadFailureBackoffMaxTimeInMs" : "60000",
  "delayedDeliveryMinIndexCountPerBucket" : "50000",
  "zooKeeperOperationTimeoutSeconds" : "-1",
  "maxPendingPublishRequestsPerConnection" : "1000",
  "bookkeeperTLSKeyFilePath" : "",
  "allowLoopback" : "true",
  "enableBrokerSideSubscriptionPatternEvaluation" : "true",
  "webSocketMaxTextFrameSize" : "1048576",
  "loadBalancerCPUResourceWeight" : "1.0",
  "backlogQuotaCheckEnabled" : "true",
  "replicationPolicyCheckDurationSeconds" : "600",
  "allowAutoTopicCreation" : "true",
  "bookkeeperClientIsolationGroups" : "",
  "subscriptionPatternMaxLength" : "50",
  "namespaceBundleUnloadingTimeoutMs" : "60000",
  "aggregatePublisherStatsByProducerName" : "false",
  "maxUnackedMessagesPerSubscriptionOnBrokerBlocked" : "0.16",
  "configurationStoreServers" : "",
  "dbStorage_writeCacheMaxSizeMb" : "96",
  "brokerInterceptors" : "",
  "brokerClientTlsProtocols" : "",
  "brokerClientTlsKeyStore" : "",
  "dispatchRateLimiterFactoryClassName" : "org.apache.pulsar.broker.service.persistent.DispatchRateLimiterFactoryAsyncTokenBucket",
  "authorizationEnabled" : "false",
  "loadBalancerSheddingIntervalMinutes" : "1",
  "managedLedgerCursorPositionFlushSeconds" : "60",
  "loadManagerClassName" : "org.apache.pulsar.broker.loadbalance.NoopLoadManager",
  "bookkeeperClientHealthCheckQuarantineTimeInSeconds" : "1800",
  "numCacheExecutorThreadPoolSize" : "10",
  "loadBalancerSheddingGracePeriodMinutes" : "30",
  "narExtractionDirectory" : "",
  "backlogQuotaCheckIntervalInSeconds" : "60",
  "loadBalancerBandwithInResourceWeight" : "1.0",
  "loadBalancerBandwithOutResourceWeight" : "1.0",
  "bookkeeperClientTimeoutInSeconds" : "30",
  "tlsTrustCertsFilePath" : "/certs/ca.crt",
  "webServiceHaProxyProtocolEnabled" : "false",
  "managedLedgerCacheEvictionFrequency" : "100.0",
  "autoSkipNonRecoverableData" : "false",
  "bookkeeperClientHealthCheckEnabled" : "true",
  "dbStorage_rocksDB_numFilesInLevel0" : "4",
  "brokerDeleteInactiveTopicsFrequencySeconds" : "60",
  "managedLedgerInfoCompressionThresholdInBytes" : "16384",
  "managedLedgerReadEntryTimeoutSeconds" : "0",
  "loadBalancerBrokerMaxTopics" : "50000",
  "nettyMaxFrameSizeBytes" : "5253120",
  "enablePackagesManagement" : "false",
  "configurationMetadataStoreUrl" : "",
  "managedLedgerAddEntryTimeoutSeconds" : "0",
  "loadBalancerDirectMemoryResourceWeight" : "0",
  "managedLedgerMaxEntriesPerLedger" : "50000",
  "loadBalancerNamespaceMaximumBundles" : "128",
  "managedLedgerCacheCopyEntries" : "false",
  "tlsCertRefreshCheckDurationSec" : "300",
  "journalSyncData" : "false",
  "bindAddress" : "0.0.0.0",
  "transactionMetadataStoreProviderClassName" : "org.apache.pulsar.transaction.coordinator.impl.MLTransactionMetadataStoreProvider",
  "tlsAllowInsecureConnection" : "false",
  "maxProducersPerTopic" : "0",
  "tokenPublicKey" : "",
  "activeConsumerFailoverConsistentHashing" : "false",
  "subscriptionExpirationTimeMinutes" : "0",
  "numWorkerThreadsForNonPersistentTopic" : "8",
  "maxConcurrentNonPersistentMessagePerConnection" : "1000",
  "enableTaskExecutionStats" : "true",
  "clusterMigrationCheckDurationSeconds" : "0",
  "managedLedgerNewEntriesCheckDelayInMillis" : "10",
  "bookkeeperClientAuthenticationParameters" : "",
  "authenticationEnabled" : "false",
  "numIOThreads" : "",
  "delayedDeliveryMaxIndexesPerBucketSnapshotSegment" : "5000",
  "isSchemaValidationEnforced" : "false",
  "maxSubscriptionsPerTopic" : "0",
  "maxTopicsPerNamespace" : "0",
  "allocatorPoolingPolicy" : "UnpooledHeap",
  "topicLevelPoliciesEnabled" : "true",
  "brokerClientTlsEnabledWithKeyStore" : "false",
  "bookkeeperClientSeparatedIoThreadsEnabled" : "false",
  "maxConsumersPerTopic" : "0",
  "brokerClientTlsTrustStoreType" : "JKS",
  "backlogQuotaDefaultLimitSecond" : "-1",
  "transactionPendingAckBatchedWriteEnabled" : "false",
  "bookkeeperClientMinNumRacksPerWriteQuorum" : "1",
  "metadataStoreUrl" : "",
  "numOrderedExecutorThreads" : "8",
  "subscriptionRedeliveryTrackerEnabled" : "true",
  "dispatchThrottlingRatePerTopicInByte" : "0",
  "managedLedgerCursorRolloverTimeInSeconds" : "14400",
  "globalZookeeperServers" : "",
  "defaultNumberOfNamespaceBundles" : "4",
  "loadBalancerEnabled" : "false",
  "dbStorage_readAheadCacheMaxSizeMb" : "96",
  "journalRemoveFromPageCache" : "false",
  "activeConsumerFailoverDelayTimeMillis" : "1000",
  "managedLedgerDefaultEnsembleSize" : "1",
  "metadataStoreBatchingMaxOperations" : "1000",
  "dispatcherPauseOnAckStatePersistentEnabled" : "false",
  "loadBalancerHistoryResourcePercentage" : "0.9",
  "dbStorage_readAheadCacheBatchSize" : "1000",
  "dispatchThrottlingOnBatchMessageEnabled" : "false",
  "bindAddresses" : "",
  "authorizationProvider" : "org.apache.pulsar.broker.authorization.PulsarAuthorizationProvider",
  "tlsTrustStore" : "",
  "maxMessageSizeCheckIntervalInSeconds" : "60",
  "metadataStoreBatchingMaxSizeKb" : "128",
  "zookeeperServers" : "",
  "transactionBufferSnapshotMaxTransactionCount" : "1000",
  "transactionBufferSegmentedSnapshotEnabled" : "false",
  "brokerClientTrustCertsFilePath" : "",
  "schemaRegistryCompatibilityCheckers" : "[org.apache.pulsar.broker.service.schema.JsonSchemaCompatibilityCheck, org.apache.pulsar.broker.service.schema.AvroSchemaCompatibilityCheck, org.apache.pulsar.broker.service.schema.ProtobufNativeSchemaCompatibilityCheck]",
  "defaultRetentionSizeInMB" : "0",
  "defaultNumPartitions" : "1",
  "metadataStoreSessionTimeoutMillis" : "30000",
  "dispatcherReadFailureBackoffMandatoryStopTimeInMs" : "0",
  "packagesReplicas" : "1",
  "topicFencingTimeoutSeconds" : "0",
  "bookkeeperTLSProviderFactoryClass" : "org.apache.bookkeeper.tls.TLSContextFactory",
  "bookkeeperNumberOfChannelsPerBookie" : "16",
  "transactionBufferSnapshotMinTimeInMillis" : "5000",
  "brokerClientSslProvider" : "",
  "transactionBufferSnapshotSegmentSize" : "262144",
  "preciseDispatcherFlowControl" : "false",
  "maxConcurrentLookupRequest" : "50000",
  "skipBrokerShutdownOnOOM" : "false",
  "bookkeeperTLSKeyStorePasswordPath" : "",
  "defaultRetentionTimeInMinutes" : "0",
  "brokerPublisherThrottlingMaxMessageRate" : "0",
  "bookkeeperExplicitLacIntervalInMills" : "0",
  "replicationProducerQueueSize" : "1000",
  "loadBalancerNamespaceBundleMaxSessions" : "1000",
  "tlsProtocols" : "",
  "managedLedgerDefaultWriteQuorum" : "1",
  "statusFilePath" : "/usr/local/apache/htdocs",
  "zooKeeperSessionTimeoutMillis" : "-1",
  "bookkeeperClientSecondaryIsolationGroups" : "",
  "tokenAudienceClaim" : "",
  "brokerServicePurgeInactiveFrequencyInSeconds" : "60",
  "journalMaxGroupWaitMSec" : "1",
  "webServiceTlsProvider" : "Conscrypt",
  "dbStorage_rocksDB_bloomFilterBitsPerKey" : "10",
  "brokerDeduplicationMaxNumberOfProducers" : "10000",
  "diskUsageWarnThreshold" : "0.99",
  "brokerDeduplicationProducerInactivityTimeoutMinutes" : "360",
  "tlsKeyFilePath" : "/certs/server.key",
  "managedLedgerMaxBacklogBetweenCursorsForCaching" : "1000",
  "transactionLogBatchedWriteMaxSize" : "4194304",
  "bookkeeperClientAuthenticationPlugin" : "",
  "packagesManagementLedgerRootPath" : "/ledgers",
  "metadataStoreCacheExpirySeconds" : "300",
  "systemTopicSchemaCompatibilityStrategy" : "ALWAYS_COMPATIBLE",
  "bookkeeperDiskWeightBasedPlacementEnabled" : "false",
  "tlsTrustStoreType" : "JKS",
  "clusterMigrationAutoResourceCreation" : "false",
  "authorizationAllowWildcardsMatching" : "false",
  "subscriptionKeySharedConsistentHashingReplicaPoints" : "100",
  "managedLedgerDefaultMarkDeleteRateLimit" : "0.1",
  "bookkeeperClientQuarantineRatio" : "1.0",
  "managedLedgerMaxLedgerRolloverTimeMinutes" : "240",
  "subscriptionExpiryCheckIntervalInMinutes" : "5",
  "maxUnackedMessagesPerBroker" : "0",
  "preciseTopicPublishRateLimiterEnable" : "false",
  "tlsKeyStore" : "",
  "keepAliveIntervalSeconds" : "30",
  "flushInterval" : "60000",
  "brokerClientAuthenticationParameters" : "",
  "splitTopicAndPartitionLabelInPrometheus" : "false",
  "tlsEnabledWithKeyStore" : "false",
  "managedLedgerCacheEvictionTimeThresholdMillis" : "1000",
  "functionsWorkerEnablePackageManagement" : "false",
  "brokerServicePortTls" : "27666",
  "replicationMetricsEnabled" : "true",
  "basicAuthConf" : "",
  "bookkeeperClientSpeculativeReadTimeoutInMillis" : "0",
  "bookkeeperTLSKeyFileType" : "PEM",
  "ttlDurationDefaultInSeconds" : "0",
  "backlogQuotaDefaultLimitGB" : "10",
  "ledgerDirectories" : "data/standalone/bookkeeper",
  "transactionPendingAckBatchedWriteMaxSize" : "4194304",
  "zooKeeperCacheExpirySeconds" : "-1",
  "managedLedgerMaxBatchDeletedIndexToPersist" : "10000",
  "metadataServiceUri" : "metadata-store:rocksdb:///pulsar/data/metadata",
  "journalDirectories" : "data/standalone/bookkeeper",
  "bookkeeperTLSClientAuthentication" : "false",
  "loadBalancerBundleUnloadMinThroughputThreshold" : "10",
  "managedLedgerMaxUnackedRangesToPersistInZooKeeper" : "-1",
  "metricsServletTimeoutMs" : "30000",
  "dispatchThrottlingRatePerTopicInMsg" : "0",
  "topicCompactionRetainNullKey" : "false",
  "maxUnackedMessagesPerSubscription" : "200000",
  "tlsTrustStorePassword" : "",
  "managedLedgerInfoCompressionType" : "NONE",
  "failureDomainsEnabled" : "false",
  "managedLedgerUnackedRangesOpenCacheSetEnabled" : "true",
  "forceDeleteTenantAllowed" : "false",
  "webSocketNumIoThreads" : "8",
  "subscriptionKeySharedUseConsistentHashing" : "true",
  "isAllowAutoUpdateSchemaEnabled" : "true",
  "brokerPublisherThrottlingTickTimeMillis" : "50",
  "delayedDeliveryMaxTimeStepPerBucketSnapshotSegmentSeconds" : "300",
  "tlsKeyStorePassword" : "",
  "systemTopicEnabled" : "true",
  "allowAutoSubscriptionCreation" : "true",
  "messageExpiryCheckIntervalInMinutes" : "5",
  "loadBalancerHostUsageCheckIntervalMinutes" : "1",
  "loadBalancerResourceQuotaUpdateIntervalMinutes" : "15"
}
2026-09-28T07:47:32,907+0000 [main] INFO  org.apache.bookkeeper.proto.BookieNettyServer - Binding bookie-rpc endpoint to 0.0.0.0/0.0.0.0:35873
2026-09-28T07:47:32,969+0000 [main] INFO  org.apache.bookkeeper.server.EmbeddedServer$Builder - Load lifecycle component : bookie-server
2026-09-28T07:47:32,975+0000 [main] INFO  org.apache.bookkeeper.common.component.ComponentStarter - Starting component bookie-server.
2026-09-28T07:47:32,980+0000 [main] INFO  org.apache.bookkeeper.bookie.Bookie - Finished replaying journal in 2 ms.
2026-09-28T07:47:32,989+0000 [SyncThread-9-1] INFO  org.apache.bookkeeper.bookie.SyncThread - Flush ledger storage at checkpoint CheckpointList{checkpoints=[LogMark: logFileId - 0 , logFileOffset - 0]}.
2026-09-28T07:47:32,993+0000 [main] INFO  org.apache.bookkeeper.bookie.Bookie - Finished reading journal, starting bookie
2026-09-28T07:47:32,995+0000 [BookieStateManagerService-0] INFO  org.apache.bookkeeper.bookie.BookieStateManager - Re-registering the bookie
2026-09-28T07:47:32,996+0000 [BookieJournal-35873] INFO  org.apache.bookkeeper.bookie.Journal - Starting journal on data/standalone/bookkeeper/current
2026-09-28T07:47:32,998+0000 [BookieStateManagerService-0] INFO  org.apache.pulsar.metadata.bookkeeper.PulsarRegistrationManager - RegisterBookie 127.0.0.1:35873 readOnly false info BookieServiceInfo{properties={}, endpoints=[EndpointInfo{id=bookie, port=35873, host=127.0.0.1, protocol=bookie-rpc, auth=[], extensions=[]}]}
2026-09-28T07:47:33,000+0000 [ForceWriteThread] INFO  org.apache.bookkeeper.bookie.Journal - ForceWrite Thread started
2026-09-28T07:47:33,007+0000 [BookieJournal-35873] INFO  org.apache.bookkeeper.bookie.JournalChannel - Opening journal data/standalone/bookkeeper/current/1a0e6fbbe09.txn
2026-09-28T07:47:33,019+0000 [BookieStateManagerService-0] INFO  org.apache.pulsar.metadata.coordination.impl.ResourceLockImpl - Acquired resource lock on /ledgers/available/127.0.0.1:35873
2026-09-28T07:47:33,020+0000 [metadata-store-1-1] INFO  org.apache.pulsar.metadata.bookkeeper.PulsarRegistrationClient - Bookie 127.0.0.1:35873 created. path: /ledgers/available/127.0.0.1:35873
2026-09-28T07:47:33,021+0000 [main] INFO  org.apache.bookkeeper.bookie.UncleanShutdownDetectionImpl - Created dirty file in ledger dir: /pulsar/data/standalone/bookkeeper/current
2026-09-28T07:47:33,027+0000 [ForkJoinPool.commonPool-worker-2] INFO  org.apache.pulsar.metadata.bookkeeper.PulsarRegistrationClient - Update BookieInfoCache (writable bookie) 127.0.0.1:35873 -> BookieServiceInfo{properties={}, endpoints=[EndpointInfo{id=bookie, port=35873, host=127.0.0.1, protocol=bookie-rpc, auth=[], extensions=[]}]}
2026-09-28T07:47:33,273+0000 [main] INFO  org.apache.bookkeeper.common.component.ComponentStarter - Started component bookie-server.
2026-09-28T07:47:33,273+0000 [main] INFO  org.apache.pulsar.metadata.bookkeeper.BKCluster - New bookie '127.0.0.1:35873' has been created.
2026-09-28T07:47:33,470+0000 [main] INFO  org.apache.pulsar.broker.PulsarService - Starting Pulsar Broker service; version: '3.3.9'
2026-09-28T07:47:33,471+0000 [main] INFO  org.apache.pulsar.broker.PulsarService - Git Revision 084b90b46b8b85816fd7b9e169170101fd4d613d
2026-09-28T07:47:33,471+0000 [main] INFO  org.apache.pulsar.broker.PulsarService - Git Branch branch-3.3
2026-09-28T07:47:33,471+0000 [main] INFO  org.apache.pulsar.broker.PulsarService - Built by Lari Hotari <lhotari@apache.org> on Laris-MBP.lan at 2025-09-24T00:43:34+0300
2026-09-28T07:47:33,802+0000 [ForkJoinPool.commonPool-worker-1] INFO  org.apache.pulsar.metadata.bookkeeper.PulsarRegistrationClient - Update BookieInfoCache (writable bookie) 127.0.0.1:35873 -> BookieServiceInfo{properties={}, endpoints=[EndpointInfo{id=bookie, port=35873, host=127.0.0.1, protocol=bookie-rpc, auth=[], extensions=[]}]}
2026-09-28T07:47:33,805+0000 [ForkJoinPool.commonPool-worker-2] WARN  org.apache.bookkeeper.client.TopologyAwareEnsemblePlacementPolicy - Failed to resolve network location for 192.168.12.111, using default rack for it : /default-rack.
2026-09-28T07:47:33,806+0000 [ForkJoinPool.commonPool-worker-2] INFO  org.apache.bookkeeper.client.RackawareEnsemblePlacementPolicyImpl - Initialize rackaware ensemble placement policy @ <Bookie:192.168.12.111:0> @ /default-rack : org.apache.pulsar.bookie.rackawareness.BookieRackAffinityMapping.
2026-09-28T07:47:33,806+0000 [ForkJoinPool.commonPool-worker-2] INFO  org.apache.bookkeeper.client.RackawareEnsemblePlacementPolicyImpl - Not weighted
2026-09-28T07:47:33,814+0000 [ForkJoinPool.commonPool-worker-2] INFO  org.apache.bookkeeper.client.BookKeeper - Weighted ledger placement is not enabled
2026-09-28T07:47:33,822+0000 [pulsar-registration-client-28-1] WARN  org.apache.bookkeeper.client.TopologyAwareEnsemblePlacementPolicy - Failed to resolve network location for 127.0.0.1, using default rack for it : /default-rack.
2026-09-28T07:47:33,823+0000 [pulsar-registration-client-28-1] INFO  org.apache.bookkeeper.net.NetworkTopologyImpl - Adding a new node: /default-rack/127.0.0.1:35873
2026-09-28T07:47:33,851+0000 [main] INFO  org.apache.bookkeeper.mledger.impl.cache.RangeEntryCacheManagerImpl - Initialized managed-ledger entry cache of 153.0 Mb
2026-09-28T07:47:33,902+0000 [main] INFO  org.apache.pulsar.broker.authorization.AuthorizationService - org.apache.pulsar.broker.authorization.PulsarAuthorizationProvider has been loaded.
2026-09-28T07:47:33,904+0000 [main] INFO  org.apache.pulsar.broker.service.plugin.EntryFilterProvider - Searching for entry filters in /pulsar
2026-09-28T07:47:33,911+0000 [main] INFO  org.apache.pulsar.broker.authentication.AuthenticationService - Authentication is disabled
2026-09-28T07:47:33,929+0000 [metadata-store-1-1] INFO  org.apache.pulsar.broker.service.BrokerService - Ignoring metadata change since broker is not running (id=unknown, state=Init) Notification(type=Created, path=/admin/configuration)
2026-09-28T07:47:33,929+0000 [metadata-store-1-1] INFO  org.apache.pulsar.broker.service.BrokerService - Ignoring metadata change since broker is not running (id=unknown, state=Init) Notification(type=ChildrenChanged, path=/admin)
2026-09-28T07:47:33,930+0000 [main] INFO  org.apache.pulsar.broker.service.BrokerService - Disabling per broker unack-msg blocking due invalid unAckMsgSubscriptionPercentageLimitOnBrokerBlocked 0.16 
2026-09-28T07:47:33,964+0000 [main] INFO  org.apache.pulsar.broker.PulsarService - Starting name space service, bootstrap namespaces=[]
2026-09-28T07:47:34,032+0000 [ForkJoinPool.commonPool-worker-2] INFO  org.apache.pulsar.metadata.bookkeeper.PulsarRegistrationClient - Update BookieInfoCache (writable bookie) 127.0.0.1:35873 -> BookieServiceInfo{properties={}, endpoints=[EndpointInfo{id=bookie, port=35873, host=127.0.0.1, protocol=bookie-rpc, auth=[], extensions=[]}]}
2026-09-28T07:47:34,031+0000 [ForkJoinPool.commonPool-worker-3] WARN  org.apache.bookkeeper.client.TopologyAwareEnsemblePlacementPolicy - Failed to resolve network location for 192.168.12.111, using default rack for it : /default-rack.
2026-09-28T07:47:34,032+0000 [ForkJoinPool.commonPool-worker-3] INFO  org.apache.bookkeeper.client.RackawareEnsemblePlacementPolicyImpl - Initialize rackaware ensemble placement policy @ <Bookie:192.168.12.111:0> @ /default-rack : org.apache.pulsar.bookie.rackawareness.BookieRackAffinityMapping.
2026-09-28T07:47:34,032+0000 [ForkJoinPool.commonPool-worker-3] INFO  org.apache.bookkeeper.client.RackawareEnsemblePlacementPolicyImpl - Not weighted
2026-09-28T07:47:34,033+0000 [ForkJoinPool.commonPool-worker-3] INFO  org.apache.bookkeeper.client.BookKeeper - Weighted ledger placement is not enabled
2026-09-28T07:47:34,034+0000 [pulsar-registration-client-44-1] WARN  org.apache.bookkeeper.client.TopologyAwareEnsemblePlacementPolicy - Failed to resolve network location for 127.0.0.1, using default rack for it : /default-rack.
2026-09-28T07:47:34,035+0000 [pulsar-registration-client-44-1] INFO  org.apache.bookkeeper.net.NetworkTopologyImpl - Adding a new node: /default-rack/127.0.0.1:35873
2026-09-28T07:47:34,082+0000 [metadata-store-1-1] INFO  org.apache.pulsar.broker.service.BrokerService - Ignoring metadata change since broker is not running (id=unknown, state=Init) Notification(type=Created, path=/counters/producer-name)
2026-09-28T07:47:34,083+0000 [metadata-store-1-1] INFO  org.apache.pulsar.broker.service.BrokerService - Ignoring metadata change since broker is not running (id=unknown, state=Init) Notification(type=ChildrenChanged, path=/counters)
2026-09-28T07:47:34,090+0000 [metadata-store-1-1] INFO  org.apache.pulsar.broker.service.BrokerService - Ignoring metadata change since broker is not running (id=unknown, state=Init) Notification(type=Created, path=/counters/producer-name/-0)
2026-09-28T07:47:34,090+0000 [metadata-store-1-1] INFO  org.apache.pulsar.broker.service.BrokerService - Ignoring metadata change since broker is not running (id=unknown, state=Init) Notification(type=ChildrenChanged, path=/counters/producer-name)
2026-09-28T07:47:34,091+0000 [metadata-store-1-1] INFO  org.apache.pulsar.broker.service.BrokerService - Ignoring metadata change since broker is not running (id=unknown, state=Init) Notification(type=ChildrenChanged, path=/counters)
2026-09-28T07:47:34,092+0000 [main] INFO  org.apache.pulsar.broker.service.DistributedIdGenerator - Broker distributed id generator started with instance id standalone-0
2026-09-28T07:47:34,097+0000 [main] INFO  org.apache.pulsar.broker.service.BrokerService - Started Pulsar Broker service on /0.0.0.0:27665, TLS: (none), listener: (none)
2026-09-28T07:47:34,277+0000 [main] INFO  org.apache.pulsar.broker.service.BrokerService - Started Pulsar Broker service on /0.0.0.0:27666, TLS: OPENSSL, listener: (none)
2026-09-28T07:47:34,287+0000 [main] INFO  org.apache.pulsar.broker.service.BrokerService - Scheduling a thread to check backlog quota after [60] seconds in background
2026-09-28T07:47:34,288+0000 [main] INFO  org.apache.pulsar.broker.service.BrokerService - Update broker publish rate limiting PublishRate(publishThrottlingRateInMsg=0, publishThrottlingRateInByte=0)
2026-09-28T07:47:34,290+0000 [main] INFO  org.apache.pulsar.broker.service.persistent.DispatchRateLimiter - configured broker message-dispatch rate DispatchRateImpl(dispatchThrottlingRateInMsg=0, dispatchThrottlingRateInByte=0, relativeToPublishRate=false, ratePeriodInSecond=1)
2026-09-28T07:47:34,290+0000 [main] INFO  org.apache.pulsar.broker.service.persistent.DispatchRateLimiterAsyncTokenBucketImpl - setting message-dispatch-rate DispatchRateImpl(dispatchThrottlingRateInMsg=0, dispatchThrottlingRateInByte=0, relativeToPublishRate=false, ratePeriodInSecond=1)
2026-09-28T07:47:34,312+0000 [main] INFO  org.eclipse.jetty.util.log - Logging initialized @4328ms to org.eclipse.jetty.util.log.Slf4jLog
2026-09-28T07:47:34,513+0000 [main] INFO  org.apache.pulsar.broker.authentication.AuthenticationService - Authentication is disabled
2026-09-28T07:47:34,513+0000 [main] INFO  org.apache.pulsar.websocket.WebSocketService - Pulsar WebSocket Service started
2026-09-28T07:47:34,574+0000 [main] INFO  org.eclipse.jetty.server.Server - jetty-9.4.57.v20241219; built: 2025-01-08T21:24:30.412Z; git: df524e6b29271c2e09ba9aea83c18dc9db464a31; jvm 21.0.8+9-LTS
2026-09-28T07:47:34,600+0000 [main] INFO  org.eclipse.jetty.server.session - DefaultSessionIdManager workerName=node0
2026-09-28T07:47:34,601+0000 [main] INFO  org.eclipse.jetty.server.session - No SessionScavenger set, using defaults
2026-09-28T07:47:34,602+0000 [main] INFO  org.eclipse.jetty.server.session - node0 Scavenging every 600000ms
2026-09-28T07:47:35,091+0000 [main] INFO  org.eclipse.jetty.server.handler.ContextHandler - Started o.e.j.s.ServletContextHandler@1e6cb932{/,null,AVAILABLE}
2026-09-28T07:47:35,690+0000 [main] INFO  org.eclipse.jetty.server.handler.ContextHandler - Started o.e.j.s.ServletContextHandler@22ae32ba{/admin,null,AVAILABLE}
2026-09-28T07:47:36,231+0000 [main] INFO  org.eclipse.jetty.server.handler.ContextHandler - Started o.e.j.s.ServletContextHandler@40a28bda{/admin/v2,null,AVAILABLE}
2026-09-28T07:47:36,455+0000 [main] INFO  org.eclipse.jetty.server.handler.ContextHandler - Started o.e.j.s.ServletContextHandler@3ba46845{/admin/v3,null,AVAILABLE}
2026-09-28T07:47:36,502+0000 [main] INFO  org.eclipse.jetty.server.handler.ContextHandler - Started o.e.j.s.ServletContextHandler@592cb470{/lookup,null,AVAILABLE}
2026-09-28T07:47:36,553+0000 [main] INFO  org.eclipse.jetty.server.handler.ContextHandler - Started o.e.j.s.ServletContextHandler@15d79b70{/topics,null,AVAILABLE}
2026-09-28T07:47:36,555+0000 [main] INFO  org.eclipse.jetty.server.handler.ContextHandler - Started o.e.j.s.ServletContextHandler@299a43d9{/metrics,null,AVAILABLE}
2026-09-28T07:47:36,584+0000 [main] INFO  org.eclipse.jetty.server.handler.ContextHandler - Started o.e.j.s.ServletContextHandler@523abba9{/ws/producer,null,AVAILABLE}
2026-09-28T07:47:36,585+0000 [main] INFO  org.eclipse.jetty.server.handler.ContextHandler - Started o.e.j.s.ServletContextHandler@33430fc{/ws/v2/producer,null,AVAILABLE}
2026-09-28T07:47:36,587+0000 [main] INFO  org.eclipse.jetty.server.handler.ContextHandler - Started o.e.j.s.ServletContextHandler@b8b2184{/ws/consumer,null,AVAILABLE}
2026-09-28T07:47:36,588+0000 [main] INFO  org.eclipse.jetty.server.handler.ContextHandler - Started o.e.j.s.ServletContextHandler@6e090aaa{/ws/v2/consumer,null,AVAILABLE}
2026-09-28T07:47:36,590+0000 [main] INFO  org.eclipse.jetty.server.handler.ContextHandler - Started o.e.j.s.ServletContextHandler@ccd000e{/ws/reader,null,AVAILABLE}
2026-09-28T07:47:36,591+0000 [main] INFO  org.eclipse.jetty.server.handler.ContextHandler - Started o.e.j.s.ServletContextHandler@45424c0{/ws/v2/reader,null,AVAILABLE}
2026-09-28T07:47:36,593+0000 [main] INFO  org.eclipse.jetty.server.handler.ContextHandler - Started o.e.j.s.ServletContextHandler@5fa5c8cf{/ws/v3/consumer,null,AVAILABLE}
2026-09-28T07:47:36,594+0000 [main] INFO  org.eclipse.jetty.server.handler.ContextHandler - Started o.e.j.s.h.ContextHandler@6921cfa{/static,null,AVAILABLE}
2026-09-28T07:47:36,606+0000 [main] INFO  org.eclipse.jetty.server.AbstractConnector - Started ServerConnector@25fa6889{HTTP/1.1, (http/1.1)}{0.0.0.0:28086}
2026-09-28T07:47:36,606+0000 [main] INFO  org.eclipse.jetty.server.Server - Started @6624ms
2026-09-28T07:47:36,606+0000 [main] INFO  org.apache.pulsar.broker.web.WebService - HTTP Service started at http://0.0.0.0:28086
2026-09-28T07:47:36,607+0000 [main] INFO  org.apache.pulsar.broker.web.WebService - HTTPS Service disabled
2026-09-28T07:47:36,645+0000 [metadata-store-1-1] INFO  org.apache.pulsar.broker.service.BrokerService - Ignoring metadata change since broker is not running (id=127.0.0.1:28086, state=Init) Notification(type=Created, path=/loadbalance/leader)
2026-09-28T07:47:36,645+0000 [main] INFO  org.apache.pulsar.metadata.coordination.impl.LeaderElectionImpl - Acquired leadership on /loadbalance/leader with LeaderBroker(brokerId=127.0.0.1:28086, serviceUrl=http://127.0.0.1:28086)
2026-09-28T07:47:36,646+0000 [main] INFO  org.apache.pulsar.broker.PulsarService - This broker 127.0.0.1:28086 was elected leader
2026-09-28T07:47:36,648+0000 [main] INFO  org.apache.pulsar.broker.PulsarService - Starting load management service ...
2026-09-28T07:47:36,648+0000 [metadata-store-1-1] INFO  org.apache.pulsar.broker.service.BrokerService - Ignoring metadata change since broker is not running (id=127.0.0.1:28086, state=Init) Notification(type=ChildrenChanged, path=/loadbalance)
2026-09-28T07:47:36,649+0000 [main] INFO  org.apache.pulsar.broker.loadbalance.NoopLoadManager - Acquiring broker resource lock on /loadbalance/brokers/127.0.0.1:28086
2026-09-28T07:47:36,659+0000 [main] INFO  org.apache.pulsar.metadata.coordination.impl.ResourceLockImpl - Acquired resource lock on /loadbalance/brokers/127.0.0.1:28086
2026-09-28T07:47:36,659+0000 [metadata-store-1-1] INFO  org.apache.pulsar.broker.service.BrokerService - Ignoring metadata change since broker is not running (id=127.0.0.1:28086, state=Init) Notification(type=Created, path=/loadbalance/brokers/127.0.0.1:28086)
2026-09-28T07:47:36,659+0000 [main] INFO  org.apache.pulsar.broker.loadbalance.NoopLoadManager - Acquired broker resource lock on /loadbalance/brokers/127.0.0.1:28086
2026-09-28T07:47:36,660+0000 [metadata-store-1-1] INFO  org.apache.pulsar.broker.service.BrokerService - Ignoring metadata change since broker is not running (id=127.0.0.1:28086, state=Init) Notification(type=ChildrenChanged, path=/loadbalance/brokers)
2026-09-28T07:47:36,660+0000 [metadata-store-1-1] INFO  org.apache.pulsar.broker.service.BrokerService - Ignoring metadata change since broker is not running (id=127.0.0.1:28086, state=Init) Notification(type=ChildrenChanged, path=/loadbalance)
2026-09-28T07:47:36,683+0000 [main] INFO  org.apache.pulsar.broker.namespace.OwnershipCache - Trying to acquire ownership of pulsar/standalone/127.0.0.1:28086/0x00000000_0xffffffff
2026-09-28T07:47:36,692+0000 [main] INFO  org.apache.pulsar.metadata.coordination.impl.ResourceLockImpl - Acquired resource lock on /namespace/pulsar/standalone/127.0.0.1:28086/0x00000000_0xffffffff
2026-09-28T07:47:36,692+0000 [metadata-store-1-1] INFO  org.apache.pulsar.broker.service.BrokerService - Ignoring metadata change since broker is not running (id=127.0.0.1:28086, state=Init) Notification(type=Created, path=/namespace/pulsar/standalone/127.0.0.1:28086/0x00000000_0xffffffff)
2026-09-28T07:47:36,692+0000 [metadata-store-1-1] INFO  org.apache.pulsar.broker.service.BrokerService - Ignoring metadata change since broker is not running (id=127.0.0.1:28086, state=Init) Notification(type=ChildrenChanged, path=/namespace/pulsar/standalone/127.0.0.1:28086)
2026-09-28T07:47:36,693+0000 [metadata-store-1-1] INFO  org.apache.pulsar.broker.service.BrokerService - Ignoring metadata change since broker is not running (id=127.0.0.1:28086, state=Init) Notification(type=ChildrenChanged, path=/namespace/pulsar/standalone)
2026-09-28T07:47:36,693+0000 [metadata-store-1-1] INFO  org.apache.pulsar.broker.service.BrokerService - Ignoring metadata change since broker is not running (id=127.0.0.1:28086, state=Init) Notification(type=ChildrenChanged, path=/namespace/pulsar)
2026-09-28T07:47:36,693+0000 [metadata-store-1-1] INFO  org.apache.pulsar.broker.service.BrokerService - Ignoring metadata change since broker is not running (id=127.0.0.1:28086, state=Init) Notification(type=ChildrenChanged, path=/namespace)
2026-09-28T07:47:36,696+0000 [main] INFO  org.apache.pulsar.broker.namespace.OwnershipCache - Successfully acquired ownership of OwnedBundle(bundle=pulsar/standalone/127.0.0.1:28086/0x00000000_0xffffffff, isActive=1)
2026-09-28T07:47:36,697+0000 [main] INFO  org.apache.pulsar.broker.namespace.NamespaceService - added heartbeat namespace name in local cache: ns=pulsar/standalone/127.0.0.1:28086
2026-09-28T07:47:36,697+0000 [pulsar-17-1] INFO  org.apache.pulsar.broker.PulsarService - Loading all topics on bundle: pulsar/standalone/127.0.0.1:28086/0x00000000_0xffffffff
2026-09-28T07:47:36,698+0000 [main] INFO  org.apache.pulsar.broker.namespace.OwnershipCache - Trying to acquire ownership of pulsar/127.0.0.1:28086/0x00000000_0xffffffff
2026-09-28T07:47:36,702+0000 [metadata-store-1-1] INFO  org.apache.pulsar.broker.service.BrokerService - Ignoring metadata change since broker is not running (id=127.0.0.1:28086, state=Init) Notification(type=Created, path=/namespace/pulsar/127.0.0.1:28086/0x00000000_0xffffffff)
2026-09-28T07:47:36,702+0000 [main] INFO  org.apache.pulsar.metadata.coordination.impl.ResourceLockImpl - Acquired resource lock on /namespace/pulsar/127.0.0.1:28086/0x00000000_0xffffffff
2026-09-28T07:47:36,703+0000 [metadata-store-1-1] INFO  org.apache.pulsar.broker.service.BrokerService - Ignoring metadata change since broker is not running (id=127.0.0.1:28086, state=Init) Notification(type=ChildrenChanged, path=/namespace/pulsar/127.0.0.1:28086)
2026-09-28T07:47:36,703+0000 [main] INFO  org.apache.pulsar.broker.namespace.OwnershipCache - Successfully acquired ownership of OwnedBundle(bundle=pulsar/127.0.0.1:28086/0x00000000_0xffffffff, isActive=1)
2026-09-28T07:47:36,703+0000 [metadata-store-1-1] INFO  org.apache.pulsar.broker.service.BrokerService - Ignoring metadata change since broker is not running (id=127.0.0.1:28086, state=Init) Notification(type=ChildrenChanged, path=/namespace/pulsar)
2026-09-28T07:47:36,703+0000 [metadata-store-1-1] INFO  org.apache.pulsar.broker.service.BrokerService - Ignoring metadata change since broker is not running (id=127.0.0.1:28086, state=Init) Notification(type=ChildrenChanged, path=/namespace)
2026-09-28T07:47:36,703+0000 [main] INFO  org.apache.pulsar.broker.namespace.NamespaceService - added heartbeat namespace name in local cache: ns=pulsar/127.0.0.1:28086
2026-09-28T07:47:36,703+0000 [pulsar-17-2] INFO  org.apache.pulsar.broker.PulsarService - Loading all topics on bundle: pulsar/127.0.0.1:28086/0x00000000_0xffffffff
2026-09-28T07:47:36,711+0000 [main] INFO  org.apache.pulsar.broker.PulsarService - SLA Namespace = sla-monitor/standalone/127.0.0.1:28086 doesn't exist.
2026-09-28T07:47:36,888+0000 [pulsar-web-49-17] INFO  org.apache.pulsar.broker.admin.v2.Namespaces - Failed to get policies for namespace public/default: org.apache.pulsar.broker.web.RestException: Namespace does not exist
2026-09-28T07:47:36,917+0000 [main] INFO  org.apache.pulsar.broker.PulsarService - messaging service is ready, bootstrap_seconds=3, bootstrap service port = 28086, broker url= pulsar://127.0.0.1:27665, broker tls url= pulsar+ssl://127.0.0.1:27666, cluster=standalone, configs=ServiceConfiguration(zookeeperServers=null, metadataStoreUrl=rocksdb:///pulsar/data/metadata, globalZookeeperServers=null, configurationStoreServers=null, configurationMetadataStoreUrl=rocksdb:///pulsar/data/metadata, brokerServicePort=Optional[27665], brokerServicePortTls=Optional[27666], webServicePort=Optional[28086], webServicePortTls=Optional.empty, webServiceTlsProvider=Conscrypt, webServiceTlsProtocols=[], webServiceTlsCiphers=[], bindAddress=0.0.0.0, advertisedAddress=127.0.0.1, advertisedListeners=null, internalListenerName=null, bindAddresses=null, haProxyProtocolEnabled=false, webServiceHaProxyProtocolEnabled=false, webServiceTrustXForwardedFor=false, webServiceLogDetailedAddresses=null, numAcceptorThreads=1, numIOThreads=48, numOrderedExecutorThreads=8, numHttpServerThreads=48, numExecutorThreadPoolSize=24, numCacheExecutorThreadPoolSize=10, enableBusyWait=false, maxConcurrentHttpRequests=1024, httpServerThreadPoolQueueSize=8192, httpServerAcceptQueueSize=8192, maxHttpServerConnections=2048, httpServerGzipCompressionExcludedPaths=[], delayedDeliveryEnabled=true, delayedDeliveryTrackerFactoryClassName=org.apache.pulsar.broker.delayed.InMemoryDelayedDeliveryTrackerFactory, delayedDeliveryTickTimeMillis=1000, isDelayedDeliveryDeliverAtTimeStrict=false, delayedDeliveryMinIndexCountPerBucket=50000, delayedDeliveryMaxTimeStepPerBucketSnapshotSegmentSeconds=300, delayedDeliveryMaxIndexesPerBucketSnapshotSegment=5000, delayedDeliveryMaxNumBuckets=-1, delayedDeliveryFixedDelayDetectionLookahead=50000, delayedDeliveryMaxDelayInMillis=0, acknowledgmentAtBatchIndexLevelEnabled=false, webSocketServiceEnabled=true, isRunningStandalone=true, clusterName=standalone, maxTenants=0, failureDomainsEnabled=false, metadataStoreSessionTimeoutMillis=30000, metadataStoreOperationTimeoutSeconds=30, metadataStoreCacheExpirySeconds=300, metadataStoreAllowReadOnlyOperations=false, zooKeeperSessionTimeoutMillis=-1, zooKeeperOperationTimeoutSeconds=-1, zooKeeperCacheExpirySeconds=-1, zooKeeperAllowReadOnlyOperations=false, brokerShutdownTimeoutMs=60000, skipBrokerShutdownOnOOM=false, topicLoadTimeoutSeconds=60, metadataStoreBatchingEnabled=true, metadataStoreBatchingMaxDelayMillis=5, metadataStoreBatchingMaxOperations=1000, metadataStoreBatchingMaxSizeKb=128, metadataStoreConfigPath=null, configurationStoreConfigPath=null, metadataSyncEventTopic=null, configurationMetadataSyncEventTopic=null, topicFactoryClassName=null, backlogQuotaCheckEnabled=true, topicNameCacheMaxCapacity=100000, maxSecondsToClearTopicNameCache=7200, preciseTimeBasedBacklogQuotaCheck=false, backlogQuotaCheckIntervalInSeconds=60, backlogQuotaDefaultLimitGB=10.0, backlogQuotaDefaultLimitBytes=-1, backlogQuotaDefaultLimitSecond=-1, backlogQuotaDefaultRetentionPolicy=producer_request_hold, ttlDurationDefaultInSeconds=0, additionalSystemCursorNames=[], brokerDeleteInactiveTopicsEnabled=true, brokerDeleteInactivePartitionedTopicMetadataEnabled=false, brokerDeleteInactiveTopicsFrequencySeconds=60, brokerDeleteInactiveTopicsMode=delete_when_no_subscriptions, brokerDeleteInactiveTopicsMaxInactiveDurationSeconds=60, forceDeleteTenantAllowed=false, forceDeleteNamespaceAllowed=false, maxPendingPublishRequestsPerConnection=1000, messageExpiryCheckIntervalInMinutes=5, activeConsumerFailoverDelayTimeMillis=1000, activeConsumerFailoverConsistentHashing=false, subscriptionBacklogScanMaxTimeMs=120000, subscriptionBacklogScanMaxEntries=10000, subscriptionExpirationTimeMinutes=0, subscriptionRedeliveryTrackerEnabled=true, subscriptionExpiryCheckIntervalInMinutes=5, subscriptionTypesEnabled=[Failover, Shared, Key_Shared, Exclusive], subscriptionKeySharedEnable=true, subscriptionKeySharedUseConsistentHashing=true, subscriptionKeySharedConsistentHashingReplicaPoints=100, brokerDeduplicationEnabled=false, brokerDeduplicationMaxNumberOfProducers=10000, brokerDeduplicationSnapshotFrequencyInSeconds=120, brokerDeduplicationSnapshotIntervalSeconds=120, brokerDeduplicationEntriesInterval=1000, brokerDeduplicationProducerInactivityTimeoutMinutes=360, defaultNumberOfNamespaceBundles=4, maxNamespacesPerTenant=0, maxTopicsPerNamespace=0, brokerMaxConnections=0, brokerMaxConnectionsPerIp=0, isAllowAutoUpdateSchemaEnabled=true, autoShrinkForConsumerPendingAcksMap=false, clientLibraryVersionCheckEnabled=false, statusFilePath=/usr/local/apache/htdocs, maxUnackedMessagesPerConsumer=50000, maxUnackedMessagesPerSubscription=200000, maxUnackedMessagesPerBroker=0, maxUnackedMessagesPerSubscriptionOnBrokerBlocked=0.16, maxConsumerMetadataSize=1024, unblockStuckSubscriptionEnabled=false, topicPublisherThrottlingTickTimeMillis=2, preciseTopicPublishRateLimiterEnable=false, brokerPublisherThrottlingTickTimeMillis=50, brokerPublisherThrottlingMaxMessageRate=0, brokerPublisherThrottlingMaxByteRate=0, dispatchRateLimiterFactoryClassName=org.apache.pulsar.broker.service.persistent.DispatchRateLimiterFactoryAsyncTokenBucket, dispatchThrottlingRateInMsg=0, dispatchThrottlingRateInByte=0, maxPublishRatePerTopicInMessages=0, maxPublishRatePerTopicInBytes=0, subscribeThrottlingRatePerConsumer=0, subscribeRatePeriodPerConsumerInSecond=30, dispatchThrottlingRatePerTopicInMsg=0, dispatchThrottlingRatePerTopicInByte=0, dispatchThrottlingOnBatchMessageEnabled=false, dispatchThrottlingRatePerSubscriptionInMsg=0, dispatchThrottlingRatePerSubscriptionInByte=0, dispatchThrottlingRatePerReplicatorInMsg=0, dispatchThrottlingRatePerReplicatorInByte=0, dispatchThrottlingRateRelativeToPublishRate=false, dispatchThrottlingOnNonBacklogConsumerEnabled=true, resourceUsageTransportClassName=, resourceUsageTransportPublishIntervalInSecs=60, enableBrokerSideSubscriptionPatternEvaluation=true, subscriptionPatternMaxLength=50, dispatcherMaxReadBatchSize=100, dispatcherDispatchMessagesInSubscriptionThread=true, dispatchThrottlingForFilteredEntriesEnabled=false, dispatcherMaxReadSizeBytes=5242880, dispatcherMinReadBatchSize=1, dispatcherReadFailureBackoffInitialTimeInMs=15000, dispatcherReadFailureBackoffMaxTimeInMs=60000, dispatcherReadFailureBackoffMandatoryStopTimeInMs=0, dispatcherEntryFilterRescheduledMessageDelay=1000, dispatcherMaxRoundRobinBatchSize=20, preciseDispatcherFlowControl=false, entryFilterNames=[], entryFiltersDirectory=, allowOverrideEntryFilters=false, maxConcurrentLookupRequest=50000, maxConcurrentTopicLoadRequest=5000, maxConcurrentNonPersistentMessagePerConnection=1000, numWorkerThreadsForNonPersistentTopic=8, topicOrderedExecutorThreadNum=8, enablePersistentTopics=true, enableNonPersistentTopics=true, enableRunBookieTogether=false, enableRunBookieAutoRecoveryTogether=false, maxProducersPerTopic=0, maxSameAddressProducersPerTopic=0, encryptionRequireOnProducer=false, maxConsumersPerTopic=0, maxSameAddressConsumersPerTopic=0, maxSubscriptionsPerTopic=0, maxConsumersPerSubscription=0, maxMessageSize=5242880, enableReplicatedSubscriptions=true, replicatedSubscriptionsSnapshotFrequencyMillis=1000, replicatedSubscriptionsSnapshotTimeoutSeconds=30, replicatedSubscriptionsSnapshotMaxCachedPerSubscription=10, replicationStartAt=latest, maxMessagePublishBufferSizeInMB=384, messagePublishBufferCheckIntervalInMillis=100, lazyCursorRecovery=false, retentionCheckIntervalInSeconds=120, maxNumPartitionsPerPartitionedTopic=0, brokerInterceptorsDirectory=./interceptors, brokerInterceptors=[], brokerEntryPayloadProcessors=[], zookeeperSessionExpiredPolicy=reconnect, topicFencingTimeoutSeconds=0, protocolHandlerDirectory=./protocols, useSeparateThreadPoolForProtocolHandlers=true, messagingProtocols=[], systemTopicEnabled=true, strictTopicNameEnabled=false, systemTopicSchemaCompatibilityStrategy=ALWAYS_COMPATIBLE, topicLevelPoliciesEnabled=true, brokerEntryMetadataInterceptors=[], exposingBrokerEntryMetadataToClientEnabled=false, enableNamespaceIsolationUpdateOnTime=false, strictBookieAffinityEnabled=false, tlsEnabled=false, tlsCertRefreshCheckDurationSec=300, tlsCertificateFilePath=/certs/server.crt, tlsKeyFilePath=/certs/server.key, tlsTrustCertsFilePath=/certs/ca.crt, tlsAllowInsecureConnection=false, tlsHostnameVerificationEnabled=false, tlsProtocols=[], tlsCiphers=[], tlsRequireTrustedClientCertOnConnect=true, authenticationEnabled=false, authenticationProviders=[], authenticationRefreshCheckSeconds=60, authorizationEnabled=false, authorizationProvider=org.apache.pulsar.broker.authorization.PulsarAuthorizationProvider, superUserRoles=[], proxyRoles=[], authenticateOriginalAuthData=false, authorizationAllowWildcardsMatching=false, anonymousUserRole=null, httpMaxRequestSize=-1, httpMaxRequestHeaderSize=8192, disableHttpDebugMethods=false, httpRequestsLimitEnabled=false, httpRequestsMaxPerSecond=100.0, httpRequestsFailOnUnknownPropertiesEnabled=false, saslJaasClientAllowedIds=.*pulsar.*, saslJaasServerSectionName=PulsarBroker, saslJaasServerRoleTokenSignerSecretPath=null, kinitCommand=/usr/bin/kinit, inflightSaslContextExpiryMs=30000, maxInflightSaslContext=50000, bookkeeperMetadataServiceUri=null, bookkeeperClientAuthenticationPlugin=null, bookkeeperClientAuthenticationParametersName=null, bookkeeperClientTimeoutInSeconds=30, bookkeeperClientSpeculativeReadTimeoutInMillis=0, bookkeeperNumberOfChannelsPerBookie=1, bookkeeperUseV2WireProtocol=true, bookkeeperClientHealthCheckEnabled=true, bookkeeperClientHealthCheckIntervalSeconds=60, bookkeeperClientHealthCheckErrorThresholdPerInterval=5, bookkeeperClientHealthCheckQuarantineTimeInSeconds=1800, bookkeeperClientQuarantineRatio=1.0, bookkeeperClientRackawarePolicyEnabled=true, bookkeeperClientRegionawarePolicyEnabled=false, bookkeeperClientMinNumRacksPerWriteQuorum=1, bookkeeperClientEnforceMinNumRacksPerWriteQuorum=false, bookkeeperClientReorderReadSequenceEnabled=false, bookkeeperClientIsolationGroups=null, bookkeeperClientSecondaryIsolationGroups=null, bookkeeperClientGetBookieInfoIntervalSeconds=86400, bookkeeperClientGetBookieInfoRetryIntervalSeconds=60, bookkeeperEnableStickyReads=true, bookkeeperTLSProviderFactoryClass=org.apache.bookkeeper.tls.TLSContextFactory, bookkeeperTLSClientAuthentication=false, bookkeeperTLSKeyFileType=PEM, bookkeeperTLSTrustCertTypes=PEM, bookkeeperTLSKeyStorePasswordPath=null, bookkeeperTLSTrustStorePasswordPath=null, bookkeeperTLSKeyFilePath=null, bookkeeperTLSCertificateFilePath=null, bookkeeperTLSTrustCertsFilePath=null, bookkeeperTlsCertFilesRefreshDurationSeconds=300, bookkeeperDiskWeightBasedPlacementEnabled=false, bookkeeperExplicitLacIntervalInMills=0, bookkeeperClientExposeStatsToPrometheus=false, bookkeeperClientLimitStatsLogging=true, bookkeeperClientThrottleValue=0, bookkeeperClientNumWorkerThreads=24, bookkeeperClientNumIoThreads=48, bookkeeperClientSeparatedIoThreadsEnabled=false, managedLedgerDefaultEnsembleSize=1, managedLedgerDefaultWriteQuorum=1, managedLedgerDefaultAckQuorum=1, managedLedgerCursorPositionFlushSeconds=60, managedLedgerStatsPeriodSeconds=60, managedLedgerDigestType=CRC32C, managedLedgerMaxEnsembleSize=5, managedLedgerMaxWriteQuorum=5, managedLedgerMaxAckQuorum=5, managedLedgerCacheSizeMB=153, managedLedgerCacheCopyEntries=false, managedLedgerMaxReadsInFlightSizeInMB=0, managedLedgerMaxReadsInFlightPermitsAcquireTimeoutMillis=60000, managedLedgerMaxReadsInFlightPermitsAcquireQueueSize=50000, managedLedgerCacheEvictionWatermark=0.9, managedLedgerCacheEvictionFrequency=100.0, managedLedgerCacheEvictionIntervalMs=10, managedLedgerCacheEvictionTimeThresholdMillis=1000, managedLedgerCursorBackloggedThreshold=1000, managedLedgerDefaultMarkDeleteRateLimit=0.1, allowAutoTopicCreation=true, allowAutoTopicCreationType=non-partitioned, strictlyVerifySubscriptionName=false, allowAutoSubscriptionCreation=true, defaultNumPartitions=1, managedLedgerStorageClassName=org.apache.pulsar.broker.ManagedLedgerClientFactory, managedLedgerNumSchedulerThreads=4, managedLedgerMaxEntriesPerLedger=50000, managedLedgerMinLedgerRolloverTimeMinutes=10, managedLedgerMaxLedgerRolloverTimeMinutes=240, managedLedgerMaxSizePerLedgerMbytes=2048, managedLedgerOffloadDeletionLagMs=14400000, managedLedgerOffloadAutoTriggerSizeThresholdBytes=-1, managedLedgerOffloadThresholdInSeconds=-1, triggerOffloadOnTopicLoad=false, managedLedgerCursorMaxEntriesPerLedger=50000, managedLedgerCursorRolloverTimeInSeconds=14400, managedLedgerCursorResetLedgerCloseTimestampMaxClockSkewMillis=60000, managedLedgerMaxUnackedRangesToPersist=10000, managedLedgerMaxBatchDeletedIndexToPersist=10000, managedLedgerPersistIndividualAckAsLongArray=false, persistentUnackedRangesWithMultipleEntriesEnabled=false, managedLedgerMaxUnackedRangesToPersistInZooKeeper=-1, managedLedgerMaxUnackedRangesToPersistInMetadataStore=1000, managedLedgerUnackedRangesOpenCacheSetEnabled=true, dispatcherPauseOnAckStatePersistentEnabled=false, autoSkipNonRecoverableData=false, managedLedgerMetadataOperationsTimeoutSeconds=60, managedLedgerReadEntryTimeoutSeconds=0, managedLedgerAddEntryTimeoutSeconds=0, managedLedgerPrometheusStatsLatencyRolloverSeconds=60, managedLedgerTraceTaskExecution=true, managedLedgerNewEntriesCheckDelayInMillis=10, managedLedgerDataReadPriority=tiered-storage-first, managedLedgerInfoCompressionType=NONE, managedLedgerInfoCompressionThresholdInBytes=16384, managedCursorInfoCompressionType=NONE, managedCursorInfoCompressionThresholdInBytes=16384, managedLedgerMinimumBacklogCursorsForCaching=0, managedLedgerMinimumBacklogEntriesForCaching=1000, managedLedgerMaxBacklogBetweenCursorsForCaching=1000, loadBalancerEnabled=false, loadBalancerPlacementStrategy=leastLoadedServer, loadBalancerLoadSheddingStrategy=org.apache.pulsar.broker.loadbalance.impl.ThresholdShedder, lowerBoundarySheddingEnabled=false, loadBalancerLoadPlacementStrategy=org.apache.pulsar.broker.loadbalance.impl.LeastLongTermMessageRate, loadBalancerReportUpdateThresholdPercentage=10, loadBalancerReportUpdateMinIntervalMillis=5000, loadBalancerReportUpdateMaxIntervalMinutes=15, loadBalancerHostUsageCheckIntervalMinutes=1, loadBalancerSheddingEnabled=true, loadBalancerSheddingIntervalMinutes=1, loadBalancerDistributeBundlesEvenlyEnabled=true, loadBalancerSheddingGracePeriodMinutes=30, loadBalancerBrokerUnderloadedThresholdPercentage=50, loadBalancerBrokerMaxTopics=50000, loadBalancerBrokerOverloadedThresholdPercentage=85, loadBalancerBrokerThresholdShedderPercentage=10, loadBalancerAverageResourceUsageDifferenceThresholdPercentage=10, flowOrQpsDifferenceThresholdPercentage=10, loadBalancerAvgShedderLowThreshold=15, loadBalancerAvgShedderHighThreshold=40, loadBalancerAvgShedderHitCountLowThreshold=8, loadBalancerAvgShedderHitCountHighThreshold=2, minUnloadMessage=1000, minUnloadMessageThroughput=1048576, maxUnloadPercentage=0.2, loadBalancerMsgRateDifferenceShedderThreshold=50.0, loadBalancerMsgThroughputMultiplierDifferenceShedderThreshold=4.0, maxUnloadBundleNumPerShedding=-1, loadBalancerHistoryResourcePercentage=0.9, loadBalancerBandwithInResourceWeight=1.0, loadBalancerBandwithOutResourceWeight=1.0, loadBalancerCPUResourceWeight=1.0, loadBalancerMemoryResourceWeight=1.0, loadBalancerDirectMemoryResourceWeight=0.0, loadBalancerBundleUnloadMinThroughputThreshold=10.0, loadBalancerResourceQuotaUpdateIntervalMinutes=15, loadBalancerBrokerComfortLoadLevelPercentage=65, loadBalancerAutoBundleSplitEnabled=true, loadBalancerAutoUnloadSplitBundlesEnabled=true, loadBalancerNamespaceBundleMaxTopics=1000, loadBalancerNamespaceBundleMaxSessions=1000, loadBalancerNamespaceBundleMaxMsgRate=30000, loadBalancerNamespaceBundleMaxBandwidthMbytes=100, loadBalancerNamespaceMaximumBundles=128, loadManagerClassName=org.apache.pulsar.broker.loadbalance.NoopLoadManager, topicBundleAssignmentStrategy=org.apache.pulsar.common.naming.ConsistentHashingTopicBundleAssigner, supportedNamespaceBundleSplitAlgorithms=[range_equally_divide, topic_count_equally_divide, specified_positions_divide, flow_or_qps_equally_divide], defaultNamespaceBundleSplitAlgorithm=range_equally_divide, loadBalancerOverrideBrokerNicSpeedGbps=Optional.empty, namespaceBundleUnloadingTimeoutMs=60000, loadBalancerDebugModeEnabled=false, loadBalancerBrokerLoadTargetStd=0.25, loadBalancerSheddingConditionHitCountThreshold=3, loadBalancerTransferEnabled=true, loadBalancerMaxNumberOfBrokerSheddingPerCycle=3, loadBalanceSheddingDelayInSeconds=180, loadBalancerBrokerLoadDataTTLInSeconds=1800, loadBalancerMaxNumberOfBundlesInBundleLoadReport=10, loadBalancerSplitIntervalMinutes=1, loadBalancerMaxNumberOfBundlesToSplitPerCycle=10, loadBalancerNamespaceBundleSplitConditionHitCountThreshold=3, loadBalancerServiceUnitStateTombstoneDelayTimeInSeconds=3600, loadBalancerSheddingBundlesWithPoliciesEnabled=false, loadBalancerInFlightServiceUnitStateWaitingTimeInMillis=30000, loadBalancerServiceUnitStateMonitorIntervalInSeconds=60, loadBalancerMultiPhaseBundleUnload=true, loadBalancerServiceUnitStateMaxConcurrentOverrides=64, replicationMetricsEnabled=true, replicationConnectionsPerBroker=16, replicatorPrefix=pulsar.repl, replicationProducerQueueSize=1000, replicationPolicyCheckDurationSeconds=600, createTopicToRemoteClusterForReplication=true, replicationTlsEnabled=false, defaultRetentionTimeInMinutes=0, defaultRetentionSizeInMB=0, keepAliveIntervalSeconds=30, connectionLivenessCheckTimeoutMillis=5000, brokerServicePurgeInactiveFrequencyInSeconds=60, bootstrapNamespaces=[], preferLaterVersions=false, brokerServiceCompactionMonitorIntervalInSeconds=60, brokerServiceCompactionThresholdInBytes=0, brokerServiceCompactionPhaseOneLoopTimeInSeconds=30, topicCompactionRetainNullKey=false, clusterMigrationCheckDurationSeconds=0, clusterMigrationAutoResourceCreation=false, isSchemaValidationEnforced=false, schemaRegistryStorageClassName=org.apache.pulsar.broker.service.schema.BookkeeperSchemaStorageFactory, schemaRegistryCompatibilityCheckers=[org.apache.pulsar.broker.service.schema.JsonSchemaCompatibilityCheck, org.apache.pulsar.broker.service.schema.AvroSchemaCompatibilityCheck, org.apache.pulsar.broker.service.schema.ProtobufNativeSchemaCompatibilityCheck], schemaCompatibilityStrategy=FULL, webSocketNumIoThreads=8, webSocketNumServiceThreads=20, webSocketConnectionsPerBroker=8, webSocketPulsarClientMemoryLimitInMB=0, webSocketSessionIdleTimeoutMillis=300000, webSocketPingDurationSeconds=-1, webSocketMaxTextFrameSize=1048576, authenticateMetricsEndpoint=false, exposeTopicLevelMetricsInPrometheus=true, metricsBufferResponse=false, exposeConsumerLevelMetricsInPrometheus=false, exposeProducerLevelMetricsInPrometheus=false, exposeManagedLedgerMetricsInPrometheus=true, exposeManagedCursorMetricsInPrometheus=false, jvmGCMetricsLoggerClassName=null, exposePreciseBacklogInPrometheus=false, metricsServletTimeoutMs=30000, exposeSubscriptionBacklogSizeInPrometheus=false, splitTopicAndPartitionLabelInPrometheus=false, exposeBundlesMetricsInPrometheus=false, functionsWorkerEnabled=false, functionsWorkerServiceNarPackage=, functionsWorkerEnablePackageManagement=false, exposePublisherStats=true, statsUpdateFrequencyInSecs=60, statsUpdateInitialDelayInSecs=60, aggregatePublisherStatsByProducerName=false, offloadersDirectory=./offloaders, managedLedgerOffloadDriver=null, managedLedgerOffloadMaxThreads=2, managedLedgerOffloadReadThreads=2, narExtractionDirectory=/tmp, managedLedgerOffloadPrefetchRounds=1, managedLedgerInactiveLedgerRolloverTimeSeconds=0, managedLedgerInactiveOffloadedLedgerEvictionTimeSeconds=600, cacheEvictionByMarkDeletedPosition=false, transactionCoordinatorEnabled=false, transactionMetadataStoreProviderClassName=org.apache.pulsar.transaction.coordinator.impl.MLTransactionMetadataStoreProvider, transactionBufferProviderClassName=org.apache.pulsar.broker.transaction.buffer.impl.TopicTransactionBufferProvider, transactionPendingAckStoreProviderClassName=org.apache.pulsar.broker.transaction.pendingack.impl.MLPendingAckStoreProvider, numTransactionReplayThreadPoolSize=24, transactionBufferSnapshotMaxTransactionCount=1000, transactionBufferSnapshotMinTimeInMillis=5000, transactionBufferSnapshotSegmentSize=262144, transactionBufferSegmentedSnapshotEnabled=false, transactionBufferClientMaxConcurrentRequests=1000, transactionBufferClientOperationTimeoutInMills=3000, maxActiveTransactionsPerCoordinator=0, transactionPendingAckLogIndexMinLag=500, transactionLogBatchedWriteEnabled=false, transactionLogBatchedWriteMaxRecords=512, transactionLogBatchedWriteMaxSize=4194304, transactionLogBatchedWriteMaxDelayInMillis=1, transactionPendingAckBatchedWriteEnabled=false, transactionPendingAckBatchedWriteMaxRecords=512, transactionPendingAckBatchedWriteMaxSize=4194304, transactionPendingAckBatchedWriteMaxDelayInMillis=1, compactionServiceFactoryClassName=org.apache.pulsar.compaction.PulsarCompactionServiceFactory, allowAclChangesOnNonExistentTopics=false, tlsEnabledWithKeyStore=false, tlsProvider=null, tlsKeyStoreType=JKS, tlsKeyStore=null, tlsTrustStoreType=JKS, tlsTrustStore=null, brokerClientAuthenticationPlugin=org.apache.pulsar.client.impl.auth.AuthenticationDisabled, brokerClientTlsEnabled=false, brokerClientTlsEnabledWithKeyStore=false, brokerClientSslProvider=null, brokerClientTrustCertsFilePath=, brokerClientKeyFilePath=, brokerClientCertificateFilePath=, brokerClientTlsTrustStoreType=JKS, brokerClientTlsTrustStore=null, brokerClientTlsKeyStoreType=JKS, brokerClientTlsKeyStore=null, brokerClientTlsCiphers=[], brokerClientTlsProtocols=[], enablePackagesManagement=false, packagesManagementStorageProvider=org.apache.pulsar.packages.management.storage.bookkeeper.BookKeeperPackagesStorageProvider, packagesReplicas=1, packagesManagementLedgerRootPath=/ledgers, additionalServletDirectory=./brokerAdditionalServlet, additionalServlets=[])
2026-09-28T07:47:36,939+0000 [pulsar-web-49-17] INFO  org.eclipse.jetty.server.RequestLog - 127.0.0.1 - - [28/Sep/2026:07:47:36 +0000] "GET /admin/v2/namespaces/public/default HTTP/1.1" 404 37 "-" "curl/8.5.0" 174
2026-09-28T07:47:37,196+0000 [main] INFO  org.apache.pulsar.broker.PulsarService - created admin with url http://127.0.0.1:28086 
2026-09-28T07:47:37,365+0000 [pulsar-web-49-11] INFO  org.eclipse.jetty.server.RequestLog - 127.0.0.1 - - [28/Sep/2026:07:47:37 +0000] "GET /admin/v2/clusters HTTP/1.1" 200 2 "-" "Pulsar-Java-v3.3.9" 10
2026-09-28T07:47:37,419+0000 [pulsar-web-49-16] INFO  org.apache.pulsar.broker.admin.impl.ClustersBase - [null] Created cluster standalone
2026-09-28T07:47:37,422+0000 [pulsar-web-49-16] INFO  org.eclipse.jetty.server.RequestLog - 127.0.0.1 - - [28/Sep/2026:07:47:37 +0000] "PUT /admin/v2/clusters/standalone HTTP/1.1" 200 0 "-" "Pulsar-Java-v3.3.9" 22
2026-09-28T07:47:37,432+0000 [pulsar-web-49-20] INFO  org.eclipse.jetty.server.RequestLog - 127.0.0.1 - - [28/Sep/2026:07:47:37 +0000] "GET /admin/v2/tenants HTTP/1.1" 200 2 "-" "Pulsar-Java-v3.3.9" 7
2026-09-28T07:47:37,450+0000 [pulsar-web-49-16] INFO  org.apache.pulsar.broker.admin.impl.TenantsBase - [null] Created tenant public
2026-09-28T07:47:37,451+0000 [pulsar-web-49-16] INFO  org.eclipse.jetty.server.RequestLog - 127.0.0.1 - - [28/Sep/2026:07:47:37 +0000] "PUT /admin/v2/tenants/public HTTP/1.1" 204 0 "-" "Pulsar-Java-v3.3.9" 13
2026-09-28T07:47:37,466+0000 [pulsar-web-49-20] INFO  org.eclipse.jetty.server.RequestLog - 127.0.0.1 - - [28/Sep/2026:07:47:37 +0000] "GET /admin/v2/namespaces/public HTTP/1.1" 200 2 "-" "Pulsar-Java-v3.3.9" 11
2026-09-28T07:47:37,509+0000 [pulsar-web-49-16] INFO  org.apache.pulsar.broker.admin.impl.NamespacesBase - [null] Created namespace public/default
2026-09-28T07:47:37,509+0000 [metadata-store-1-1] INFO  org.apache.pulsar.broker.resourcegroup.ResourceGroupNamespaceConfigListener - Metadata store notification: Path /admin/policies/public/default, Type Created
2026-09-28T07:47:37,511+0000 [pulsar-web-49-16] INFO  org.eclipse.jetty.server.RequestLog - 127.0.0.1 - - [28/Sep/2026:07:47:37 +0000] "PUT /admin/v2/namespaces/public/default HTTP/1.1" 204 0 "-" "Pulsar-Java-v3.3.9" 32
2026-09-28T07:47:37,519+0000 [pulsar-web-49-20] INFO  org.eclipse.jetty.server.RequestLog - 127.0.0.1 - - [28/Sep/2026:07:47:37 +0000] "GET /admin/v2/clusters HTTP/1.1" 200 14 "-" "Pulsar-Java-v3.3.9" 6
2026-09-28T07:47:37,523+0000 [pulsar-web-49-16] INFO  org.eclipse.jetty.server.RequestLog - 127.0.0.1 - - [28/Sep/2026:07:47:37 +0000] "GET /admin/v2/tenants HTTP/1.1" 200 10 "-" "Pulsar-Java-v3.3.9" 2
2026-09-28T07:47:37,534+0000 [pulsar-web-49-20] INFO  org.apache.pulsar.broker.admin.impl.TenantsBase - [null] Created tenant pulsar
2026-09-28T07:47:37,535+0000 [pulsar-web-49-20] INFO  org.eclipse.jetty.server.RequestLog - 127.0.0.1 - - [28/Sep/2026:07:47:37 +0000] "PUT /admin/v2/tenants/pulsar HTTP/1.1" 204 0 "-" "Pulsar-Java-v3.3.9" 9
2026-09-28T07:47:37,540+0000 [pulsar-web-49-16] INFO  org.eclipse.jetty.server.RequestLog - 127.0.0.1 - - [28/Sep/2026:07:47:37 +0000] "GET /admin/v2/namespaces/pulsar HTTP/1.1" 200 2 "-" "Pulsar-Java-v3.3.9" 3
2026-09-28T07:47:37,549+0000 [metadata-store-1-1] INFO  org.apache.pulsar.broker.resourcegroup.ResourceGroupNamespaceConfigListener - Metadata store notification: Path /admin/policies/pulsar/system, Type Created
2026-09-28T07:47:37,550+0000 [pulsar-web-49-20] INFO  org.apache.pulsar.broker.admin.impl.NamespacesBase - [null] Created namespace pulsar/system
2026-09-28T07:47:37,550+0000 [pulsar-web-49-20] INFO  org.eclipse.jetty.server.RequestLog - 127.0.0.1 - - [28/Sep/2026:07:47:37 +0000] "PUT /admin/v2/namespaces/pulsar/system HTTP/1.1" 204 0 "-" "Pulsar-Java-v3.3.9" 7
2026-09-28T07:47:37,938+0000 [pulsar-web-49-9] INFO  org.eclipse.jetty.server.RequestLog - 127.0.0.1 - - [28/Sep/2026:07:47:37 +0000] "GET /admin/v2/namespaces/public/default HTTP/1.1" 200 782 "-" "curl/8.5.0" 8
2026-09-28T07:47:49,208+0000 [pulsar-io-18-1] INFO  org.apache.pulsar.broker.service.ServerCnx - Closed connection from /127.0.0.1:57768
2026-09-28T07:47:49,264+0000 [pulsar-io-18-2] INFO  org.apache.pulsar.broker.service.ServerCnx - [/127.0.0.1:57780] connected with clientVersion=moonpulsar 0.1.0, clientProtocolVersion=21, proxyVersion=null
2026-09-28T07:47:49,311+0000 [metadata-store-1-1] INFO  org.apache.pulsar.common.naming.NamespaceBundleFactory - Policy updated for namespace Optional[public/default], refreshing the bundle cache.
2026-09-28T07:47:49,333+0000 [pulsar-17-8] INFO  org.apache.pulsar.broker.namespace.OwnershipCache - Trying to acquire ownership of public/default/0x80000000_0xc0000000
2026-09-28T07:47:49,339+0000 [pulsar-17-8] INFO  org.apache.pulsar.metadata.coordination.impl.ResourceLockImpl - Acquired resource lock on /namespace/public/default/0x80000000_0xc0000000
2026-09-28T07:47:49,339+0000 [pulsar-17-8] INFO  org.apache.pulsar.broker.namespace.OwnershipCache - Successfully acquired ownership of OwnedBundle(bundle=public/default/0x80000000_0xc0000000, isActive=1)
2026-09-28T07:47:49,424+0000 [pulsar-17-8] INFO  org.apache.pulsar.broker.systopic.NamespaceEventsSystemTopicFactory - Create topic policies system topic client persistent://public/default/__change_events
2026-09-28T07:47:49,554+0000 [pulsar-17-1] INFO  org.apache.pulsar.broker.PulsarService - Loading all topics on bundle: public/default/0x80000000_0xc0000000
2026-09-28T07:47:49,564+0000 [pulsar-io-18-4] INFO  org.apache.pulsar.client.impl.ConnectionPool - [[id: 0x8b7c821f, L:/127.0.0.1:33958 - R:127.0.0.1/127.0.0.1:27665]] Connected to server
2026-09-28T07:47:49,568+0000 [pulsar-io-18-5] INFO  org.apache.pulsar.broker.service.ServerCnx - [/127.0.0.1:33958] connected with clientVersion=Pulsar-Java-v3.3.9, clientProtocolVersion=21, proxyVersion=null
2026-09-28T07:47:49,568+0000 [pulsar-io-18-2] INFO  org.apache.pulsar.broker.service.ServerCnx - [[id: 0xd025ecdf, L:/127.0.0.1:27666 - R:/127.0.0.1:57780] [SR:127.0.0.1, state:Connected]] Subscribing on topic persistent://public/default/moonpulsar-native-interop-3.3.9-1790581636996 / probe. consumerId: 3
2026-09-28T07:47:49,620+0000 [pulsar-17-12] INFO  org.apache.pulsar.broker.namespace.OwnershipCache - Trying to acquire ownership of public/default/0xc0000000_0xffffffff
2026-09-28T07:47:49,626+0000 [pulsar-17-12] INFO  org.apache.pulsar.metadata.coordination.impl.ResourceLockImpl - Acquired resource lock on /namespace/public/default/0xc0000000_0xffffffff
2026-09-28T07:47:49,626+0000 [pulsar-17-12] INFO  org.apache.pulsar.broker.namespace.OwnershipCache - Successfully acquired ownership of OwnedBundle(bundle=public/default/0xc0000000_0xffffffff, isActive=1)
2026-09-28T07:47:49,626+0000 [pulsar-17-13] INFO  org.apache.pulsar.broker.PulsarService - Loading all topics on bundle: public/default/0xc0000000_0xffffffff
2026-09-28T07:47:49,628+0000 [pulsar-io-18-4] INFO  org.apache.pulsar.client.impl.ConsumerImpl - [persistent://public/default/__change_events][__system_reader-reader-2e9ecfead7] Subscribing to topic on cnx [id: 0x8b7c821f, L:/127.0.0.1:33958 - R:127.0.0.1/127.0.0.1:27665], consumerId 0
2026-09-28T07:47:49,637+0000 [pulsar-io-18-5] INFO  org.apache.pulsar.broker.service.ServerCnx - [[id: 0xd9ec2249, L:/127.0.0.1:27665 - R:/127.0.0.1:33958] [SR:127.0.0.1, state:Connected]] Subscribing on topic persistent://public/default/__change_events / __system_reader-reader-2e9ecfead7. consumerId: 0
2026-09-28T07:47:49,687+0000 [pulsar-io-18-5] INFO  org.apache.bookkeeper.mledger.impl.ManagedLedgerImpl - Opening managed ledger public/default/persistent/__change_events
2026-09-28T07:47:49,689+0000 [bookkeeper-ml-scheduler-OrderedScheduler-2-0] INFO  org.apache.bookkeeper.mledger.impl.MetaStoreImpl - Creating '/managed-ledgers/public/default/persistent/__change_events'
2026-09-28T07:47:49,726+0000 [bookkeeper-ml-scheduler-OrderedScheduler-2-0] INFO  org.apache.pulsar.metadata.impl.AbstractMetadataStore - Deleting path: /ledgers/idgen/ID-1 (v. Optional.empty)
2026-09-28T07:47:49,730+0000 [bookkeeper-ml-scheduler-OrderedScheduler-2-0] INFO  org.apache.pulsar.metadata.impl.AbstractMetadataStore - Deleted path: /ledgers/idgen/ID-1 (v. Optional.empty)
2026-09-28T07:47:49,761+0000 [bookkeeper-ml-scheduler-OrderedScheduler-2-0] INFO  org.apache.bookkeeper.client.LedgerCreateOp - Ensemble: [127.0.0.1:35873] for ledger: 1
2026-09-28T07:47:49,764+0000 [BookKeeperClientWorker-OrderedExecutor-2-0] INFO  org.apache.bookkeeper.mledger.impl.ManagedLedgerImpl - [public/default/persistent/__change_events] Created ledger 1 after closed null
2026-09-28T07:47:49,777+0000 [bookkeeper-ml-scheduler-OrderedScheduler-2-0] INFO  org.apache.bookkeeper.mledger.impl.ManagedLedgerFactoryImpl - [public/default/persistent/__change_events] Successfully initialize managed ledger
2026-09-28T07:47:49,846+0000 [broker-topic-workers-OrderedExecutor-6-0] INFO  org.apache.bookkeeper.mledger.impl.ManagedCursorImpl - [public/default/persistent/__change_events] Cursor __compaction recovered to position 1:-1
2026-09-28T07:47:49,866+0000 [bookkeeper-ml-scheduler-OrderedScheduler-2-0] INFO  org.apache.bookkeeper.mledger.impl.ManagedLedgerImpl - [public/default/persistent/__change_events] Opened new cursor: ManagedCursorImpl{ledger=public/default/persistent/__change_events, name=__compaction, ackPos=1:-1, readPos=1:0}
2026-09-28T07:47:49,873+0000 [bookkeeper-ml-scheduler-OrderedScheduler-2-0] INFO  org.apache.pulsar.broker.service.BrokerService - Created topic persistent://public/default/__change_events - dedup is disabled
2026-09-28T07:47:49,906+0000 [bookkeeper-ml-scheduler-OrderedScheduler-2-0] INFO  org.apache.pulsar.metadata.impl.AbstractMetadataStore - Deleting path: /ledgers/idgen/ID-2 (v. Optional.empty)
2026-09-28T07:47:49,910+0000 [bookkeeper-ml-scheduler-OrderedScheduler-2-0] INFO  org.apache.pulsar.metadata.impl.AbstractMetadataStore - Deleted path: /ledgers/idgen/ID-2 (v. Optional.empty)
2026-09-28T07:47:49,914+0000 [bookkeeper-ml-scheduler-OrderedScheduler-2-0] INFO  org.apache.bookkeeper.client.LedgerCreateOp - Ensemble: [127.0.0.1:35873] for ledger: 2
2026-09-28T07:47:49,946+0000 [pulsar-io-18-9] INFO  org.apache.bookkeeper.proto.PerChannelBookieClient - Successfully connected to bookie: 127.0.0.1:35873 [id: 0x9db46998, L:/127.0.0.1:43546 - R:127.0.0.1/127.0.0.1:35873]
2026-09-28T07:47:49,951+0000 [bookie-io-10-1] INFO  org.apache.bookkeeper.proto.AuthHandler - Authentication success on server side
2026-09-28T07:47:49,952+0000 [bookie-io-10-1] INFO  org.apache.bookkeeper.proto.BookieRequestHandler - Channel connected [id: 0xd7cbd57e, L:/127.0.0.1:35873 - R:/127.0.0.1:43546]
2026-09-28T07:47:49,955+0000 [pulsar-io-18-9] INFO  org.apache.bookkeeper.proto.PerChannelBookieClient - connection [id: 0x9db46998, L:/127.0.0.1:43546 - R:127.0.0.1/127.0.0.1:35873] authenticated as BookKeeperPrincipal{ANONYMOUS}
2026-09-28T07:47:50,003+0000 [BookKeeperClientWorker-OrderedExecutor-1-0] INFO  org.apache.pulsar.broker.service.persistent.PersistentTopic - [persistent://public/default/__change_events][__system_reader-reader-2e9ecfead7] Creating non-durable subscription at msg id -1:-1:-1:-1 - {}
2026-09-28T07:47:50,005+0000 [BookKeeperClientWorker-OrderedExecutor-1-0] INFO  org.apache.bookkeeper.mledger.impl.NonDurableCursorImpl - [public/default/persistent/__change_events] Created non-durable cursor read-position=1:0 mark-delete-position=1:-1
2026-09-28T07:47:50,005+0000 [BookKeeperClientWorker-OrderedExecutor-1-0] INFO  org.apache.bookkeeper.mledger.impl.ManagedLedgerImpl - [public/default/persistent/__change_events] Opened new cursor: NonDurableCursorImpl{ledger=public/default/persistent/__change_events, cursor=__system_reader-reader-2e9ecfead7, ackPos=1:-1, readPos=1:0}
2026-09-28T07:47:50,020+0000 [BookKeeperClientWorker-OrderedExecutor-1-0] INFO  org.apache.bookkeeper.mledger.impl.ManagedCursorImpl - [public/default/persistent/__change_events-__system_reader-reader-2e9ecfead7] Rewind from 1:0 to 1:0
2026-09-28T07:47:50,022+0000 [BookKeeperClientWorker-OrderedExecutor-1-0] INFO  org.apache.pulsar.broker.service.persistent.PersistentSubscription - backlog for persistent://public/default/__change_events - 0
2026-09-28T07:47:50,023+0000 [BookKeeperClientWorker-OrderedExecutor-1-0] INFO  org.apache.pulsar.broker.service.ServerCnx - [/127.0.0.1:33958] Created subscription on topic persistent://public/default/__change_events / __system_reader-reader-2e9ecfead7
2026-09-28T07:47:50,025+0000 [pulsar-io-18-4] INFO  org.apache.pulsar.client.impl.ConsumerImpl - [persistent://public/default/__change_events][__system_reader-reader-2e9ecfead7] Subscribed to topic on 127.0.0.1/127.0.0.1:27665 -- consumer: 0
2026-09-28T07:47:50,043+0000 [bookkeeper-ml-scheduler-OrderedScheduler-0-0] INFO  org.apache.bookkeeper.mledger.impl.ManagedLedgerImpl - Opening managed ledger public/default/persistent/moonpulsar-native-interop-3.3.9-1790581636996
2026-09-28T07:47:50,044+0000 [bookkeeper-ml-scheduler-OrderedScheduler-0-0] INFO  org.apache.bookkeeper.mledger.impl.MetaStoreImpl - Creating '/managed-ledgers/public/default/persistent/moonpulsar-native-interop-3.3.9-1790581636996'
2026-09-28T07:47:50,051+0000 [bookkeeper-ml-scheduler-OrderedScheduler-0-0] INFO  org.apache.pulsar.metadata.impl.AbstractMetadataStore - Deleting path: /ledgers/idgen/ID-3 (v. Optional.empty)
2026-09-28T07:47:50,055+0000 [bookkeeper-ml-scheduler-OrderedScheduler-0-0] INFO  org.apache.pulsar.metadata.impl.AbstractMetadataStore - Deleted path: /ledgers/idgen/ID-3 (v. Optional.empty)
2026-09-28T07:47:50,060+0000 [bookkeeper-ml-scheduler-OrderedScheduler-0-0] INFO  org.apache.bookkeeper.client.LedgerCreateOp - Ensemble: [127.0.0.1:35873] for ledger: 3
2026-09-28T07:47:50,060+0000 [BookKeeperClientWorker-OrderedExecutor-12-0] INFO  org.apache.bookkeeper.mledger.impl.ManagedLedgerImpl - [public/default/persistent/moonpulsar-native-interop-3.3.9-1790581636996] Created ledger 3 after closed null
2026-09-28T07:47:50,066+0000 [bookkeeper-ml-scheduler-OrderedScheduler-0-0] INFO  org.apache.bookkeeper.mledger.impl.ManagedLedgerFactoryImpl - [public/default/persistent/moonpulsar-native-interop-3.3.9-1790581636996] Successfully initialize managed ledger
2026-09-28T07:47:50,067+0000 [broker-topic-workers-OrderedExecutor-7-0] INFO  org.apache.pulsar.broker.service.BrokerService - Created topic persistent://public/default/moonpulsar-native-interop-3.3.9-1790581636996 - dedup is disabled
2026-09-28T07:47:50,068+0000 [broker-topic-workers-OrderedExecutor-7-0] INFO  org.apache.bookkeeper.mledger.impl.ManagedCursorImpl - [public/default/persistent/moonpulsar-native-interop-3.3.9-1790581636996] Cursor probe recovered to position 3:-1
2026-09-28T07:47:50,072+0000 [bookkeeper-ml-scheduler-OrderedScheduler-0-0] INFO  org.apache.bookkeeper.mledger.impl.ManagedLedgerImpl - [public/default/persistent/moonpulsar-native-interop-3.3.9-1790581636996] Opened new cursor: ManagedCursorImpl{ledger=public/default/persistent/moonpulsar-native-interop-3.3.9-1790581636996, name=probe, ackPos=3:-1, readPos=3:0}
2026-09-28T07:47:50,073+0000 [bookkeeper-ml-scheduler-OrderedScheduler-0-0] INFO  org.apache.bookkeeper.mledger.impl.ManagedCursorImpl - [public/default/persistent/moonpulsar-native-interop-3.3.9-1790581636996-probe] Rewind from 3:0 to 3:0
2026-09-28T07:47:50,073+0000 [bookkeeper-ml-scheduler-OrderedScheduler-0-0] INFO  org.apache.pulsar.broker.service.persistent.PersistentSubscription - backlog for persistent://public/default/moonpulsar-native-interop-3.3.9-1790581636996 - 0
2026-09-28T07:47:50,073+0000 [bookkeeper-ml-scheduler-OrderedScheduler-0-0] INFO  org.apache.pulsar.broker.service.ServerCnx - [/127.0.0.1:57780] Created subscription on topic persistent://public/default/moonpulsar-native-interop-3.3.9-1790581636996 / probe
2026-09-28T07:47:50,108+0000 [pulsar-io-18-2] INFO  org.apache.pulsar.broker.service.ServerCnx - [/127.0.0.1:57780] Created new producer: Producer{topic=PersistentTopic{topic=persistent://public/default/moonpulsar-native-interop-3.3.9-1790581636996}, client=[id: 0xd025ecdf, L:/127.0.0.1:27666 - R:/127.0.0.1:57780] [SR:127.0.0.1, state:Connected], producerName=standalone-0-0, producerId=7}
2026-09-28T07:47:50,127+0000 [pulsar-io-18-11] INFO  org.apache.bookkeeper.proto.PerChannelBookieClient - Successfully connected to bookie: 127.0.0.1:35873 [id: 0x22799d60, L:/127.0.0.1:43556 - R:127.0.0.1/127.0.0.1:35873]
2026-09-28T07:47:50,128+0000 [pulsar-io-18-11] INFO  org.apache.bookkeeper.proto.PerChannelBookieClient - connection [id: 0x22799d60, L:/127.0.0.1:43556 - R:127.0.0.1/127.0.0.1:35873] authenticated as BookKeeperPrincipal{ANONYMOUS}
2026-09-28T07:47:50,129+0000 [bookie-io-10-2] INFO  org.apache.bookkeeper.proto.AuthHandler - Authentication success on server side
2026-09-28T07:47:50,129+0000 [bookie-io-10-2] INFO  org.apache.bookkeeper.proto.BookieRequestHandler - Channel connected [id: 0x529c5bfb, L:/127.0.0.1:35873 - R:/127.0.0.1:43556]
2026-09-28T07:47:50,196+0000 [pulsar-io-18-2] INFO  org.apache.pulsar.metadata.impl.AbstractMetadataStore - Deleting path: /ledgers/idgen/ID-4 (v. Optional.empty)
2026-09-28T07:47:50,200+0000 [pulsar-io-18-2] INFO  org.apache.pulsar.metadata.impl.AbstractMetadataStore - Deleted path: /ledgers/idgen/ID-4 (v. Optional.empty)
2026-09-28T07:47:50,205+0000 [pulsar-io-18-2] INFO  org.apache.bookkeeper.client.LedgerCreateOp - Ensemble: [127.0.0.1:35873] for ledger: 4
2026-09-28T07:47:50,214+0000 [pulsar-io-18-2] INFO  org.apache.pulsar.broker.service.ServerCnx - [/127.0.0.1:57780] Closing consumer: consumerId=3
2026-09-28T07:47:50,215+0000 [pulsar-io-18-2] INFO  org.apache.pulsar.broker.service.AbstractDispatcherSingleActiveConsumer - Removing consumer Consumer{subscription=PersistentSubscription{topic=persistent://public/default/moonpulsar-native-interop-3.3.9-1790581636996, name=probe}, consumerId=3, consumerName=, address=[id: 0xd025ecdf, L:/127.0.0.1:27666 - R:/127.0.0.1:57780] [SR:127.0.0.1, state:Connected]}
2026-09-28T07:47:50,217+0000 [pulsar-io-18-2] INFO  org.apache.pulsar.broker.service.ServerCnx - [/127.0.0.1:57780] Closed consumer, consumerId=3
2026-09-28T07:47:50,219+0000 [pulsar-io-18-2] INFO  org.apache.pulsar.broker.service.ServerCnx - [PersistentTopic{topic=persistent://public/default/moonpulsar-native-interop-3.3.9-1790581636996}][standalone-0-0] Closing producer on cnx /127.0.0.1:57780. producerId=7
2026-09-28T07:47:50,221+0000 [pulsar-io-18-2] INFO  org.apache.pulsar.broker.service.ServerCnx - [PersistentTopic{topic=persistent://public/default/moonpulsar-native-interop-3.3.9-1790581636996}][standalone-0-0] Closed producer on cnx /127.0.0.1:57780. producerId=7
2026-09-28T07:47:50,222+0000 [bookkeeper-ml-scheduler-OrderedScheduler-0-0] INFO  org.apache.bookkeeper.mledger.impl.ManagedCursorImpl - [public/default/persistent/moonpulsar-native-interop-3.3.9-1790581636996] Updated cursor probe with ledger id 4 md-position=3:0 rd-position=3:1
2026-09-28T07:47:50,222+0000 [pulsar-io-18-2] INFO  org.apache.pulsar.broker.service.ServerCnx - Closed connection from /127.0.0.1:57780
2026-09-28T07:47:50,270+0000 [pulsar-io-18-12] INFO  org.apache.pulsar.broker.service.ServerCnx - Closed connection from /127.0.0.1:57786
2026-09-28T07:47:50,278+0000 [pulsar-io-18-13] WARN  org.apache.pulsar.broker.service.ServerCnx - [/127.0.0.1:57802] Got exception io.netty.handler.codec.DecoderException: io.netty.handler.ssl.ReferenceCountedOpenSslEngine$OpenSslHandshakeException: error:100000c0:SSL routines:OPENSSL_internal:PEER_DID_NOT_RETURN_A_CERTIFICATE
	at io.netty.handler.codec.ByteToMessageDecoder.callDecode(ByteToMessageDecoder.java:500)
	at io.netty.handler.codec.ByteToMessageDecoder.channelRead(ByteToMessageDecoder.java:290)
	at io.netty.channel.AbstractChannelHandlerContext.invokeChannelRead(AbstractChannelHandlerContext.java:444)
	at io.netty.channel.AbstractChannelHandlerContext.invokeChannelRead(AbstractChannelHandlerContext.java:420)
	at io.netty.channel.AbstractChannelHandlerContext.fireChannelRead(AbstractChannelHandlerContext.java:412)
	at io.netty.handler.flush.FlushConsolidationHandler.channelRead(FlushConsolidationHandler.java:152)
	at io.netty.channel.AbstractChannelHandlerContext.invokeChannelRead(AbstractChannelHandlerContext.java:442)
	at io.netty.channel.AbstractChannelHandlerContext.invokeChannelRead(AbstractChannelHandlerContext.java:420)
	at io.netty.channel.AbstractChannelHandlerContext.fireChannelRead(AbstractChannelHandlerContext.java:412)
	at io.netty.channel.DefaultChannelPipeline$HeadContext.channelRead(DefaultChannelPipeline.java:1357)
	at io.netty.channel.AbstractChannelHandlerContext.invokeChannelRead(AbstractChannelHandlerContext.java:440)
	at io.netty.channel.AbstractChannelHandlerContext.invokeChannelRead(AbstractChannelHandlerContext.java:420)
	at io.netty.channel.DefaultChannelPipeline.fireChannelRead(DefaultChannelPipeline.java:868)
	at io.netty.channel.epoll.AbstractEpollStreamChannel$EpollStreamUnsafe.epollInReady(AbstractEpollStreamChannel.java:799)
	at io.netty.channel.epoll.EpollEventLoop.processReady(EpollEventLoop.java:501)
	at io.netty.channel.epoll.EpollEventLoop.run(EpollEventLoop.java:399)
	at io.netty.util.concurrent.SingleThreadEventExecutor$4.run(SingleThreadEventExecutor.java:998)
	at io.netty.util.internal.ThreadExecutorMap$2.run(ThreadExecutorMap.java:74)
	at io.netty.util.concurrent.FastThreadLocalRunnable.run(FastThreadLocalRunnable.java:30)
	at java.base/java.lang.Thread.run(Unknown Source)
Caused by: io.netty.handler.ssl.ReferenceCountedOpenSslEngine$OpenSslHandshakeException: error:100000c0:SSL routines:OPENSSL_internal:PEER_DID_NOT_RETURN_A_CERTIFICATE
	at io.netty.handler.ssl.ReferenceCountedOpenSslEngine.newSSLExceptionForError(ReferenceCountedOpenSslEngine.java:1392)
	at io.netty.handler.ssl.ReferenceCountedOpenSslEngine.needWrapAgain(ReferenceCountedOpenSslEngine.java:1378)
	at io.netty.handler.ssl.ReferenceCountedOpenSslEngine.sslReadErrorResult(ReferenceCountedOpenSslEngine.java:1409)
	at io.netty.handler.ssl.ReferenceCountedOpenSslEngine.unwrap(ReferenceCountedOpenSslEngine.java:1340)
	at io.netty.handler.ssl.ReferenceCountedOpenSslEngine.unwrap(ReferenceCountedOpenSslEngine.java:1441)
	at io.netty.handler.ssl.ReferenceCountedOpenSslEngine.unwrap(ReferenceCountedOpenSslEngine.java:1484)
	at io.netty.handler.ssl.SslHandler$SslEngineType$1.unwrap(SslHandler.java:222)
	at io.netty.handler.ssl.SslHandler.unwrap(SslHandler.java:1486)
	at io.netty.handler.ssl.SslHandler.decodeNonJdkCompatible(SslHandler.java:1390)
	at io.netty.handler.ssl.SslHandler.decode(SslHandler.java:1430)
	at io.netty.handler.codec.ByteToMessageDecoder.decodeRemovalReentryProtection(ByteToMessageDecoder.java:530)
	at io.netty.handler.codec.ByteToMessageDecoder.callDecode(ByteToMessageDecoder.java:469)
	... 19 more

2026-09-28T07:47:50,279+0000 [pulsar-io-18-13] INFO  org.apache.pulsar.broker.service.ServerCnx - Closed connection from /127.0.0.1:57802
2026-09-28T07:47:50,327+0000 [pulsar-io-18-14] INFO  org.apache.pulsar.broker.service.ServerCnx - Closed connection from /127.0.0.1:57810
2026-09-28T07:47:50,335+0000 [pulsar-io-18-15] WARN  org.apache.pulsar.broker.service.ServerCnx - [/127.0.0.1:57824] Got exception io.netty.handler.codec.DecoderException: io.netty.handler.ssl.ReferenceCountedOpenSslEngine$OpenSslHandshakeException: error:10000070:SSL routines:OPENSSL_internal:BAD_PACKET_LENGTH
	at io.netty.handler.codec.ByteToMessageDecoder.callDecode(ByteToMessageDecoder.java:500)
	at io.netty.handler.codec.ByteToMessageDecoder.channelRead(ByteToMessageDecoder.java:290)
	at io.netty.channel.AbstractChannelHandlerContext.invokeChannelRead(AbstractChannelHandlerContext.java:444)
	at io.netty.channel.AbstractChannelHandlerContext.invokeChannelRead(AbstractChannelHandlerContext.java:420)
	at io.netty.channel.AbstractChannelHandlerContext.fireChannelRead(AbstractChannelHandlerContext.java:412)
	at io.netty.handler.flush.FlushConsolidationHandler.channelRead(FlushConsolidationHandler.java:152)
	at io.netty.channel.AbstractChannelHandlerContext.invokeChannelRead(AbstractChannelHandlerContext.java:442)
	at io.netty.channel.AbstractChannelHandlerContext.invokeChannelRead(AbstractChannelHandlerContext.java:420)
	at io.netty.channel.AbstractChannelHandlerContext.fireChannelRead(AbstractChannelHandlerContext.java:412)
	at io.netty.channel.DefaultChannelPipeline$HeadContext.channelRead(DefaultChannelPipeline.java:1357)
	at io.netty.channel.AbstractChannelHandlerContext.invokeChannelRead(AbstractChannelHandlerContext.java:440)
	at io.netty.channel.AbstractChannelHandlerContext.invokeChannelRead(AbstractChannelHandlerContext.java:420)
	at io.netty.channel.DefaultChannelPipeline.fireChannelRead(DefaultChannelPipeline.java:868)
	at io.netty.channel.epoll.AbstractEpollStreamChannel$EpollStreamUnsafe.epollInReady(AbstractEpollStreamChannel.java:799)
	at io.netty.channel.epoll.EpollEventLoop.processReady(EpollEventLoop.java:501)
	at io.netty.channel.epoll.EpollEventLoop.run(EpollEventLoop.java:399)
	at io.netty.util.concurrent.SingleThreadEventExecutor$4.run(SingleThreadEventExecutor.java:998)
	at io.netty.util.internal.ThreadExecutorMap$2.run(ThreadExecutorMap.java:74)
	at io.netty.util.concurrent.FastThreadLocalRunnable.run(FastThreadLocalRunnable.java:30)
	at java.base/java.lang.Thread.run(Unknown Source)
Caused by: io.netty.handler.ssl.ReferenceCountedOpenSslEngine$OpenSslHandshakeException: error:10000070:SSL routines:OPENSSL_internal:BAD_PACKET_LENGTH
	at io.netty.handler.ssl.ReferenceCountedOpenSslEngine.newSSLExceptionForError(ReferenceCountedOpenSslEngine.java:1392)
	at io.netty.handler.ssl.ReferenceCountedOpenSslEngine.needWrapAgain(ReferenceCountedOpenSslEngine.java:1378)
	at io.netty.handler.ssl.ReferenceCountedOpenSslEngine.sslReadErrorResult(ReferenceCountedOpenSslEngine.java:1409)
	at io.netty.handler.ssl.ReferenceCountedOpenSslEngine.unwrap(ReferenceCountedOpenSslEngine.java:1340)
	at io.netty.handler.ssl.ReferenceCountedOpenSslEngine.unwrap(ReferenceCountedOpenSslEngine.java:1441)
	at io.netty.handler.ssl.ReferenceCountedOpenSslEngine.unwrap(ReferenceCountedOpenSslEngine.java:1484)
	at io.netty.handler.ssl.SslHandler$SslEngineType$1.unwrap(SslHandler.java:222)
	at io.netty.handler.ssl.SslHandler.unwrap(SslHandler.java:1486)
	at io.netty.handler.ssl.SslHandler.decodeNonJdkCompatible(SslHandler.java:1390)
	at io.netty.handler.ssl.SslHandler.decode(SslHandler.java:1430)
	at io.netty.handler.codec.ByteToMessageDecoder.decodeRemovalReentryProtection(ByteToMessageDecoder.java:530)
	at io.netty.handler.codec.ByteToMessageDecoder.callDecode(ByteToMessageDecoder.java:469)
	... 19 more

2026-09-28T07:47:50,335+0000 [pulsar-io-18-15] INFO  org.apache.pulsar.broker.service.ServerCnx - Closed connection from /127.0.0.1:57824
2026-09-28T07:47:50,380+0000 [pulsar-io-18-16] INFO  org.apache.pulsar.broker.service.ServerCnx - Closed connection from /127.0.0.1:44094
2026-09-28T07:47:50,387+0000 [pulsar-io-18-17] WARN  org.apache.pulsar.broker.service.ServerCnx - [/127.0.0.1:44100] Got exception io.netty.handler.codec.DecoderException: io.netty.handler.ssl.ReferenceCountedOpenSslEngine$OpenSslHandshakeException: error:10000070:SSL routines:OPENSSL_internal:BAD_PACKET_LENGTH
	at io.netty.handler.codec.ByteToMessageDecoder.callDecode(ByteToMessageDecoder.java:500)
	at io.netty.handler.codec.ByteToMessageDecoder.channelRead(ByteToMessageDecoder.java:290)
	at io.netty.channel.AbstractChannelHandlerContext.invokeChannelRead(AbstractChannelHandlerContext.java:444)
	at io.netty.channel.AbstractChannelHandlerContext.invokeChannelRead(AbstractChannelHandlerContext.java:420)
	at io.netty.channel.AbstractChannelHandlerContext.fireChannelRead(AbstractChannelHandlerContext.java:412)
	at io.netty.handler.flush.FlushConsolidationHandler.channelRead(FlushConsolidationHandler.java:152)
	at io.netty.channel.AbstractChannelHandlerContext.invokeChannelRead(AbstractChannelHandlerContext.java:442)
	at io.netty.channel.AbstractChannelHandlerContext.invokeChannelRead(AbstractChannelHandlerContext.java:420)
	at io.netty.channel.AbstractChannelHandlerContext.fireChannelRead(AbstractChannelHandlerContext.java:412)
	at io.netty.channel.DefaultChannelPipeline$HeadContext.channelRead(DefaultChannelPipeline.java:1357)
	at io.netty.channel.AbstractChannelHandlerContext.invokeChannelRead(AbstractChannelHandlerContext.java:440)
	at io.netty.channel.AbstractChannelHandlerContext.invokeChannelRead(AbstractChannelHandlerContext.java:420)
	at io.netty.channel.DefaultChannelPipeline.fireChannelRead(DefaultChannelPipeline.java:868)
	at io.netty.channel.epoll.AbstractEpollStreamChannel$EpollStreamUnsafe.epollInReady(AbstractEpollStreamChannel.java:799)
	at io.netty.channel.epoll.EpollEventLoop.processReady(EpollEventLoop.java:501)
	at io.netty.channel.epoll.EpollEventLoop.run(EpollEventLoop.java:399)
	at io.netty.util.concurrent.SingleThreadEventExecutor$4.run(SingleThreadEventExecutor.java:998)
	at io.netty.util.internal.ThreadExecutorMap$2.run(ThreadExecutorMap.java:74)
	at io.netty.util.concurrent.FastThreadLocalRunnable.run(FastThreadLocalRunnable.java:30)
	at java.base/java.lang.Thread.run(Unknown Source)
Caused by: io.netty.handler.ssl.ReferenceCountedOpenSslEngine$OpenSslHandshakeException: error:10000070:SSL routines:OPENSSL_internal:BAD_PACKET_LENGTH
	at io.netty.handler.ssl.ReferenceCountedOpenSslEngine.newSSLExceptionForError(ReferenceCountedOpenSslEngine.java:1392)
	at io.netty.handler.ssl.ReferenceCountedOpenSslEngine.needWrapAgain(ReferenceCountedOpenSslEngine.java:1378)
	at io.netty.handler.ssl.ReferenceCountedOpenSslEngine.sslReadErrorResult(ReferenceCountedOpenSslEngine.java:1409)
	at io.netty.handler.ssl.ReferenceCountedOpenSslEngine.unwrap(ReferenceCountedOpenSslEngine.java:1340)
	at io.netty.handler.ssl.ReferenceCountedOpenSslEngine.unwrap(ReferenceCountedOpenSslEngine.java:1441)
	at io.netty.handler.ssl.ReferenceCountedOpenSslEngine.unwrap(ReferenceCountedOpenSslEngine.java:1484)
	at io.netty.handler.ssl.SslHandler$SslEngineType$1.unwrap(SslHandler.java:222)
	at io.netty.handler.ssl.SslHandler.unwrap(SslHandler.java:1486)
	at io.netty.handler.ssl.SslHandler.decodeNonJdkCompatible(SslHandler.java:1390)
	at io.netty.handler.ssl.SslHandler.decode(SslHandler.java:1430)
	at io.netty.handler.codec.ByteToMessageDecoder.decodeRemovalReentryProtection(ByteToMessageDecoder.java:530)
	at io.netty.handler.codec.ByteToMessageDecoder.callDecode(ByteToMessageDecoder.java:469)
	... 19 more

2026-09-28T07:47:50,388+0000 [pulsar-io-18-17] INFO  org.apache.pulsar.broker.service.ServerCnx - Closed connection from /127.0.0.1:44100
2026-09-28T07:47:54,589+0000 [pulsar-io-18-18] INFO  org.apache.pulsar.broker.service.ServerCnx - [/127.0.0.1:51926] connected with clientVersion=Pulsar-Java-v3.3.9, clientProtocolVersion=21, proxyVersion=null
2026-09-28T07:47:54,957+0000 [pulsar-17-13] INFO  org.apache.bookkeeper.mledger.impl.ManagedLedgerImpl - Opening managed ledger public/default/persistent/moonpulsar-native-interop-3.3.9-1790581636996-ec_p256-java
2026-09-28T07:47:54,958+0000 [bookkeeper-ml-scheduler-OrderedScheduler-3-0] INFO  org.apache.bookkeeper.mledger.impl.MetaStoreImpl - Creating '/managed-ledgers/public/default/persistent/moonpulsar-native-interop-3.3.9-1790581636996-ec_p256-java'
2026-09-28T07:47:54,974+0000 [bookkeeper-ml-scheduler-OrderedScheduler-3-0] INFO  org.apache.pulsar.metadata.impl.AbstractMetadataStore - Deleting path: /ledgers/idgen/ID-5 (v. Optional.empty)
2026-09-28T07:47:54,978+0000 [bookkeeper-ml-scheduler-OrderedScheduler-3-0] INFO  org.apache.pulsar.metadata.impl.AbstractMetadataStore - Deleted path: /ledgers/idgen/ID-5 (v. Optional.empty)
2026-09-28T07:47:54,984+0000 [bookkeeper-ml-scheduler-OrderedScheduler-3-0] INFO  org.apache.bookkeeper.client.LedgerCreateOp - Ensemble: [127.0.0.1:35873] for ledger: 5
2026-09-28T07:47:54,984+0000 [BookKeeperClientWorker-OrderedExecutor-15-0] INFO  org.apache.bookkeeper.mledger.impl.ManagedLedgerImpl - [public/default/persistent/moonpulsar-native-interop-3.3.9-1790581636996-ec_p256-java] Created ledger 5 after closed null
2026-09-28T07:47:54,989+0000 [bookkeeper-ml-scheduler-OrderedScheduler-3-0] INFO  org.apache.bookkeeper.mledger.impl.ManagedLedgerFactoryImpl - [public/default/persistent/moonpulsar-native-interop-3.3.9-1790581636996-ec_p256-java] Successfully initialize managed ledger
2026-09-28T07:47:54,991+0000 [broker-topic-workers-OrderedExecutor-1-0] INFO  org.apache.pulsar.broker.service.BrokerService - Created topic persistent://public/default/moonpulsar-native-interop-3.3.9-1790581636996-ec_p256-java - dedup is disabled
2026-09-28T07:47:54,992+0000 [broker-topic-workers-OrderedExecutor-6-0] INFO  org.apache.pulsar.broker.service.ServerCnx - [/127.0.0.1:51926] Created new producer: Producer{topic=PersistentTopic{topic=persistent://public/default/moonpulsar-native-interop-3.3.9-1790581636996-ec_p256-java}, client=[id: 0xedaf1e77, L:/127.0.0.1:27666 - R:/127.0.0.1:51926] [SR:127.0.0.1, state:Connected], producerName=standalone-0-1, producerId=0}
2026-09-28T07:47:55,053+0000 [pulsar-io-18-18] INFO  org.apache.pulsar.broker.service.ServerCnx - [PersistentTopic{topic=persistent://public/default/moonpulsar-native-interop-3.3.9-1790581636996-ec_p256-java}][standalone-0-1] Closing producer on cnx /127.0.0.1:51926. producerId=0
2026-09-28T07:47:55,054+0000 [pulsar-io-18-18] INFO  org.apache.pulsar.broker.service.ServerCnx - [PersistentTopic{topic=persistent://public/default/moonpulsar-native-interop-3.3.9-1790581636996-ec_p256-java}][standalone-0-1] Closed producer on cnx /127.0.0.1:51926. producerId=0
2026-09-28T07:47:55,072+0000 [pulsar-io-18-18] INFO  org.apache.pulsar.broker.service.ServerCnx - Closed connection from /127.0.0.1:51926
2026-09-28T07:47:57,890+0000 [pulsar-io-18-20] INFO  org.apache.pulsar.broker.service.ServerCnx - [/127.0.0.1:51938] connected with clientVersion=moonpulsar 0.1.0, clientProtocolVersion=21, proxyVersion=null
2026-09-28T07:47:57,896+0000 [pulsar-io-18-20] INFO  org.apache.pulsar.broker.service.ServerCnx - [[id: 0xaef389ea, L:/127.0.0.1:27666 - R:/127.0.0.1:51938] [SR:127.0.0.1, state:Connected]] Subscribing on topic persistent://public/default/moonpulsar-native-interop-3.3.9-1790581636996-ec_p256-java / moonpulsar-ec-interop-1790581677893. consumerId: 3
2026-09-28T07:47:57,897+0000 [pulsar-io-18-20] INFO  org.apache.bookkeeper.mledger.impl.ManagedCursorImpl - [public/default/persistent/moonpulsar-native-interop-3.3.9-1790581636996-ec_p256-java] Cursor moonpulsar-ec-interop-1790581677893 recovered to position 5:-1
2026-09-28T07:47:57,901+0000 [bookkeeper-ml-scheduler-OrderedScheduler-3-0] INFO  org.apache.bookkeeper.mledger.impl.ManagedLedgerImpl - [public/default/persistent/moonpulsar-native-interop-3.3.9-1790581636996-ec_p256-java] Opened new cursor: ManagedCursorImpl{ledger=public/default/persistent/moonpulsar-native-interop-3.3.9-1790581636996-ec_p256-java, name=moonpulsar-ec-interop-1790581677893, ackPos=5:-1, readPos=5:0}
2026-09-28T07:47:57,902+0000 [bookkeeper-ml-scheduler-OrderedScheduler-3-0] INFO  org.apache.bookkeeper.mledger.impl.ManagedCursorImpl - [public/default/persistent/moonpulsar-native-interop-3.3.9-1790581636996-ec_p256-java-moonpulsar-ec-interop-1790581677893] Rewind from 5:0 to 5:0
2026-09-28T07:47:57,902+0000 [bookkeeper-ml-scheduler-OrderedScheduler-3-0] INFO  org.apache.pulsar.broker.service.persistent.PersistentSubscription - backlog for persistent://public/default/moonpulsar-native-interop-3.3.9-1790581636996-ec_p256-java - 1
2026-09-28T07:47:57,902+0000 [bookkeeper-ml-scheduler-OrderedScheduler-3-0] INFO  org.apache.pulsar.broker.service.ServerCnx - [/127.0.0.1:51938] Created subscription on topic persistent://public/default/moonpulsar-native-interop-3.3.9-1790581636996-ec_p256-java / moonpulsar-ec-interop-1790581677893
2026-09-28T07:47:57,950+0000 [pulsar-io-18-20] INFO  org.apache.pulsar.metadata.impl.AbstractMetadataStore - Deleting path: /ledgers/idgen/ID-6 (v. Optional.empty)
2026-09-28T07:47:57,954+0000 [pulsar-io-18-20] INFO  org.apache.pulsar.metadata.impl.AbstractMetadataStore - Deleted path: /ledgers/idgen/ID-6 (v. Optional.empty)
2026-09-28T07:47:57,958+0000 [pulsar-io-18-20] INFO  org.apache.bookkeeper.client.LedgerCreateOp - Ensemble: [127.0.0.1:35873] for ledger: 6
2026-09-28T07:47:57,959+0000 [pulsar-io-18-20] INFO  org.apache.pulsar.broker.service.ServerCnx - [/127.0.0.1:51938] Closing consumer: consumerId=3
2026-09-28T07:47:57,960+0000 [pulsar-io-18-20] INFO  org.apache.pulsar.broker.service.AbstractDispatcherSingleActiveConsumer - Removing consumer Consumer{subscription=PersistentSubscription{topic=persistent://public/default/moonpulsar-native-interop-3.3.9-1790581636996-ec_p256-java, name=moonpulsar-ec-interop-1790581677893}, consumerId=3, consumerName=, address=[id: 0xaef389ea, L:/127.0.0.1:27666 - R:/127.0.0.1:51938] [SR:127.0.0.1, state:Connected]}
2026-09-28T07:47:57,960+0000 [pulsar-io-18-20] INFO  org.apache.pulsar.broker.service.ServerCnx - [/127.0.0.1:51938] Closed consumer, consumerId=3
2026-09-28T07:47:57,965+0000 [pulsar-17-10] INFO  org.apache.bookkeeper.mledger.impl.ManagedLedgerImpl - Opening managed ledger public/default/persistent/moonpulsar-native-interop-3.3.9-1790581636996-ec_p256-moonbit
2026-09-28T07:47:57,965+0000 [bookkeeper-ml-scheduler-OrderedScheduler-3-0] INFO  org.apache.bookkeeper.mledger.impl.MetaStoreImpl - Creating '/managed-ledgers/public/default/persistent/moonpulsar-native-interop-3.3.9-1790581636996-ec_p256-moonbit'
2026-09-28T07:47:57,975+0000 [bookkeeper-ml-scheduler-OrderedScheduler-3-0] INFO  org.apache.pulsar.metadata.impl.AbstractMetadataStore - Deleting path: /ledgers/idgen/ID-7 (v. Optional.empty)
2026-09-28T07:47:57,979+0000 [bookkeeper-ml-scheduler-OrderedScheduler-3-0] INFO  org.apache.pulsar.metadata.impl.AbstractMetadataStore - Deleted path: /ledgers/idgen/ID-7 (v. Optional.empty)
2026-09-28T07:47:57,984+0000 [bookkeeper-ml-scheduler-OrderedScheduler-3-0] INFO  org.apache.bookkeeper.client.LedgerCreateOp - Ensemble: [127.0.0.1:35873] for ledger: 7
2026-09-28T07:47:57,984+0000 [bookkeeper-ml-scheduler-OrderedScheduler-3-0] INFO  org.apache.bookkeeper.mledger.impl.ManagedCursorImpl - [public/default/persistent/moonpulsar-native-interop-3.3.9-1790581636996-ec_p256-java] Updated cursor moonpulsar-ec-interop-1790581677893 with ledger id 6 md-position=5:0 rd-position=5:1
2026-09-28T07:47:57,984+0000 [BookKeeperClientWorker-OrderedExecutor-23-0] INFO  org.apache.bookkeeper.mledger.impl.ManagedLedgerImpl - [public/default/persistent/moonpulsar-native-interop-3.3.9-1790581636996-ec_p256-moonbit] Created ledger 7 after closed null
2026-09-28T07:47:57,988+0000 [bookkeeper-ml-scheduler-OrderedScheduler-3-0] INFO  org.apache.bookkeeper.mledger.impl.ManagedLedgerFactoryImpl - [public/default/persistent/moonpulsar-native-interop-3.3.9-1790581636996-ec_p256-moonbit] Successfully initialize managed ledger
2026-09-28T07:47:57,990+0000 [broker-topic-workers-OrderedExecutor-0-0] INFO  org.apache.pulsar.broker.service.BrokerService - Created topic persistent://public/default/moonpulsar-native-interop-3.3.9-1790581636996-ec_p256-moonbit - dedup is disabled
2026-09-28T07:47:57,992+0000 [broker-topic-workers-OrderedExecutor-1-0] INFO  org.apache.pulsar.broker.service.ServerCnx - [/127.0.0.1:51938] Created new producer: Producer{topic=PersistentTopic{topic=persistent://public/default/moonpulsar-native-interop-3.3.9-1790581636996-ec_p256-moonbit}, client=[id: 0xaef389ea, L:/127.0.0.1:27666 - R:/127.0.0.1:51938] [SR:127.0.0.1, state:Connected], producerName=standalone-0-2, producerId=9}
2026-09-28T07:47:57,998+0000 [pulsar-io-18-20] INFO  org.apache.pulsar.broker.service.ServerCnx - [PersistentTopic{topic=persistent://public/default/moonpulsar-native-interop-3.3.9-1790581636996-ec_p256-moonbit}][standalone-0-2] Closing producer on cnx /127.0.0.1:51938. producerId=9
2026-09-28T07:47:57,998+0000 [pulsar-io-18-20] INFO  org.apache.pulsar.broker.service.ServerCnx - [PersistentTopic{topic=persistent://public/default/moonpulsar-native-interop-3.3.9-1790581636996-ec_p256-moonbit}][standalone-0-2] Closed producer on cnx /127.0.0.1:51938. producerId=9
2026-09-28T07:47:57,999+0000 [pulsar-io-18-20] INFO  org.apache.pulsar.broker.service.ServerCnx - Closed connection from /127.0.0.1:51938
2026-09-28T07:48:00,729+0000 [pulsar-io-18-22] INFO  org.apache.pulsar.broker.service.ServerCnx - [/127.0.0.1:51942] connected with clientVersion=Pulsar-Java-v3.3.9, clientProtocolVersion=21, proxyVersion=null
2026-09-28T07:48:01,174+0000 [pulsar-io-18-22] INFO  org.apache.pulsar.broker.service.ServerCnx - [[id: 0x71e2a843, L:/127.0.0.1:27666 - R:/127.0.0.1:51942] [SR:127.0.0.1, state:Connected]] Subscribing on topic persistent://public/default/moonpulsar-native-interop-3.3.9-1790581636996-ec_p256-moonbit / moonpulsar-java-ec-541591511493004. consumerId: 0
2026-09-28T07:48:01,175+0000 [pulsar-io-18-22] INFO  org.apache.bookkeeper.mledger.impl.ManagedCursorImpl - [public/default/persistent/moonpulsar-native-interop-3.3.9-1790581636996-ec_p256-moonbit] Cursor moonpulsar-java-ec-541591511493004 recovered to position 7:-1
2026-09-28T07:48:01,189+0000 [bookkeeper-ml-scheduler-OrderedScheduler-3-0] INFO  org.apache.bookkeeper.mledger.impl.ManagedLedgerImpl - [public/default/persistent/moonpulsar-native-interop-3.3.9-1790581636996-ec_p256-moonbit] Opened new cursor: ManagedCursorImpl{ledger=public/default/persistent/moonpulsar-native-interop-3.3.9-1790581636996-ec_p256-moonbit, name=moonpulsar-java-ec-541591511493004, ackPos=7:-1, readPos=7:0}
2026-09-28T07:48:01,190+0000 [bookkeeper-ml-scheduler-OrderedScheduler-3-0] INFO  org.apache.bookkeeper.mledger.impl.ManagedCursorImpl - [public/default/persistent/moonpulsar-native-interop-3.3.9-1790581636996-ec_p256-moonbit-moonpulsar-java-ec-541591511493004] Rewind from 7:0 to 7:0
2026-09-28T07:48:01,190+0000 [bookkeeper-ml-scheduler-OrderedScheduler-3-0] INFO  org.apache.pulsar.broker.service.persistent.PersistentSubscription - backlog for persistent://public/default/moonpulsar-native-interop-3.3.9-1790581636996-ec_p256-moonbit - 1
2026-09-28T07:48:01,190+0000 [bookkeeper-ml-scheduler-OrderedScheduler-3-0] INFO  org.apache.pulsar.broker.service.ServerCnx - [/127.0.0.1:51942] Created subscription on topic persistent://public/default/moonpulsar-native-interop-3.3.9-1790581636996-ec_p256-moonbit / moonpulsar-java-ec-541591511493004
2026-09-28T07:48:01,478+0000 [pulsar-io-18-22] INFO  org.apache.pulsar.metadata.impl.AbstractMetadataStore - Deleting path: /ledgers/idgen/ID-8 (v. Optional.empty)
2026-09-28T07:48:01,482+0000 [pulsar-io-18-22] INFO  org.apache.pulsar.metadata.impl.AbstractMetadataStore - Deleted path: /ledgers/idgen/ID-8 (v. Optional.empty)
2026-09-28T07:48:01,488+0000 [pulsar-io-18-22] INFO  org.apache.bookkeeper.client.LedgerCreateOp - Ensemble: [127.0.0.1:35873] for ledger: 8
2026-09-28T07:48:01,488+0000 [pulsar-io-18-22] INFO  org.apache.pulsar.broker.service.ServerCnx - [/127.0.0.1:51942] Closing consumer: consumerId=0
2026-09-28T07:48:01,489+0000 [pulsar-io-18-22] INFO  org.apache.pulsar.broker.service.AbstractDispatcherSingleActiveConsumer - Removing consumer Consumer{subscription=PersistentSubscription{topic=persistent://public/default/moonpulsar-native-interop-3.3.9-1790581636996-ec_p256-moonbit, name=moonpulsar-java-ec-541591511493004}, consumerId=0, consumerName=KahfE, address=[id: 0x71e2a843, L:/127.0.0.1:27666 - R:/127.0.0.1:51942] [SR:127.0.0.1, state:Connected]}
2026-09-28T07:48:01,489+0000 [pulsar-io-18-22] INFO  org.apache.pulsar.broker.service.ServerCnx - [/127.0.0.1:51942] Closed consumer, consumerId=0
2026-09-28T07:48:01,496+0000 [bookkeeper-ml-scheduler-OrderedScheduler-3-0] INFO  org.apache.bookkeeper.mledger.impl.ManagedCursorImpl - [public/default/persistent/moonpulsar-native-interop-3.3.9-1790581636996-ec_p256-moonbit] Updated cursor moonpulsar-java-ec-541591511493004 with ledger id 8 md-position=7:0 rd-position=7:1
2026-09-28T07:48:01,505+0000 [pulsar-io-18-22] INFO  org.apache.pulsar.broker.service.ServerCnx - Closed connection from /127.0.0.1:51942
2026-09-28T07:48:06,314+0000 [pulsar-io-18-23] INFO  org.apache.pulsar.broker.service.ServerCnx - [/127.0.0.1:57892] connected with clientVersion=Pulsar-Java-v3.3.9, clientProtocolVersion=21, proxyVersion=null
2026-09-28T07:48:06,704+0000 [pulsar-17-12] INFO  org.apache.pulsar.broker.namespace.OwnershipCache - Trying to acquire ownership of public/default/0x40000000_0x80000000
2026-09-28T07:48:06,723+0000 [pulsar-17-12] INFO  org.apache.pulsar.metadata.coordination.impl.ResourceLockImpl - Acquired resource lock on /namespace/public/default/0x40000000_0x80000000
2026-09-28T07:48:06,723+0000 [pulsar-17-12] INFO  org.apache.pulsar.broker.namespace.OwnershipCache - Successfully acquired ownership of OwnedBundle(bundle=public/default/0x40000000_0x80000000, isActive=1)
2026-09-28T07:48:06,723+0000 [pulsar-17-3] INFO  org.apache.pulsar.broker.PulsarService - Loading all topics on bundle: public/default/0x40000000_0x80000000
2026-09-28T07:48:06,736+0000 [pulsar-17-15] INFO  org.apache.bookkeeper.mledger.impl.ManagedLedgerImpl - Opening managed ledger public/default/persistent/moonpulsar-native-interop-3.3.9-1790581636996-ec_p384-java
2026-09-28T07:48:06,736+0000 [bookkeeper-ml-scheduler-OrderedScheduler-1-0] INFO  org.apache.bookkeeper.mledger.impl.MetaStoreImpl - Creating '/managed-ledgers/public/default/persistent/moonpulsar-native-interop-3.3.9-1790581636996-ec_p384-java'
2026-09-28T07:48:06,744+0000 [bookkeeper-ml-scheduler-OrderedScheduler-1-0] INFO  org.apache.pulsar.metadata.impl.AbstractMetadataStore - Deleting path: /ledgers/idgen/ID-9 (v. Optional.empty)
2026-09-28T07:48:06,748+0000 [bookkeeper-ml-scheduler-OrderedScheduler-1-0] INFO  org.apache.pulsar.metadata.impl.AbstractMetadataStore - Deleted path: /ledgers/idgen/ID-9 (v. Optional.empty)
2026-09-28T07:48:06,753+0000 [bookkeeper-ml-scheduler-OrderedScheduler-1-0] INFO  org.apache.bookkeeper.client.LedgerCreateOp - Ensemble: [127.0.0.1:35873] for ledger: 9
2026-09-28T07:48:06,753+0000 [BookKeeperClientWorker-OrderedExecutor-17-0] INFO  org.apache.bookkeeper.mledger.impl.ManagedLedgerImpl - [public/default/persistent/moonpulsar-native-interop-3.3.9-1790581636996-ec_p384-java] Created ledger 9 after closed null
2026-09-28T07:48:06,758+0000 [bookkeeper-ml-scheduler-OrderedScheduler-1-0] INFO  org.apache.bookkeeper.mledger.impl.ManagedLedgerFactoryImpl - [public/default/persistent/moonpulsar-native-interop-3.3.9-1790581636996-ec_p384-java] Successfully initialize managed ledger
2026-09-28T07:48:06,760+0000 [broker-topic-workers-OrderedExecutor-4-0] INFO  org.apache.pulsar.broker.service.BrokerService - Created topic persistent://public/default/moonpulsar-native-interop-3.3.9-1790581636996-ec_p384-java - dedup is disabled
2026-09-28T07:48:06,762+0000 [broker-topic-workers-OrderedExecutor-0-0] INFO  org.apache.pulsar.broker.service.ServerCnx - [/127.0.0.1:57892] Created new producer: Producer{topic=PersistentTopic{topic=persistent://public/default/moonpulsar-native-interop-3.3.9-1790581636996-ec_p384-java}, client=[id: 0x4f407949, L:/127.0.0.1:27666 - R:/127.0.0.1:57892] [SR:127.0.0.1, state:Connected], producerName=standalone-0-3, producerId=0}
2026-09-28T07:48:06,813+0000 [pulsar-io-18-23] INFO  org.apache.pulsar.broker.service.ServerCnx - [PersistentTopic{topic=persistent://public/default/moonpulsar-native-interop-3.3.9-1790581636996-ec_p384-java}][standalone-0-3] Closing producer on cnx /127.0.0.1:57892. producerId=0
2026-09-28T07:48:06,813+0000 [pulsar-io-18-23] INFO  org.apache.pulsar.broker.service.ServerCnx - [PersistentTopic{topic=persistent://public/default/moonpulsar-native-interop-3.3.9-1790581636996-ec_p384-java}][standalone-0-3] Closed producer on cnx /127.0.0.1:57892. producerId=0
2026-09-28T07:48:06,830+0000 [pulsar-io-18-23] INFO  org.apache.pulsar.broker.service.ServerCnx - Closed connection from /127.0.0.1:57892
2026-09-28T07:48:09,526+0000 [pulsar-io-18-25] INFO  org.apache.pulsar.broker.service.ServerCnx - [/127.0.0.1:57904] connected with clientVersion=moonpulsar 0.1.0, clientProtocolVersion=21, proxyVersion=null
2026-09-28T07:48:09,534+0000 [pulsar-io-18-25] INFO  org.apache.pulsar.broker.service.ServerCnx - [[id: 0x5ea42d5e, L:/127.0.0.1:27666 - R:/127.0.0.1:57904] [SR:127.0.0.1, state:Connected]] Subscribing on topic persistent://public/default/moonpulsar-native-interop-3.3.9-1790581636996-ec_p384-java / moonpulsar-ec-interop-1790581689530. consumerId: 3
2026-09-28T07:48:09,535+0000 [pulsar-io-18-25] INFO  org.apache.bookkeeper.mledger.impl.ManagedCursorImpl - [public/default/persistent/moonpulsar-native-interop-3.3.9-1790581636996-ec_p384-java] Cursor moonpulsar-ec-interop-1790581689530 recovered to position 9:-1
2026-09-28T07:48:09,540+0000 [bookkeeper-ml-scheduler-OrderedScheduler-1-0] INFO  org.apache.bookkeeper.mledger.impl.ManagedLedgerImpl - [public/default/persistent/moonpulsar-native-interop-3.3.9-1790581636996-ec_p384-java] Opened new cursor: ManagedCursorImpl{ledger=public/default/persistent/moonpulsar-native-interop-3.3.9-1790581636996-ec_p384-java, name=moonpulsar-ec-interop-1790581689530, ackPos=9:-1, readPos=9:0}
2026-09-28T07:48:09,541+0000 [bookkeeper-ml-scheduler-OrderedScheduler-1-0] INFO  org.apache.bookkeeper.mledger.impl.ManagedCursorImpl - [public/default/persistent/moonpulsar-native-interop-3.3.9-1790581636996-ec_p384-java-moonpulsar-ec-interop-1790581689530] Rewind from 9:0 to 9:0
2026-09-28T07:48:09,541+0000 [bookkeeper-ml-scheduler-OrderedScheduler-1-0] INFO  org.apache.pulsar.broker.service.persistent.PersistentSubscription - backlog for persistent://public/default/moonpulsar-native-interop-3.3.9-1790581636996-ec_p384-java - 1
2026-09-28T07:48:09,541+0000 [bookkeeper-ml-scheduler-OrderedScheduler-1-0] INFO  org.apache.pulsar.broker.service.ServerCnx - [/127.0.0.1:57904] Created subscription on topic persistent://public/default/moonpulsar-native-interop-3.3.9-1790581636996-ec_p384-java / moonpulsar-ec-interop-1790581689530
2026-09-28T07:48:09,553+0000 [pulsar-io-18-25] INFO  org.apache.pulsar.metadata.impl.AbstractMetadataStore - Deleting path: /ledgers/idgen/ID-10 (v. Optional.empty)
2026-09-28T07:48:09,556+0000 [pulsar-io-18-25] INFO  org.apache.pulsar.metadata.impl.AbstractMetadataStore - Deleted path: /ledgers/idgen/ID-10 (v. Optional.empty)
2026-09-28T07:48:09,561+0000 [pulsar-io-18-25] INFO  org.apache.bookkeeper.client.LedgerCreateOp - Ensemble: [127.0.0.1:35873] for ledger: 10
2026-09-28T07:48:09,562+0000 [pulsar-io-18-25] INFO  org.apache.pulsar.broker.service.ServerCnx - [/127.0.0.1:57904] Closing consumer: consumerId=3
2026-09-28T07:48:09,562+0000 [pulsar-io-18-25] INFO  org.apache.pulsar.broker.service.AbstractDispatcherSingleActiveConsumer - Removing consumer Consumer{subscription=PersistentSubscription{topic=persistent://public/default/moonpulsar-native-interop-3.3.9-1790581636996-ec_p384-java, name=moonpulsar-ec-interop-1790581689530}, consumerId=3, consumerName=, address=[id: 0x5ea42d5e, L:/127.0.0.1:27666 - R:/127.0.0.1:57904] [SR:127.0.0.1, state:Connected]}
2026-09-28T07:48:09,562+0000 [pulsar-io-18-25] INFO  org.apache.pulsar.broker.service.ServerCnx - [/127.0.0.1:57904] Closed consumer, consumerId=3
2026-09-28T07:48:09,567+0000 [pulsar-17-9] INFO  org.apache.bookkeeper.mledger.impl.ManagedLedgerImpl - Opening managed ledger public/default/persistent/moonpulsar-native-interop-3.3.9-1790581636996-ec_p384-moonbit
2026-09-28T07:48:09,567+0000 [bookkeeper-ml-scheduler-OrderedScheduler-1-0] INFO  org.apache.bookkeeper.mledger.impl.MetaStoreImpl - Creating '/managed-ledgers/public/default/persistent/moonpulsar-native-interop-3.3.9-1790581636996-ec_p384-moonbit'
2026-09-28T07:48:09,576+0000 [bookkeeper-ml-scheduler-OrderedScheduler-1-0] INFO  org.apache.pulsar.metadata.impl.AbstractMetadataStore - Deleting path: /ledgers/idgen/ID-11 (v. Optional.empty)
2026-09-28T07:48:09,580+0000 [bookkeeper-ml-scheduler-OrderedScheduler-1-0] INFO  org.apache.pulsar.metadata.impl.AbstractMetadataStore - Deleted path: /ledgers/idgen/ID-11 (v. Optional.empty)
2026-09-28T07:48:09,584+0000 [bookkeeper-ml-scheduler-OrderedScheduler-1-0] INFO  org.apache.bookkeeper.client.LedgerCreateOp - Ensemble: [127.0.0.1:35873] for ledger: 11
2026-09-28T07:48:09,584+0000 [bookkeeper-ml-scheduler-OrderedScheduler-1-0] INFO  org.apache.bookkeeper.mledger.impl.ManagedCursorImpl - [public/default/persistent/moonpulsar-native-interop-3.3.9-1790581636996-ec_p384-java] Updated cursor moonpulsar-ec-interop-1790581689530 with ledger id 10 md-position=9:0 rd-position=9:1
2026-09-28T07:48:09,584+0000 [BookKeeperClientWorker-OrderedExecutor-21-0] INFO  org.apache.bookkeeper.mledger.impl.ManagedLedgerImpl - [public/default/persistent/moonpulsar-native-interop-3.3.9-1790581636996-ec_p384-moonbit] Created ledger 11 after closed null
2026-09-28T07:48:09,589+0000 [bookkeeper-ml-scheduler-OrderedScheduler-1-0] INFO  org.apache.bookkeeper.mledger.impl.ManagedLedgerFactoryImpl - [public/default/persistent/moonpulsar-native-interop-3.3.9-1790581636996-ec_p384-moonbit] Successfully initialize managed ledger
2026-09-28T07:48:09,590+0000 [broker-topic-workers-OrderedExecutor-4-0] INFO  org.apache.pulsar.broker.service.BrokerService - Created topic persistent://public/default/moonpulsar-native-interop-3.3.9-1790581636996-ec_p384-moonbit - dedup is disabled
2026-09-28T07:48:09,591+0000 [broker-topic-workers-OrderedExecutor-7-0] INFO  org.apache.pulsar.broker.service.ServerCnx - [/127.0.0.1:57904] Created new producer: Producer{topic=PersistentTopic{topic=persistent://public/default/moonpulsar-native-interop-3.3.9-1790581636996-ec_p384-moonbit}, client=[id: 0x5ea42d5e, L:/127.0.0.1:27666 - R:/127.0.0.1:57904] [SR:127.0.0.1, state:Connected], producerName=standalone-0-4, producerId=9}
2026-09-28T07:48:09,600+0000 [pulsar-io-18-25] INFO  org.apache.pulsar.broker.service.ServerCnx - [PersistentTopic{topic=persistent://public/default/moonpulsar-native-interop-3.3.9-1790581636996-ec_p384-moonbit}][standalone-0-4] Closing producer on cnx /127.0.0.1:57904. producerId=9
2026-09-28T07:48:09,601+0000 [pulsar-io-18-25] INFO  org.apache.pulsar.broker.service.ServerCnx - [PersistentTopic{topic=persistent://public/default/moonpulsar-native-interop-3.3.9-1790581636996-ec_p384-moonbit}][standalone-0-4] Closed producer on cnx /127.0.0.1:57904. producerId=9
2026-09-28T07:48:09,601+0000 [pulsar-io-18-25] INFO  org.apache.pulsar.broker.service.ServerCnx - Closed connection from /127.0.0.1:57904
2026-09-28T07:48:12,333+0000 [pulsar-io-18-27] INFO  org.apache.pulsar.broker.service.ServerCnx - [/127.0.0.1:54880] connected with clientVersion=Pulsar-Java-v3.3.9, clientProtocolVersion=21, proxyVersion=null
2026-09-28T07:48:12,723+0000 [pulsar-io-18-27] INFO  org.apache.pulsar.broker.service.ServerCnx - [[id: 0x8af5d2ee, L:/127.0.0.1:27666 - R:/127.0.0.1:54880] [SR:127.0.0.1, state:Connected]] Subscribing on topic persistent://public/default/moonpulsar-native-interop-3.3.9-1790581636996-ec_p384-moonbit / moonpulsar-java-ec-541603153525985. consumerId: 0
2026-09-28T07:48:12,724+0000 [pulsar-io-18-27] INFO  org.apache.bookkeeper.mledger.impl.ManagedCursorImpl - [public/default/persistent/moonpulsar-native-interop-3.3.9-1790581636996-ec_p384-moonbit] Cursor moonpulsar-java-ec-541603153525985 recovered to position 11:-1
2026-09-28T07:48:12,732+0000 [bookkeeper-ml-scheduler-OrderedScheduler-1-0] INFO  org.apache.bookkeeper.mledger.impl.ManagedLedgerImpl - [public/default/persistent/moonpulsar-native-interop-3.3.9-1790581636996-ec_p384-moonbit] Opened new cursor: ManagedCursorImpl{ledger=public/default/persistent/moonpulsar-native-interop-3.3.9-1790581636996-ec_p384-moonbit, name=moonpulsar-java-ec-541603153525985, ackPos=11:-1, readPos=11:0}
2026-09-28T07:48:12,733+0000 [bookkeeper-ml-scheduler-OrderedScheduler-1-0] INFO  org.apache.bookkeeper.mledger.impl.ManagedCursorImpl - [public/default/persistent/moonpulsar-native-interop-3.3.9-1790581636996-ec_p384-moonbit-moonpulsar-java-ec-541603153525985] Rewind from 11:0 to 11:0
2026-09-28T07:48:12,733+0000 [bookkeeper-ml-scheduler-OrderedScheduler-1-0] INFO  org.apache.pulsar.broker.service.persistent.PersistentSubscription - backlog for persistent://public/default/moonpulsar-native-interop-3.3.9-1790581636996-ec_p384-moonbit - 1
2026-09-28T07:48:12,733+0000 [bookkeeper-ml-scheduler-OrderedScheduler-1-0] INFO  org.apache.pulsar.broker.service.ServerCnx - [/127.0.0.1:54880] Created subscription on topic persistent://public/default/moonpulsar-native-interop-3.3.9-1790581636996-ec_p384-moonbit / moonpulsar-java-ec-541603153525985
2026-09-28T07:48:13,008+0000 [pulsar-io-18-27] INFO  org.apache.pulsar.broker.service.ServerCnx - [/127.0.0.1:54880] Closing consumer: consumerId=0
2026-09-28T07:48:13,008+0000 [pulsar-io-18-27] INFO  org.apache.pulsar.broker.service.AbstractDispatcherSingleActiveConsumer - Removing consumer Consumer{subscription=PersistentSubscription{topic=persistent://public/default/moonpulsar-native-interop-3.3.9-1790581636996-ec_p384-moonbit, name=moonpulsar-java-ec-541603153525985}, consumerId=0, consumerName=zsSKC, address=[id: 0x8af5d2ee, L:/127.0.0.1:27666 - R:/127.0.0.1:54880] [SR:127.0.0.1, state:Connected]}
2026-09-28T07:48:13,009+0000 [pulsar-io-18-27] INFO  org.apache.pulsar.broker.service.ServerCnx - [/127.0.0.1:54880] Closed consumer, consumerId=0
2026-09-28T07:48:13,025+0000 [pulsar-io-18-27] INFO  org.apache.pulsar.broker.service.ServerCnx - Closed connection from /127.0.0.1:54880
2026-09-28T07:48:18,030+0000 [pulsar-io-18-28] INFO  org.apache.pulsar.broker.service.ServerCnx - [/127.0.0.1:54882] connected with clientVersion=Pulsar-Java-v3.3.9, clientProtocolVersion=21, proxyVersion=null
2026-09-28T07:48:18,499+0000 [pulsar-17-11] INFO  org.apache.bookkeeper.mledger.impl.ManagedLedgerImpl - Opening managed ledger public/default/persistent/moonpulsar-native-interop-3.3.9-1790581636996-ec-java
2026-09-28T07:48:18,500+0000 [bookkeeper-ml-scheduler-OrderedScheduler-2-0] INFO  org.apache.bookkeeper.mledger.impl.MetaStoreImpl - Creating '/managed-ledgers/public/default/persistent/moonpulsar-native-interop-3.3.9-1790581636996-ec-java'
2026-09-28T07:48:18,513+0000 [bookkeeper-ml-scheduler-OrderedScheduler-2-0] INFO  org.apache.pulsar.metadata.impl.AbstractMetadataStore - Deleting path: /ledgers/idgen/ID-12 (v. Optional.empty)
2026-09-28T07:48:18,517+0000 [bookkeeper-ml-scheduler-OrderedScheduler-2-0] INFO  org.apache.pulsar.metadata.impl.AbstractMetadataStore - Deleted path: /ledgers/idgen/ID-12 (v. Optional.empty)
2026-09-28T07:48:18,523+0000 [bookkeeper-ml-scheduler-OrderedScheduler-2-0] INFO  org.apache.bookkeeper.client.LedgerCreateOp - Ensemble: [127.0.0.1:35873] for ledger: 12
2026-09-28T07:48:18,523+0000 [BookKeeperClientWorker-OrderedExecutor-22-0] INFO  org.apache.bookkeeper.mledger.impl.ManagedLedgerImpl - [public/default/persistent/moonpulsar-native-interop-3.3.9-1790581636996-ec-java] Created ledger 12 after closed null
2026-09-28T07:48:18,529+0000 [bookkeeper-ml-scheduler-OrderedScheduler-2-0] INFO  org.apache.bookkeeper.mledger.impl.ManagedLedgerFactoryImpl - [public/default/persistent/moonpulsar-native-interop-3.3.9-1790581636996-ec-java] Successfully initialize managed ledger
2026-09-28T07:48:18,530+0000 [broker-topic-workers-OrderedExecutor-2-0] INFO  org.apache.pulsar.broker.service.BrokerService - Created topic persistent://public/default/moonpulsar-native-interop-3.3.9-1790581636996-ec-java - dedup is disabled
2026-09-28T07:48:18,533+0000 [broker-topic-workers-OrderedExecutor-0-0] INFO  org.apache.pulsar.broker.service.ServerCnx - [/127.0.0.1:54882] Created new producer: Producer{topic=PersistentTopic{topic=persistent://public/default/moonpulsar-native-interop-3.3.9-1790581636996-ec-java}, client=[id: 0x198d9be9, L:/127.0.0.1:27666 - R:/127.0.0.1:54882] [SR:127.0.0.1, state:Connected], producerName=standalone-0-5, producerId=0}
2026-09-28T07:48:18,592+0000 [pulsar-io-18-28] INFO  org.apache.pulsar.broker.service.ServerCnx - [PersistentTopic{topic=persistent://public/default/moonpulsar-native-interop-3.3.9-1790581636996-ec-java}][standalone-0-5] Closing producer on cnx /127.0.0.1:54882. producerId=0
2026-09-28T07:48:18,593+0000 [pulsar-io-18-28] INFO  org.apache.pulsar.broker.service.ServerCnx - [PersistentTopic{topic=persistent://public/default/moonpulsar-native-interop-3.3.9-1790581636996-ec-java}][standalone-0-5] Closed producer on cnx /127.0.0.1:54882. producerId=0
2026-09-28T07:48:18,617+0000 [pulsar-io-18-28] INFO  org.apache.pulsar.broker.service.ServerCnx - Closed connection from /127.0.0.1:54882
2026-09-28T07:48:21,136+0000 [pulsar-io-18-30] INFO  org.apache.pulsar.broker.service.ServerCnx - [/127.0.0.1:54894] connected with clientVersion=moonpulsar 0.1.0, clientProtocolVersion=21, proxyVersion=null
2026-09-28T07:48:21,142+0000 [pulsar-io-18-30] INFO  org.apache.pulsar.broker.service.ServerCnx - [[id: 0xdade27cc, L:/127.0.0.1:27666 - R:/127.0.0.1:54894] [SR:127.0.0.1, state:Connected]] Subscribing on topic persistent://public/default/moonpulsar-native-interop-3.3.9-1790581636996-ec-java / moonpulsar-ec-interop-1790581701139. consumerId: 3
2026-09-28T07:48:21,143+0000 [pulsar-io-18-30] INFO  org.apache.bookkeeper.mledger.impl.ManagedCursorImpl - [public/default/persistent/moonpulsar-native-interop-3.3.9-1790581636996-ec-java] Cursor moonpulsar-ec-interop-1790581701139 recovered to position 12:-1
2026-09-28T07:48:21,150+0000 [bookkeeper-ml-scheduler-OrderedScheduler-2-0] INFO  org.apache.bookkeeper.mledger.impl.ManagedLedgerImpl - [public/default/persistent/moonpulsar-native-interop-3.3.9-1790581636996-ec-java] Opened new cursor: ManagedCursorImpl{ledger=public/default/persistent/moonpulsar-native-interop-3.3.9-1790581636996-ec-java, name=moonpulsar-ec-interop-1790581701139, ackPos=12:-1, readPos=12:0}
2026-09-28T07:48:21,151+0000 [bookkeeper-ml-scheduler-OrderedScheduler-2-0] INFO  org.apache.bookkeeper.mledger.impl.ManagedCursorImpl - [public/default/persistent/moonpulsar-native-interop-3.3.9-1790581636996-ec-java-moonpulsar-ec-interop-1790581701139] Rewind from 12:0 to 12:0
2026-09-28T07:48:21,152+0000 [bookkeeper-ml-scheduler-OrderedScheduler-2-0] INFO  org.apache.pulsar.broker.service.persistent.PersistentSubscription - backlog for persistent://public/default/moonpulsar-native-interop-3.3.9-1790581636996-ec-java - 1
2026-09-28T07:48:21,152+0000 [bookkeeper-ml-scheduler-OrderedScheduler-2-0] INFO  org.apache.pulsar.broker.service.ServerCnx - [/127.0.0.1:54894] Created subscription on topic persistent://public/default/moonpulsar-native-interop-3.3.9-1790581636996-ec-java / moonpulsar-ec-interop-1790581701139
2026-09-28T07:48:21,163+0000 [pulsar-io-18-30] INFO  org.apache.pulsar.metadata.impl.AbstractMetadataStore - Deleting path: /ledgers/idgen/ID-13 (v. Optional.empty)
2026-09-28T07:48:21,167+0000 [pulsar-io-18-30] INFO  org.apache.pulsar.metadata.impl.AbstractMetadataStore - Deleted path: /ledgers/idgen/ID-13 (v. Optional.empty)
2026-09-28T07:48:21,172+0000 [pulsar-io-18-30] INFO  org.apache.bookkeeper.client.LedgerCreateOp - Ensemble: [127.0.0.1:35873] for ledger: 13
2026-09-28T07:48:21,173+0000 [pulsar-io-18-30] INFO  org.apache.pulsar.broker.service.ServerCnx - [/127.0.0.1:54894] Closing consumer: consumerId=3
2026-09-28T07:48:21,173+0000 [pulsar-io-18-30] INFO  org.apache.pulsar.broker.service.AbstractDispatcherSingleActiveConsumer - Removing consumer Consumer{subscription=PersistentSubscription{topic=persistent://public/default/moonpulsar-native-interop-3.3.9-1790581636996-ec-java, name=moonpulsar-ec-interop-1790581701139}, consumerId=3, consumerName=, address=[id: 0xdade27cc, L:/127.0.0.1:27666 - R:/127.0.0.1:54894] [SR:127.0.0.1, state:Connected]}
2026-09-28T07:48:21,173+0000 [pulsar-io-18-30] INFO  org.apache.pulsar.broker.service.ServerCnx - [/127.0.0.1:54894] Closed consumer, consumerId=3
2026-09-28T07:48:21,176+0000 [pulsar-17-5] INFO  org.apache.pulsar.broker.namespace.OwnershipCache - Trying to acquire ownership of public/default/0x00000000_0x40000000
2026-09-28T07:48:21,185+0000 [bookkeeper-ml-scheduler-OrderedScheduler-2-0] INFO  org.apache.bookkeeper.mledger.impl.ManagedCursorImpl - [public/default/persistent/moonpulsar-native-interop-3.3.9-1790581636996-ec-java] Updated cursor moonpulsar-ec-interop-1790581701139 with ledger id 13 md-position=12:0 rd-position=12:1
2026-09-28T07:48:21,192+0000 [pulsar-17-5] INFO  org.apache.pulsar.metadata.coordination.impl.ResourceLockImpl - Acquired resource lock on /namespace/public/default/0x00000000_0x40000000
2026-09-28T07:48:21,192+0000 [pulsar-17-5] INFO  org.apache.pulsar.broker.namespace.OwnershipCache - Successfully acquired ownership of OwnedBundle(bundle=public/default/0x00000000_0x40000000, isActive=1)
2026-09-28T07:48:21,192+0000 [pulsar-17-1] INFO  org.apache.pulsar.broker.PulsarService - Loading all topics on bundle: public/default/0x00000000_0x40000000
2026-09-28T07:48:21,195+0000 [pulsar-17-3] INFO  org.apache.bookkeeper.mledger.impl.ManagedLedgerImpl - Opening managed ledger public/default/persistent/moonpulsar-native-interop-3.3.9-1790581636996-ec-moonbit
2026-09-28T07:48:21,196+0000 [bookkeeper-ml-scheduler-OrderedScheduler-0-0] INFO  org.apache.bookkeeper.mledger.impl.MetaStoreImpl - Creating '/managed-ledgers/public/default/persistent/moonpulsar-native-interop-3.3.9-1790581636996-ec-moonbit'
2026-09-28T07:48:21,211+0000 [bookkeeper-ml-scheduler-OrderedScheduler-0-0] INFO  org.apache.pulsar.metadata.impl.AbstractMetadataStore - Deleting path: /ledgers/idgen/ID-14 (v. Optional.empty)
2026-09-28T07:48:21,216+0000 [bookkeeper-ml-scheduler-OrderedScheduler-0-0] INFO  org.apache.pulsar.metadata.impl.AbstractMetadataStore - Deleted path: /ledgers/idgen/ID-14 (v. Optional.empty)
2026-09-28T07:48:21,222+0000 [bookkeeper-ml-scheduler-OrderedScheduler-0-0] INFO  org.apache.bookkeeper.client.LedgerCreateOp - Ensemble: [127.0.0.1:35873] for ledger: 14
2026-09-28T07:48:21,223+0000 [BookKeeperClientWorker-OrderedExecutor-0-0] INFO  org.apache.bookkeeper.mledger.impl.ManagedLedgerImpl - [public/default/persistent/moonpulsar-native-interop-3.3.9-1790581636996-ec-moonbit] Created ledger 14 after closed null
2026-09-28T07:48:21,229+0000 [bookkeeper-ml-scheduler-OrderedScheduler-0-0] INFO  org.apache.bookkeeper.mledger.impl.ManagedLedgerFactoryImpl - [public/default/persistent/moonpulsar-native-interop-3.3.9-1790581636996-ec-moonbit] Successfully initialize managed ledger
2026-09-28T07:48:21,230+0000 [broker-topic-workers-OrderedExecutor-3-0] INFO  org.apache.pulsar.broker.service.BrokerService - Created topic persistent://public/default/moonpulsar-native-interop-3.3.9-1790581636996-ec-moonbit - dedup is disabled
2026-09-28T07:48:21,232+0000 [broker-topic-workers-OrderedExecutor-7-0] INFO  org.apache.pulsar.broker.service.ServerCnx - [/127.0.0.1:54894] Created new producer: Producer{topic=PersistentTopic{topic=persistent://public/default/moonpulsar-native-interop-3.3.9-1790581636996-ec-moonbit}, client=[id: 0xdade27cc, L:/127.0.0.1:27666 - R:/127.0.0.1:54894] [SR:127.0.0.1, state:Connected], producerName=standalone-0-6, producerId=9}
2026-09-28T07:48:21,242+0000 [pulsar-io-18-30] INFO  org.apache.pulsar.broker.service.ServerCnx - [PersistentTopic{topic=persistent://public/default/moonpulsar-native-interop-3.3.9-1790581636996-ec-moonbit}][standalone-0-6] Closing producer on cnx /127.0.0.1:54894. producerId=9
2026-09-28T07:48:21,243+0000 [pulsar-io-18-30] INFO  org.apache.pulsar.broker.service.ServerCnx - [PersistentTopic{topic=persistent://public/default/moonpulsar-native-interop-3.3.9-1790581636996-ec-moonbit}][standalone-0-6] Closed producer on cnx /127.0.0.1:54894. producerId=9
2026-09-28T07:48:21,244+0000 [pulsar-io-18-30] INFO  org.apache.pulsar.broker.service.ServerCnx - Closed connection from /127.0.0.1:54894
2026-09-28T07:48:23,822+0000 [pulsar-io-18-32] INFO  org.apache.pulsar.broker.service.ServerCnx - [/127.0.0.1:46742] connected with clientVersion=Pulsar-Java-v3.3.9, clientProtocolVersion=21, proxyVersion=null
2026-09-28T07:48:24,209+0000 [pulsar-io-18-32] INFO  org.apache.pulsar.broker.service.ServerCnx - [[id: 0x2652d034, L:/127.0.0.1:27666 - R:/127.0.0.1:46742] [SR:127.0.0.1, state:Connected]] Subscribing on topic persistent://public/default/moonpulsar-native-interop-3.3.9-1790581636996-ec-moonbit / moonpulsar-java-ec-541614608904427. consumerId: 0
2026-09-28T07:48:24,209+0000 [pulsar-io-18-32] INFO  org.apache.bookkeeper.mledger.impl.ManagedCursorImpl - [public/default/persistent/moonpulsar-native-interop-3.3.9-1790581636996-ec-moonbit] Cursor moonpulsar-java-ec-541614608904427 recovered to position 14:-1
2026-09-28T07:48:24,217+0000 [bookkeeper-ml-scheduler-OrderedScheduler-0-0] INFO  org.apache.bookkeeper.mledger.impl.ManagedLedgerImpl - [public/default/persistent/moonpulsar-native-interop-3.3.9-1790581636996-ec-moonbit] Opened new cursor: ManagedCursorImpl{ledger=public/default/persistent/moonpulsar-native-interop-3.3.9-1790581636996-ec-moonbit, name=moonpulsar-java-ec-541614608904427, ackPos=14:-1, readPos=14:0}
2026-09-28T07:48:24,217+0000 [bookkeeper-ml-scheduler-OrderedScheduler-0-0] INFO  org.apache.bookkeeper.mledger.impl.ManagedCursorImpl - [public/default/persistent/moonpulsar-native-interop-3.3.9-1790581636996-ec-moonbit-moonpulsar-java-ec-541614608904427] Rewind from 14:0 to 14:0
2026-09-28T07:48:24,217+0000 [bookkeeper-ml-scheduler-OrderedScheduler-0-0] INFO  org.apache.pulsar.broker.service.persistent.PersistentSubscription - backlog for persistent://public/default/moonpulsar-native-interop-3.3.9-1790581636996-ec-moonbit - 1
2026-09-28T07:48:24,217+0000 [bookkeeper-ml-scheduler-OrderedScheduler-0-0] INFO  org.apache.pulsar.broker.service.ServerCnx - [/127.0.0.1:46742] Created subscription on topic persistent://public/default/moonpulsar-native-interop-3.3.9-1790581636996-ec-moonbit / moonpulsar-java-ec-541614608904427
2026-09-28T07:48:24,484+0000 [pulsar-io-18-32] INFO  org.apache.pulsar.metadata.impl.AbstractMetadataStore - Deleting path: /ledgers/idgen/ID-15 (v. Optional.empty)
2026-09-28T07:48:24,487+0000 [pulsar-io-18-32] INFO  org.apache.pulsar.metadata.impl.AbstractMetadataStore - Deleted path: /ledgers/idgen/ID-15 (v. Optional.empty)
2026-09-28T07:48:24,491+0000 [pulsar-io-18-32] INFO  org.apache.bookkeeper.client.LedgerCreateOp - Ensemble: [127.0.0.1:35873] for ledger: 15
2026-09-28T07:48:24,492+0000 [pulsar-io-18-32] INFO  org.apache.pulsar.broker.service.ServerCnx - [/127.0.0.1:46742] Closing consumer: consumerId=0
2026-09-28T07:48:24,492+0000 [pulsar-io-18-32] INFO  org.apache.pulsar.broker.service.AbstractDispatcherSingleActiveConsumer - Removing consumer Consumer{subscription=PersistentSubscription{topic=persistent://public/default/moonpulsar-native-interop-3.3.9-1790581636996-ec-moonbit, name=moonpulsar-java-ec-541614608904427}, consumerId=0, consumerName=ehOsS, address=[id: 0x2652d034, L:/127.0.0.1:27666 - R:/127.0.0.1:46742] [SR:127.0.0.1, state:Connected]}
2026-09-28T07:48:24,492+0000 [pulsar-io-18-32] INFO  org.apache.pulsar.broker.service.ServerCnx - [/127.0.0.1:46742] Closed consumer, consumerId=0
2026-09-28T07:48:24,499+0000 [bookkeeper-ml-scheduler-OrderedScheduler-0-0] INFO  org.apache.bookkeeper.mledger.impl.ManagedCursorImpl - [public/default/persistent/moonpulsar-native-interop-3.3.9-1790581636996-ec-moonbit] Updated cursor moonpulsar-java-ec-541614608904427 with ledger id 15 md-position=14:0 rd-position=14:1
2026-09-28T07:48:24,506+0000 [pulsar-io-18-32] INFO  org.apache.pulsar.broker.service.ServerCnx - Closed connection from /127.0.0.1:46742
2026-09-28T07:48:27,042+0000 [pulsar-io-18-33] INFO  org.apache.pulsar.broker.service.ServerCnx - [/127.0.0.1:46748] connected with clientVersion=Pulsar-Go-v0.21.1-0.20260923011436-a83c1519f68d, clientProtocolVersion=20, proxyVersion=null
2026-09-28T07:48:27,047+0000 [pulsar-17-19] INFO  org.apache.bookkeeper.mledger.impl.ManagedLedgerImpl - Opening managed ledger public/default/persistent/moonpulsar-native-interop-3.3.9-1790581636996-rsa-go
2026-09-28T07:48:27,048+0000 [bookkeeper-ml-scheduler-OrderedScheduler-0-0] INFO  org.apache.bookkeeper.mledger.impl.MetaStoreImpl - Creating '/managed-ledgers/public/default/persistent/moonpulsar-native-interop-3.3.9-1790581636996-rsa-go'
2026-09-28T07:48:27,058+0000 [bookkeeper-ml-scheduler-OrderedScheduler-0-0] INFO  org.apache.pulsar.metadata.impl.AbstractMetadataStore - Deleting path: /ledgers/idgen/ID-16 (v. Optional.empty)
2026-09-28T07:48:27,062+0000 [bookkeeper-ml-scheduler-OrderedScheduler-0-0] INFO  org.apache.pulsar.metadata.impl.AbstractMetadataStore - Deleted path: /ledgers/idgen/ID-16 (v. Optional.empty)
2026-09-28T07:48:27,067+0000 [bookkeeper-ml-scheduler-OrderedScheduler-0-0] INFO  org.apache.bookkeeper.client.LedgerCreateOp - Ensemble: [127.0.0.1:35873] for ledger: 16
2026-09-28T07:48:27,068+0000 [BookKeeperClientWorker-OrderedExecutor-20-0] INFO  org.apache.bookkeeper.mledger.impl.ManagedLedgerImpl - [public/default/persistent/moonpulsar-native-interop-3.3.9-1790581636996-rsa-go] Created ledger 16 after closed null
2026-09-28T07:48:27,073+0000 [bookkeeper-ml-scheduler-OrderedScheduler-0-0] INFO  org.apache.bookkeeper.mledger.impl.ManagedLedgerFactoryImpl - [public/default/persistent/moonpulsar-native-interop-3.3.9-1790581636996-rsa-go] Successfully initialize managed ledger
2026-09-28T07:48:27,075+0000 [broker-topic-workers-OrderedExecutor-7-0] INFO  org.apache.pulsar.broker.service.BrokerService - Created topic persistent://public/default/moonpulsar-native-interop-3.3.9-1790581636996-rsa-go - dedup is disabled
2026-09-28T07:48:27,076+0000 [broker-topic-workers-OrderedExecutor-3-0] INFO  org.apache.pulsar.broker.service.ServerCnx - [/127.0.0.1:46748] Created new producer: Producer{topic=PersistentTopic{topic=persistent://public/default/moonpulsar-native-interop-3.3.9-1790581636996-rsa-go}, client=[id: 0xd8b64b66, L:/127.0.0.1:27666 - R:/127.0.0.1:46748] [SR:127.0.0.1, state:Connected], producerName=standalone-0-7, producerId=1}
2026-09-28T07:48:27,088+0000 [pulsar-io-18-33] INFO  org.apache.pulsar.broker.service.ServerCnx - [PersistentTopic{topic=persistent://public/default/moonpulsar-native-interop-3.3.9-1790581636996-rsa-go}][standalone-0-7] Closing producer on cnx /127.0.0.1:46748. producerId=1
2026-09-28T07:48:27,088+0000 [pulsar-io-18-33] INFO  org.apache.pulsar.broker.service.ServerCnx - [PersistentTopic{topic=persistent://public/default/moonpulsar-native-interop-3.3.9-1790581636996-rsa-go}][standalone-0-7] Closed producer on cnx /127.0.0.1:46748. producerId=1
2026-09-28T07:48:27,089+0000 [pulsar-io-18-33] INFO  org.apache.pulsar.broker.service.ServerCnx - Closed connection from /127.0.0.1:46748
2026-09-28T07:48:27,155+0000 [pulsar-io-18-35] INFO  org.apache.pulsar.broker.service.ServerCnx - [/127.0.0.1:46750] connected with clientVersion=moonpulsar 0.1.0, clientProtocolVersion=21, proxyVersion=null
2026-09-28T07:48:27,159+0000 [pulsar-io-18-35] INFO  org.apache.pulsar.broker.service.ServerCnx - [[id: 0xd49a21ba, L:/127.0.0.1:27666 - R:/127.0.0.1:46750] [SR:127.0.0.1, state:Connected]] Subscribing on topic persistent://public/default/moonpulsar-native-interop-3.3.9-1790581636996-rsa-go / moonpulsar-encryption-interop-1790581707156. consumerId: 3
2026-09-28T07:48:27,159+0000 [pulsar-io-18-35] INFO  org.apache.bookkeeper.mledger.impl.ManagedCursorImpl - [public/default/persistent/moonpulsar-native-interop-3.3.9-1790581636996-rsa-go] Cursor moonpulsar-encryption-interop-1790581707156 recovered to position 16:-1
2026-09-28T07:48:27,164+0000 [bookkeeper-ml-scheduler-OrderedScheduler-0-0] INFO  org.apache.bookkeeper.mledger.impl.ManagedLedgerImpl - [public/default/persistent/moonpulsar-native-interop-3.3.9-1790581636996-rsa-go] Opened new cursor: ManagedCursorImpl{ledger=public/default/persistent/moonpulsar-native-interop-3.3.9-1790581636996-rsa-go, name=moonpulsar-encryption-interop-1790581707156, ackPos=16:-1, readPos=16:0}
2026-09-28T07:48:27,164+0000 [bookkeeper-ml-scheduler-OrderedScheduler-0-0] INFO  org.apache.bookkeeper.mledger.impl.ManagedCursorImpl - [public/default/persistent/moonpulsar-native-interop-3.3.9-1790581636996-rsa-go-moonpulsar-encryption-interop-1790581707156] Rewind from 16:0 to 16:0
2026-09-28T07:48:27,164+0000 [bookkeeper-ml-scheduler-OrderedScheduler-0-0] INFO  org.apache.pulsar.broker.service.persistent.PersistentSubscription - backlog for persistent://public/default/moonpulsar-native-interop-3.3.9-1790581636996-rsa-go - 2
2026-09-28T07:48:27,164+0000 [bookkeeper-ml-scheduler-OrderedScheduler-0-0] INFO  org.apache.pulsar.broker.service.ServerCnx - [/127.0.0.1:46750] Created subscription on topic persistent://public/default/moonpulsar-native-interop-3.3.9-1790581636996-rsa-go / moonpulsar-encryption-interop-1790581707156
2026-09-28T07:48:27,383+0000 [pulsar-io-18-35] INFO  org.apache.pulsar.metadata.impl.AbstractMetadataStore - Deleting path: /ledgers/idgen/ID-17 (v. Optional.empty)
2026-09-28T07:48:27,387+0000 [pulsar-io-18-35] INFO  org.apache.pulsar.metadata.impl.AbstractMetadataStore - Deleted path: /ledgers/idgen/ID-17 (v. Optional.empty)
2026-09-28T07:48:27,391+0000 [pulsar-io-18-35] INFO  org.apache.bookkeeper.client.LedgerCreateOp - Ensemble: [127.0.0.1:35873] for ledger: 17
2026-09-28T07:48:27,394+0000 [pulsar-io-18-35] INFO  org.apache.pulsar.broker.service.ServerCnx - [/127.0.0.1:46750] Closing consumer: consumerId=3
2026-09-28T07:48:27,394+0000 [pulsar-io-18-35] INFO  org.apache.pulsar.broker.service.AbstractDispatcherSingleActiveConsumer - Removing consumer Consumer{subscription=PersistentSubscription{topic=persistent://public/default/moonpulsar-native-interop-3.3.9-1790581636996-rsa-go, name=moonpulsar-encryption-interop-1790581707156}, consumerId=3, consumerName=, address=[id: 0xd49a21ba, L:/127.0.0.1:27666 - R:/127.0.0.1:46750] [SR:127.0.0.1, state:Connected]}
2026-09-28T07:48:27,394+0000 [pulsar-io-18-35] INFO  org.apache.pulsar.broker.service.ServerCnx - [/127.0.0.1:46750] Closed consumer, consumerId=3
2026-09-28T07:48:27,396+0000 [pulsar-io-18-35] INFO  org.apache.pulsar.broker.service.ServerCnx - [[id: 0xd49a21ba, L:/127.0.0.1:27666 - R:/127.0.0.1:46750] [SR:127.0.0.1, state:Connected]] Subscribing on topic persistent://public/default/moonpulsar-native-interop-3.3.9-1790581636996-rsa-go / reader-10-1790581707396. consumerId: 10
2026-09-28T07:48:27,397+0000 [pulsar-io-18-35] INFO  org.apache.pulsar.broker.service.persistent.PersistentTopic - [persistent://public/default/moonpulsar-native-interop-3.3.9-1790581636996-rsa-go][reader-10-1790581707396] Creating non-durable subscription at msg id -1:-1:-1:-1 - {}
2026-09-28T07:48:27,397+0000 [pulsar-io-18-35] INFO  org.apache.bookkeeper.mledger.impl.NonDurableCursorImpl - [public/default/persistent/moonpulsar-native-interop-3.3.9-1790581636996-rsa-go] Created non-durable cursor read-position=16:0 mark-delete-position=16:-1
2026-09-28T07:48:27,397+0000 [pulsar-io-18-35] INFO  org.apache.bookkeeper.mledger.impl.ManagedLedgerImpl - [public/default/persistent/moonpulsar-native-interop-3.3.9-1790581636996-rsa-go] Opened new cursor: NonDurableCursorImpl{ledger=public/default/persistent/moonpulsar-native-interop-3.3.9-1790581636996-rsa-go, cursor=reader-10-1790581707396, ackPos=16:-1, readPos=16:0}
2026-09-28T07:48:27,397+0000 [pulsar-io-18-35] INFO  org.apache.bookkeeper.mledger.impl.ManagedCursorImpl - [public/default/persistent/moonpulsar-native-interop-3.3.9-1790581636996-rsa-go-reader-10-1790581707396] Rewind from 16:0 to 16:0
2026-09-28T07:48:27,398+0000 [pulsar-io-18-35] INFO  org.apache.pulsar.broker.service.persistent.PersistentSubscription - backlog for persistent://public/default/moonpulsar-native-interop-3.3.9-1790581636996-rsa-go - 2
2026-09-28T07:48:27,398+0000 [pulsar-io-18-35] INFO  org.apache.pulsar.broker.service.ServerCnx - [/127.0.0.1:46750] Created subscription on topic persistent://public/default/moonpulsar-native-interop-3.3.9-1790581636996-rsa-go / reader-10-1790581707396
2026-09-28T07:48:27,400+0000 [bookkeeper-ml-scheduler-OrderedScheduler-0-0] INFO  org.apache.bookkeeper.mledger.impl.ManagedCursorImpl - [public/default/persistent/moonpulsar-native-interop-3.3.9-1790581636996-rsa-go] Updated cursor moonpulsar-encryption-interop-1790581707156 with ledger id 17 md-position=16:1 rd-position=16:2
2026-09-28T07:48:27,610+0000 [pulsar-io-18-35] INFO  org.apache.pulsar.broker.service.ServerCnx - [/127.0.0.1:46750] Closing consumer: consumerId=10
2026-09-28T07:48:27,610+0000 [pulsar-io-18-35] INFO  org.apache.pulsar.broker.service.AbstractDispatcherSingleActiveConsumer - Removing consumer Consumer{subscription=PersistentSubscription{topic=persistent://public/default/moonpulsar-native-interop-3.3.9-1790581636996-rsa-go, name=reader-10-1790581707396}, consumerId=10, consumerName=, address=[id: 0xd49a21ba, L:/127.0.0.1:27666 - R:/127.0.0.1:46750] [SR:127.0.0.1, state:Connected]}
2026-09-28T07:48:27,611+0000 [pulsar-io-18-35] INFO  org.apache.pulsar.broker.service.persistent.PersistentSubscription - [persistent://public/default/moonpulsar-native-interop-3.3.9-1790581636996-rsa-go][reader-10-1790581707396] Successfully closed subscription [NonDurableCursorImpl{ledger=public/default/persistent/moonpulsar-native-interop-3.3.9-1790581636996-rsa-go, cursor=reader-10-1790581707396, ackPos=16:-1, readPos=16:2}]
2026-09-28T07:48:27,613+0000 [pulsar-io-18-35] INFO  org.apache.pulsar.broker.service.persistent.PersistentSubscription - [persistent://public/default/moonpulsar-native-interop-3.3.9-1790581636996-rsa-go][reader-10-1790581707396] Successfully closed dispatcher for reader
2026-09-28T07:48:27,614+0000 [pulsar-io-18-35] INFO  org.apache.pulsar.broker.service.ServerCnx - [/127.0.0.1:46750] Closed consumer, consumerId=10
2026-09-28T07:48:27,620+0000 [pulsar-17-17] INFO  org.apache.bookkeeper.mledger.impl.ManagedLedgerImpl - Opening managed ledger public/default/persistent/moonpulsar-native-interop-3.3.9-1790581636996-rsa-moonbit
2026-09-28T07:48:27,620+0000 [bookkeeper-ml-scheduler-OrderedScheduler-1-0] INFO  org.apache.bookkeeper.mledger.impl.MetaStoreImpl - Creating '/managed-ledgers/public/default/persistent/moonpulsar-native-interop-3.3.9-1790581636996-rsa-moonbit'
2026-09-28T07:48:27,628+0000 [bookkeeper-ml-scheduler-OrderedScheduler-1-0] INFO  org.apache.pulsar.metadata.impl.AbstractMetadataStore - Deleting path: /ledgers/idgen/ID-18 (v. Optional.empty)
2026-09-28T07:48:27,632+0000 [bookkeeper-ml-scheduler-OrderedScheduler-1-0] INFO  org.apache.pulsar.metadata.impl.AbstractMetadataStore - Deleted path: /ledgers/idgen/ID-18 (v. Optional.empty)
2026-09-28T07:48:27,636+0000 [bookkeeper-ml-scheduler-OrderedScheduler-1-0] INFO  org.apache.bookkeeper.client.LedgerCreateOp - Ensemble: [127.0.0.1:35873] for ledger: 18
2026-09-28T07:48:27,637+0000 [BookKeeperClientWorker-OrderedExecutor-13-0] INFO  org.apache.bookkeeper.mledger.impl.ManagedLedgerImpl - [public/default/persistent/moonpulsar-native-interop-3.3.9-1790581636996-rsa-moonbit] Created ledger 18 after closed null
2026-09-28T07:48:27,641+0000 [bookkeeper-ml-scheduler-OrderedScheduler-1-0] INFO  org.apache.bookkeeper.mledger.impl.ManagedLedgerFactoryImpl - [public/default/persistent/moonpulsar-native-interop-3.3.9-1790581636996-rsa-moonbit] Successfully initialize managed ledger
2026-09-28T07:48:27,642+0000 [broker-topic-workers-OrderedExecutor-2-0] INFO  org.apache.pulsar.broker.service.BrokerService - Created topic persistent://public/default/moonpulsar-native-interop-3.3.9-1790581636996-rsa-moonbit - dedup is disabled
2026-09-28T07:48:27,643+0000 [broker-topic-workers-OrderedExecutor-7-0] INFO  org.apache.pulsar.broker.service.ServerCnx - [/127.0.0.1:46750] Created new producer: Producer{topic=PersistentTopic{topic=persistent://public/default/moonpulsar-native-interop-3.3.9-1790581636996-rsa-moonbit}, client=[id: 0xd49a21ba, L:/127.0.0.1:27666 - R:/127.0.0.1:46750] [SR:127.0.0.1, state:Connected], producerName=standalone-0-8, producerId=15}
2026-09-28T07:48:27,652+0000 [pulsar-io-18-35] INFO  org.apache.pulsar.broker.service.ServerCnx - [PersistentTopic{topic=persistent://public/default/moonpulsar-native-interop-3.3.9-1790581636996-rsa-moonbit}][standalone-0-8] Closing producer on cnx /127.0.0.1:46750. producerId=15
2026-09-28T07:48:27,652+0000 [pulsar-io-18-35] INFO  org.apache.pulsar.broker.service.ServerCnx - [PersistentTopic{topic=persistent://public/default/moonpulsar-native-interop-3.3.9-1790581636996-rsa-moonbit}][standalone-0-8] Closed producer on cnx /127.0.0.1:46750. producerId=15
2026-09-28T07:48:27,656+0000 [pulsar-17-21] INFO  org.apache.bookkeeper.mledger.impl.ManagedLedgerImpl - Opening managed ledger public/default/persistent/moonpulsar-native-interop-3.3.9-1790581636996-rsa-empty
2026-09-28T07:48:27,656+0000 [bookkeeper-ml-scheduler-OrderedScheduler-2-0] INFO  org.apache.bookkeeper.mledger.impl.MetaStoreImpl - Creating '/managed-ledgers/public/default/persistent/moonpulsar-native-interop-3.3.9-1790581636996-rsa-empty'
2026-09-28T07:48:27,663+0000 [bookkeeper-ml-scheduler-OrderedScheduler-2-0] INFO  org.apache.pulsar.metadata.impl.AbstractMetadataStore - Deleting path: /ledgers/idgen/ID-19 (v. Optional.empty)
2026-09-28T07:48:27,667+0000 [bookkeeper-ml-scheduler-OrderedScheduler-2-0] INFO  org.apache.pulsar.metadata.impl.AbstractMetadataStore - Deleted path: /ledgers/idgen/ID-19 (v. Optional.empty)
2026-09-28T07:48:27,672+0000 [bookkeeper-ml-scheduler-OrderedScheduler-2-0] INFO  org.apache.bookkeeper.client.LedgerCreateOp - Ensemble: [127.0.0.1:35873] for ledger: 19
2026-09-28T07:48:27,673+0000 [BookKeeperClientWorker-OrderedExecutor-22-0] INFO  org.apache.bookkeeper.mledger.impl.ManagedLedgerImpl - [public/default/persistent/moonpulsar-native-interop-3.3.9-1790581636996-rsa-empty] Created ledger 19 after closed null
2026-09-28T07:48:27,677+0000 [bookkeeper-ml-scheduler-OrderedScheduler-2-0] INFO  org.apache.bookkeeper.mledger.impl.ManagedLedgerFactoryImpl - [public/default/persistent/moonpulsar-native-interop-3.3.9-1790581636996-rsa-empty] Successfully initialize managed ledger
2026-09-28T07:48:27,678+0000 [broker-topic-workers-OrderedExecutor-4-0] INFO  org.apache.pulsar.broker.service.BrokerService - Created topic persistent://public/default/moonpulsar-native-interop-3.3.9-1790581636996-rsa-empty - dedup is disabled
2026-09-28T07:48:27,679+0000 [broker-topic-workers-OrderedExecutor-7-0] INFO  org.apache.pulsar.broker.service.ServerCnx - [/127.0.0.1:46750] Created new producer: Producer{topic=PersistentTopic{topic=persistent://public/default/moonpulsar-native-interop-3.3.9-1790581636996-rsa-empty}, client=[id: 0xd49a21ba, L:/127.0.0.1:27666 - R:/127.0.0.1:46750] [SR:127.0.0.1, state:Connected], producerName=standalone-0-9, producerId=20}
2026-09-28T07:48:27,687+0000 [pulsar-io-18-35] INFO  org.apache.pulsar.broker.service.ServerCnx - [PersistentTopic{topic=persistent://public/default/moonpulsar-native-interop-3.3.9-1790581636996-rsa-empty}][standalone-0-9] Closing producer on cnx /127.0.0.1:46750. producerId=20
2026-09-28T07:48:27,687+0000 [pulsar-io-18-35] INFO  org.apache.pulsar.broker.service.ServerCnx - [PersistentTopic{topic=persistent://public/default/moonpulsar-native-interop-3.3.9-1790581636996-rsa-empty}][standalone-0-9] Closed producer on cnx /127.0.0.1:46750. producerId=20
2026-09-28T07:48:27,693+0000 [pulsar-17-23] INFO  org.apache.bookkeeper.mledger.impl.ManagedLedgerImpl - Opening managed ledger public/default/persistent/moonpulsar-native-interop-3.3.9-1790581636996-rsa-compressed
2026-09-28T07:48:27,693+0000 [bookkeeper-ml-scheduler-OrderedScheduler-1-0] INFO  org.apache.bookkeeper.mledger.impl.MetaStoreImpl - Creating '/managed-ledgers/public/default/persistent/moonpulsar-native-interop-3.3.9-1790581636996-rsa-compressed'
2026-09-28T07:48:27,701+0000 [bookkeeper-ml-scheduler-OrderedScheduler-1-0] INFO  org.apache.pulsar.metadata.impl.AbstractMetadataStore - Deleting path: /ledgers/idgen/ID-20 (v. Optional.empty)
2026-09-28T07:48:27,705+0000 [bookkeeper-ml-scheduler-OrderedScheduler-1-0] INFO  org.apache.pulsar.metadata.impl.AbstractMetadataStore - Deleted path: /ledgers/idgen/ID-20 (v. Optional.empty)
2026-09-28T07:48:27,709+0000 [bookkeeper-ml-scheduler-OrderedScheduler-1-0] INFO  org.apache.bookkeeper.client.LedgerCreateOp - Ensemble: [127.0.0.1:35873] for ledger: 20
2026-09-28T07:48:27,709+0000 [BookKeeperClientWorker-OrderedExecutor-1-0] INFO  org.apache.bookkeeper.mledger.impl.ManagedLedgerImpl - [public/default/persistent/moonpulsar-native-interop-3.3.9-1790581636996-rsa-compressed] Created ledger 20 after closed null
2026-09-28T07:48:27,713+0000 [bookkeeper-ml-scheduler-OrderedScheduler-1-0] INFO  org.apache.bookkeeper.mledger.impl.ManagedLedgerFactoryImpl - [public/default/persistent/moonpulsar-native-interop-3.3.9-1790581636996-rsa-compressed] Successfully initialize managed ledger
2026-09-28T07:48:27,714+0000 [broker-topic-workers-OrderedExecutor-7-0] INFO  org.apache.pulsar.broker.service.BrokerService - Created topic persistent://public/default/moonpulsar-native-interop-3.3.9-1790581636996-rsa-compressed - dedup is disabled
2026-09-28T07:48:27,715+0000 [broker-topic-workers-OrderedExecutor-7-0] INFO  org.apache.pulsar.broker.service.ServerCnx - [/127.0.0.1:46750] Created new producer: Producer{topic=PersistentTopic{topic=persistent://public/default/moonpulsar-native-interop-3.3.9-1790581636996-rsa-compressed}, client=[id: 0xd49a21ba, L:/127.0.0.1:27666 - R:/127.0.0.1:46750] [SR:127.0.0.1, state:Connected], producerName=standalone-0-10, producerId=25}
2026-09-28T07:48:27,724+0000 [pulsar-io-18-35] INFO  org.apache.pulsar.broker.service.ServerCnx - [PersistentTopic{topic=persistent://public/default/moonpulsar-native-interop-3.3.9-1790581636996-rsa-compressed}][standalone-0-10] Closing producer on cnx /127.0.0.1:46750. producerId=25
2026-09-28T07:48:27,724+0000 [pulsar-io-18-35] INFO  org.apache.pulsar.broker.service.ServerCnx - [PersistentTopic{topic=persistent://public/default/moonpulsar-native-interop-3.3.9-1790581636996-rsa-compressed}][standalone-0-10] Closed producer on cnx /127.0.0.1:46750. producerId=25
2026-09-28T07:48:27,728+0000 [pulsar-17-9] INFO  org.apache.bookkeeper.mledger.impl.ManagedLedgerImpl - Opening managed ledger public/default/persistent/moonpulsar-native-interop-3.3.9-1790581636996-rsa-batch
2026-09-28T07:48:27,729+0000 [bookkeeper-ml-scheduler-OrderedScheduler-0-0] INFO  org.apache.bookkeeper.mledger.impl.MetaStoreImpl - Creating '/managed-ledgers/public/default/persistent/moonpulsar-native-interop-3.3.9-1790581636996-rsa-batch'
2026-09-28T07:48:27,737+0000 [bookkeeper-ml-scheduler-OrderedScheduler-0-0] INFO  org.apache.pulsar.metadata.impl.AbstractMetadataStore - Deleting path: /ledgers/idgen/ID-21 (v. Optional.empty)
2026-09-28T07:48:27,740+0000 [bookkeeper-ml-scheduler-OrderedScheduler-0-0] INFO  org.apache.pulsar.metadata.impl.AbstractMetadataStore - Deleted path: /ledgers/idgen/ID-21 (v. Optional.empty)
2026-09-28T07:48:27,745+0000 [bookkeeper-ml-scheduler-OrderedScheduler-0-0] INFO  org.apache.bookkeeper.client.LedgerCreateOp - Ensemble: [127.0.0.1:35873] for ledger: 21
2026-09-28T07:48:27,745+0000 [BookKeeperClientWorker-OrderedExecutor-20-0] INFO  org.apache.bookkeeper.mledger.impl.ManagedLedgerImpl - [public/default/persistent/moonpulsar-native-interop-3.3.9-1790581636996-rsa-batch] Created ledger 21 after closed null
2026-09-28T07:48:27,749+0000 [bookkeeper-ml-scheduler-OrderedScheduler-0-0] INFO  org.apache.bookkeeper.mledger.impl.ManagedLedgerFactoryImpl - [public/default/persistent/moonpulsar-native-interop-3.3.9-1790581636996-rsa-batch] Successfully initialize managed ledger
2026-09-28T07:48:27,750+0000 [broker-topic-workers-OrderedExecutor-3-0] INFO  org.apache.pulsar.broker.service.BrokerService - Created topic persistent://public/default/moonpulsar-native-interop-3.3.9-1790581636996-rsa-batch - dedup is disabled
2026-09-28T07:48:27,751+0000 [broker-topic-workers-OrderedExecutor-6-0] INFO  org.apache.pulsar.broker.service.ServerCnx - [/127.0.0.1:46750] Created new producer: Producer{topic=PersistentTopic{topic=persistent://public/default/moonpulsar-native-interop-3.3.9-1790581636996-rsa-batch}, client=[id: 0xd49a21ba, L:/127.0.0.1:27666 - R:/127.0.0.1:46750] [SR:127.0.0.1, state:Connected], producerName=standalone-0-11, producerId=30}
2026-09-28T07:48:27,759+0000 [pulsar-io-18-35] INFO  org.apache.pulsar.broker.service.ServerCnx - [PersistentTopic{topic=persistent://public/default/moonpulsar-native-interop-3.3.9-1790581636996-rsa-batch}][standalone-0-11] Closing producer on cnx /127.0.0.1:46750. producerId=30
2026-09-28T07:48:27,759+0000 [pulsar-io-18-35] INFO  org.apache.pulsar.broker.service.ServerCnx - [PersistentTopic{topic=persistent://public/default/moonpulsar-native-interop-3.3.9-1790581636996-rsa-batch}][standalone-0-11] Closed producer on cnx /127.0.0.1:46750. producerId=30
2026-09-28T07:48:27,762+0000 [pulsar-io-18-35] INFO  org.apache.pulsar.broker.service.ServerCnx - [[id: 0xd49a21ba, L:/127.0.0.1:27666 - R:/127.0.0.1:46750] [SR:127.0.0.1, state:Connected]] Subscribing on topic persistent://public/default/moonpulsar-native-interop-3.3.9-1790581636996-rsa-moonbit / moonpulsar-encryption-missing-key-1790581707760. consumerId: 35
2026-09-28T07:48:27,762+0000 [pulsar-io-18-35] INFO  org.apache.bookkeeper.mledger.impl.ManagedCursorImpl - [public/default/persistent/moonpulsar-native-interop-3.3.9-1790581636996-rsa-moonbit] Cursor moonpulsar-encryption-missing-key-1790581707760 recovered to position 18:-1
2026-09-28T07:48:27,766+0000 [bookkeeper-ml-scheduler-OrderedScheduler-1-0] INFO  org.apache.bookkeeper.mledger.impl.ManagedLedgerImpl - [public/default/persistent/moonpulsar-native-interop-3.3.9-1790581636996-rsa-moonbit] Opened new cursor: ManagedCursorImpl{ledger=public/default/persistent/moonpulsar-native-interop-3.3.9-1790581636996-rsa-moonbit, name=moonpulsar-encryption-missing-key-1790581707760, ackPos=18:-1, readPos=18:0}
2026-09-28T07:48:27,766+0000 [bookkeeper-ml-scheduler-OrderedScheduler-1-0] INFO  org.apache.bookkeeper.mledger.impl.ManagedCursorImpl - [public/default/persistent/moonpulsar-native-interop-3.3.9-1790581636996-rsa-moonbit-moonpulsar-encryption-missing-key-1790581707760] Rewind from 18:0 to 18:0
2026-09-28T07:48:27,767+0000 [bookkeeper-ml-scheduler-OrderedScheduler-1-0] INFO  org.apache.pulsar.broker.service.persistent.PersistentSubscription - backlog for persistent://public/default/moonpulsar-native-interop-3.3.9-1790581636996-rsa-moonbit - 1
2026-09-28T07:48:27,767+0000 [bookkeeper-ml-scheduler-OrderedScheduler-1-0] INFO  org.apache.pulsar.broker.service.ServerCnx - [/127.0.0.1:46750] Created subscription on topic persistent://public/default/moonpulsar-native-interop-3.3.9-1790581636996-rsa-moonbit / moonpulsar-encryption-missing-key-1790581707760
2026-09-28T07:48:27,770+0000 [pulsar-io-18-35] INFO  org.apache.pulsar.broker.service.ServerCnx - [/127.0.0.1:46750] Closing consumer: consumerId=35
2026-09-28T07:48:27,770+0000 [pulsar-io-18-35] INFO  org.apache.pulsar.broker.service.AbstractDispatcherSingleActiveConsumer - Removing consumer Consumer{subscription=PersistentSubscription{topic=persistent://public/default/moonpulsar-native-interop-3.3.9-1790581636996-rsa-moonbit, name=moonpulsar-encryption-missing-key-1790581707760}, consumerId=35, consumerName=, address=[id: 0xd49a21ba, L:/127.0.0.1:27666 - R:/127.0.0.1:46750] [SR:127.0.0.1, state:Connected]}
2026-09-28T07:48:27,770+0000 [pulsar-io-18-35] INFO  org.apache.pulsar.broker.service.ServerCnx - [/127.0.0.1:46750] Closed consumer, consumerId=35
2026-09-28T07:48:27,770+0000 [pulsar-io-18-35] INFO  org.apache.pulsar.broker.service.ServerCnx - [/127.0.0.1:46750] Closing consumer: consumerId=35
2026-09-28T07:48:27,771+0000 [pulsar-io-18-35] INFO  org.apache.pulsar.broker.service.ServerCnx - [35] Consumer was not registered on the connection: /127.0.0.1:46750
2026-09-28T07:48:27,773+0000 [pulsar-io-18-35] INFO  org.apache.pulsar.broker.service.ServerCnx - [[id: 0xd49a21ba, L:/127.0.0.1:27666 - R:/127.0.0.1:46750] [SR:127.0.0.1, state:Connected]] Subscribing on topic persistent://public/default/moonpulsar-native-interop-3.3.9-1790581636996-rsa-moonbit / moonpulsar-encryption-consume-1790581707771. consumerId: 41
2026-09-28T07:48:27,773+0000 [pulsar-io-18-35] INFO  org.apache.bookkeeper.mledger.impl.ManagedCursorImpl - [public/default/persistent/moonpulsar-native-interop-3.3.9-1790581636996-rsa-moonbit] Cursor moonpulsar-encryption-consume-1790581707771 recovered to position 18:-1
2026-09-28T07:48:27,777+0000 [bookkeeper-ml-scheduler-OrderedScheduler-1-0] INFO  org.apache.bookkeeper.mledger.impl.ManagedLedgerImpl - [public/default/persistent/moonpulsar-native-interop-3.3.9-1790581636996-rsa-moonbit] Opened new cursor: ManagedCursorImpl{ledger=public/default/persistent/moonpulsar-native-interop-3.3.9-1790581636996-rsa-moonbit, name=moonpulsar-encryption-consume-1790581707771, ackPos=18:-1, readPos=18:0}
2026-09-28T07:48:27,777+0000 [bookkeeper-ml-scheduler-OrderedScheduler-1-0] INFO  org.apache.bookkeeper.mledger.impl.ManagedCursorImpl - [public/default/persistent/moonpulsar-native-interop-3.3.9-1790581636996-rsa-moonbit-moonpulsar-encryption-consume-1790581707771] Rewind from 18:0 to 18:0
2026-09-28T07:48:27,777+0000 [bookkeeper-ml-scheduler-OrderedScheduler-1-0] INFO  org.apache.pulsar.broker.service.persistent.PersistentSubscription - backlog for persistent://public/default/moonpulsar-native-interop-3.3.9-1790581636996-rsa-moonbit - 1
2026-09-28T07:48:27,777+0000 [bookkeeper-ml-scheduler-OrderedScheduler-1-0] INFO  org.apache.pulsar.broker.service.ServerCnx - [/127.0.0.1:46750] Created subscription on topic persistent://public/default/moonpulsar-native-interop-3.3.9-1790581636996-rsa-moonbit / moonpulsar-encryption-consume-1790581707771
2026-09-28T07:48:27,784+0000 [pulsar-io-18-35] INFO  org.apache.pulsar.metadata.impl.AbstractMetadataStore - Deleting path: /ledgers/idgen/ID-22 (v. Optional.empty)
2026-09-28T07:48:27,787+0000 [pulsar-io-18-35] INFO  org.apache.pulsar.metadata.impl.AbstractMetadataStore - Deleted path: /ledgers/idgen/ID-22 (v. Optional.empty)
2026-09-28T07:48:27,791+0000 [pulsar-io-18-35] INFO  org.apache.bookkeeper.client.LedgerCreateOp - Ensemble: [127.0.0.1:35873] for ledger: 22
2026-09-28T07:48:27,792+0000 [pulsar-io-18-35] INFO  org.apache.pulsar.broker.service.ServerCnx - [/127.0.0.1:46750] Closing consumer: consumerId=41
2026-09-28T07:48:27,792+0000 [pulsar-io-18-35] INFO  org.apache.pulsar.broker.service.AbstractDispatcherSingleActiveConsumer - Removing consumer Consumer{subscription=PersistentSubscription{topic=persistent://public/default/moonpulsar-native-interop-3.3.9-1790581636996-rsa-moonbit, name=moonpulsar-encryption-consume-1790581707771}, consumerId=41, consumerName=, address=[id: 0xd49a21ba, L:/127.0.0.1:27666 - R:/127.0.0.1:46750] [SR:127.0.0.1, state:Connected]}
2026-09-28T07:48:27,792+0000 [pulsar-io-18-35] INFO  org.apache.pulsar.broker.service.ServerCnx - [/127.0.0.1:46750] Closed consumer, consumerId=41
2026-09-28T07:48:27,796+0000 [broker-topic-workers-OrderedExecutor-7-0] INFO  org.apache.pulsar.broker.service.ServerCnx - [/127.0.0.1:46750] Created new producer: Producer{topic=PersistentTopic{topic=persistent://public/default/moonpulsar-native-interop-3.3.9-1790581636996-rsa-moonbit}, client=[id: 0xd49a21ba, L:/127.0.0.1:27666 - R:/127.0.0.1:46750] [SR:127.0.0.1, state:Connected], producerName=standalone-0-12, producerId=47}
2026-09-28T07:48:27,798+0000 [bookkeeper-ml-scheduler-OrderedScheduler-1-0] INFO  org.apache.bookkeeper.mledger.impl.ManagedCursorImpl - [public/default/persistent/moonpulsar-native-interop-3.3.9-1790581636996-rsa-moonbit] Updated cursor moonpulsar-encryption-consume-1790581707771 with ledger id 22 md-position=18:0 rd-position=18:1
2026-09-28T07:48:27,799+0000 [pulsar-io-18-35] INFO  org.apache.pulsar.broker.service.ServerCnx - [PersistentTopic{topic=persistent://public/default/moonpulsar-native-interop-3.3.9-1790581636996-rsa-moonbit}][standalone-0-12] Closing producer on cnx /127.0.0.1:46750. producerId=47
2026-09-28T07:48:27,799+0000 [pulsar-io-18-35] INFO  org.apache.pulsar.broker.service.ServerCnx - [PersistentTopic{topic=persistent://public/default/moonpulsar-native-interop-3.3.9-1790581636996-rsa-moonbit}][standalone-0-12] Closed producer on cnx /127.0.0.1:46750. producerId=47
2026-09-28T07:48:27,801+0000 [pulsar-io-18-35] INFO  org.apache.pulsar.broker.service.ServerCnx - [[id: 0xd49a21ba, L:/127.0.0.1:27666 - R:/127.0.0.1:46750] [SR:127.0.0.1, state:Connected]] Subscribing on topic persistent://public/default/moonpulsar-native-interop-3.3.9-1790581636996-rsa-moonbit / moonpulsar-encryption-discard-1790581707800. consumerId: 52
2026-09-28T07:48:27,802+0000 [pulsar-io-18-35] INFO  org.apache.bookkeeper.mledger.impl.ManagedCursorImpl - [public/default/persistent/moonpulsar-native-interop-3.3.9-1790581636996-rsa-moonbit] Cursor moonpulsar-encryption-discard-1790581707800 recovered to position 18:-1
2026-09-28T07:48:27,806+0000 [bookkeeper-ml-scheduler-OrderedScheduler-1-0] INFO  org.apache.bookkeeper.mledger.impl.ManagedLedgerImpl - [public/default/persistent/moonpulsar-native-interop-3.3.9-1790581636996-rsa-moonbit] Opened new cursor: ManagedCursorImpl{ledger=public/default/persistent/moonpulsar-native-interop-3.3.9-1790581636996-rsa-moonbit, name=moonpulsar-encryption-discard-1790581707800, ackPos=18:-1, readPos=18:0}
2026-09-28T07:48:27,806+0000 [bookkeeper-ml-scheduler-OrderedScheduler-1-0] INFO  org.apache.bookkeeper.mledger.impl.ManagedCursorImpl - [public/default/persistent/moonpulsar-native-interop-3.3.9-1790581636996-rsa-moonbit-moonpulsar-encryption-discard-1790581707800] Rewind from 18:0 to 18:0
2026-09-28T07:48:27,806+0000 [bookkeeper-ml-scheduler-OrderedScheduler-1-0] INFO  org.apache.pulsar.broker.service.persistent.PersistentSubscription - backlog for persistent://public/default/moonpulsar-native-interop-3.3.9-1790581636996-rsa-moonbit - 2
2026-09-28T07:48:27,806+0000 [bookkeeper-ml-scheduler-OrderedScheduler-1-0] INFO  org.apache.pulsar.broker.service.ServerCnx - [/127.0.0.1:46750] Created subscription on topic persistent://public/default/moonpulsar-native-interop-3.3.9-1790581636996-rsa-moonbit / moonpulsar-encryption-discard-1790581707800
2026-09-28T07:48:27,813+0000 [pulsar-io-18-35] INFO  org.apache.pulsar.metadata.impl.AbstractMetadataStore - Deleting path: /ledgers/idgen/ID-23 (v. Optional.empty)
2026-09-28T07:48:27,817+0000 [pulsar-io-18-35] INFO  org.apache.pulsar.metadata.impl.AbstractMetadataStore - Deleted path: /ledgers/idgen/ID-23 (v. Optional.empty)
2026-09-28T07:48:27,821+0000 [pulsar-io-18-35] INFO  org.apache.bookkeeper.client.LedgerCreateOp - Ensemble: [127.0.0.1:35873] for ledger: 23
2026-09-28T07:48:27,823+0000 [pulsar-io-18-35] INFO  org.apache.pulsar.broker.service.ServerCnx - [/127.0.0.1:46750] Closing consumer: consumerId=52
2026-09-28T07:48:27,823+0000 [pulsar-io-18-35] INFO  org.apache.pulsar.broker.service.AbstractDispatcherSingleActiveConsumer - Removing consumer Consumer{subscription=PersistentSubscription{topic=persistent://public/default/moonpulsar-native-interop-3.3.9-1790581636996-rsa-moonbit, name=moonpulsar-encryption-discard-1790581707800}, consumerId=52, consumerName=, address=[id: 0xd49a21ba, L:/127.0.0.1:27666 - R:/127.0.0.1:46750] [SR:127.0.0.1, state:Connected]}
2026-09-28T07:48:27,823+0000 [pulsar-io-18-35] INFO  org.apache.pulsar.broker.service.ServerCnx - [/127.0.0.1:46750] Closed consumer, consumerId=52
2026-09-28T07:48:27,826+0000 [pulsar-io-18-35] INFO  org.apache.pulsar.broker.service.ServerCnx - [[id: 0xd49a21ba, L:/127.0.0.1:27666 - R:/127.0.0.1:46750] [SR:127.0.0.1, state:Connected]] Subscribing on topic persistent://public/default/moonpulsar-native-interop-3.3.9-1790581636996-rsa-retry-source / moonpulsar-crypto-retry-1790581707823. consumerId: 58
2026-09-28T07:48:27,828+0000 [bookkeeper-ml-scheduler-OrderedScheduler-1-0] INFO  org.apache.bookkeeper.mledger.impl.ManagedCursorImpl - [public/default/persistent/moonpulsar-native-interop-3.3.9-1790581636996-rsa-moonbit] Updated cursor moonpulsar-encryption-discard-1790581707800 with ledger id 23 md-position=18:1 rd-position=18:2
2026-09-28T07:48:27,828+0000 [pulsar-17-4] INFO  org.apache.bookkeeper.mledger.impl.ManagedLedgerImpl - Opening managed ledger public/default/persistent/moonpulsar-native-interop-3.3.9-1790581636996-rsa-retry-source
2026-09-28T07:48:27,828+0000 [bookkeeper-ml-scheduler-OrderedScheduler-0-0] INFO  org.apache.bookkeeper.mledger.impl.MetaStoreImpl - Creating '/managed-ledgers/public/default/persistent/moonpulsar-native-interop-3.3.9-1790581636996-rsa-retry-source'
2026-09-28T07:48:27,836+0000 [bookkeeper-ml-scheduler-OrderedScheduler-0-0] INFO  org.apache.pulsar.metadata.impl.AbstractMetadataStore - Deleting path: /ledgers/idgen/ID-24 (v. Optional.empty)
2026-09-28T07:48:27,839+0000 [bookkeeper-ml-scheduler-OrderedScheduler-0-0] INFO  org.apache.pulsar.metadata.impl.AbstractMetadataStore - Deleted path: /ledgers/idgen/ID-24 (v. Optional.empty)
2026-09-28T07:48:27,843+0000 [bookkeeper-ml-scheduler-OrderedScheduler-0-0] INFO  org.apache.bookkeeper.client.LedgerCreateOp - Ensemble: [127.0.0.1:35873] for ledger: 24
2026-09-28T07:48:27,844+0000 [BookKeeperClientWorker-OrderedExecutor-8-0] INFO  org.apache.bookkeeper.mledger.impl.ManagedLedgerImpl - [public/default/persistent/moonpulsar-native-interop-3.3.9-1790581636996-rsa-retry-source] Created ledger 24 after closed null
2026-09-28T07:48:27,849+0000 [bookkeeper-ml-scheduler-OrderedScheduler-0-0] INFO  org.apache.bookkeeper.mledger.impl.ManagedLedgerFactoryImpl - [public/default/persistent/moonpulsar-native-interop-3.3.9-1790581636996-rsa-retry-source] Successfully initialize managed ledger
2026-09-28T07:48:27,850+0000 [broker-topic-workers-OrderedExecutor-4-0] INFO  org.apache.pulsar.broker.service.BrokerService - Created topic persistent://public/default/moonpulsar-native-interop-3.3.9-1790581636996-rsa-retry-source - dedup is disabled
2026-09-28T07:48:27,850+0000 [broker-topic-workers-OrderedExecutor-4-0] INFO  org.apache.bookkeeper.mledger.impl.ManagedCursorImpl - [public/default/persistent/moonpulsar-native-interop-3.3.9-1790581636996-rsa-retry-source] Cursor moonpulsar-crypto-retry-1790581707823 recovered to position 24:-1
2026-09-28T07:48:27,854+0000 [bookkeeper-ml-scheduler-OrderedScheduler-0-0] INFO  org.apache.bookkeeper.mledger.impl.ManagedLedgerImpl - [public/default/persistent/moonpulsar-native-interop-3.3.9-1790581636996-rsa-retry-source] Opened new cursor: ManagedCursorImpl{ledger=public/default/persistent/moonpulsar-native-interop-3.3.9-1790581636996-rsa-retry-source, name=moonpulsar-crypto-retry-1790581707823, ackPos=24:-1, readPos=24:0}
2026-09-28T07:48:27,863+0000 [bookkeeper-ml-scheduler-OrderedScheduler-0-0] INFO  org.apache.bookkeeper.mledger.impl.ManagedCursorImpl - [public/default/persistent/moonpulsar-native-interop-3.3.9-1790581636996-rsa-retry-source-moonpulsar-crypto-retry-1790581707823] Rewind from 24:0 to 24:0
2026-09-28T07:48:27,863+0000 [bookkeeper-ml-scheduler-OrderedScheduler-0-0] INFO  org.apache.pulsar.broker.service.persistent.PersistentSubscription - backlog for persistent://public/default/moonpulsar-native-interop-3.3.9-1790581636996-rsa-retry-source - 0
2026-09-28T07:48:27,863+0000 [bookkeeper-ml-scheduler-OrderedScheduler-0-0] INFO  org.apache.pulsar.broker.service.ServerCnx - [/127.0.0.1:46750] Created subscription on topic persistent://public/default/moonpulsar-native-interop-3.3.9-1790581636996-rsa-retry-source / moonpulsar-crypto-retry-1790581707823
2026-09-28T07:48:27,867+0000 [pulsar-io-18-35] INFO  org.apache.pulsar.broker.service.ServerCnx - [[id: 0xd49a21ba, L:/127.0.0.1:27666 - R:/127.0.0.1:46750] [SR:127.0.0.1, state:Connected]] Subscribing on topic persistent://public/default/moonpulsar-native-interop-3.3.9-1790581636996-rsa-retry / moonpulsar-crypto-retry-1790581707823. consumerId: 62
2026-09-28T07:48:27,869+0000 [pulsar-17-14] INFO  org.apache.bookkeeper.mledger.impl.ManagedLedgerImpl - Opening managed ledger public/default/persistent/moonpulsar-native-interop-3.3.9-1790581636996-rsa-retry
2026-09-28T07:48:27,869+0000 [bookkeeper-ml-scheduler-OrderedScheduler-3-0] INFO  org.apache.bookkeeper.mledger.impl.MetaStoreImpl - Creating '/managed-ledgers/public/default/persistent/moonpulsar-native-interop-3.3.9-1790581636996-rsa-retry'
2026-09-28T07:48:27,877+0000 [bookkeeper-ml-scheduler-OrderedScheduler-3-0] INFO  org.apache.pulsar.metadata.impl.AbstractMetadataStore - Deleting path: /ledgers/idgen/ID-25 (v. Optional.empty)
2026-09-28T07:48:27,881+0000 [bookkeeper-ml-scheduler-OrderedScheduler-3-0] INFO  org.apache.pulsar.metadata.impl.AbstractMetadataStore - Deleted path: /ledgers/idgen/ID-25 (v. Optional.empty)
2026-09-28T07:48:27,886+0000 [bookkeeper-ml-scheduler-OrderedScheduler-3-0] INFO  org.apache.bookkeeper.client.LedgerCreateOp - Ensemble: [127.0.0.1:35873] for ledger: 25
2026-09-28T07:48:27,886+0000 [BookKeeperClientWorker-OrderedExecutor-19-0] INFO  org.apache.bookkeeper.mledger.impl.ManagedLedgerImpl - [public/default/persistent/moonpulsar-native-interop-3.3.9-1790581636996-rsa-retry] Created ledger 25 after closed null
2026-09-28T07:48:27,891+0000 [bookkeeper-ml-scheduler-OrderedScheduler-3-0] INFO  org.apache.bookkeeper.mledger.impl.ManagedLedgerFactoryImpl - [public/default/persistent/moonpulsar-native-interop-3.3.9-1790581636996-rsa-retry] Successfully initialize managed ledger
2026-09-28T07:48:27,892+0000 [broker-topic-workers-OrderedExecutor-6-0] INFO  org.apache.pulsar.broker.service.BrokerService - Created topic persistent://public/default/moonpulsar-native-interop-3.3.9-1790581636996-rsa-retry - dedup is disabled
2026-09-28T07:48:27,893+0000 [broker-topic-workers-OrderedExecutor-6-0] INFO  org.apache.bookkeeper.mledger.impl.ManagedCursorImpl - [public/default/persistent/moonpulsar-native-interop-3.3.9-1790581636996-rsa-retry] Cursor moonpulsar-crypto-retry-1790581707823 recovered to position 25:-1
2026-09-28T07:48:27,898+0000 [bookkeeper-ml-scheduler-OrderedScheduler-3-0] INFO  org.apache.bookkeeper.mledger.impl.ManagedLedgerImpl - [public/default/persistent/moonpulsar-native-interop-3.3.9-1790581636996-rsa-retry] Opened new cursor: ManagedCursorImpl{ledger=public/default/persistent/moonpulsar-native-interop-3.3.9-1790581636996-rsa-retry, name=moonpulsar-crypto-retry-1790581707823, ackPos=25:-1, readPos=25:0}
2026-09-28T07:48:27,898+0000 [bookkeeper-ml-scheduler-OrderedScheduler-3-0] INFO  org.apache.bookkeeper.mledger.impl.ManagedCursorImpl - [public/default/persistent/moonpulsar-native-interop-3.3.9-1790581636996-rsa-retry-moonpulsar-crypto-retry-1790581707823] Rewind from 25:0 to 25:0
2026-09-28T07:48:27,899+0000 [bookkeeper-ml-scheduler-OrderedScheduler-3-0] INFO  org.apache.pulsar.broker.service.persistent.PersistentSubscription - backlog for persistent://public/default/moonpulsar-native-interop-3.3.9-1790581636996-rsa-retry - 0
2026-09-28T07:48:27,899+0000 [bookkeeper-ml-scheduler-OrderedScheduler-3-0] INFO  org.apache.pulsar.broker.service.ServerCnx - [/127.0.0.1:46750] Created subscription on topic persistent://public/default/moonpulsar-native-interop-3.3.9-1790581636996-rsa-retry / moonpulsar-crypto-retry-1790581707823
2026-09-28T07:48:27,903+0000 [pulsar-17-2] INFO  org.apache.bookkeeper.mledger.impl.ManagedLedgerImpl - Opening managed ledger public/default/persistent/moonpulsar-native-interop-3.3.9-1790581636996-rsa-dlq
2026-09-28T07:48:27,904+0000 [bookkeeper-ml-scheduler-OrderedScheduler-0-0] INFO  org.apache.bookkeeper.mledger.impl.MetaStoreImpl - Creating '/managed-ledgers/public/default/persistent/moonpulsar-native-interop-3.3.9-1790581636996-rsa-dlq'
2026-09-28T07:48:27,911+0000 [bookkeeper-ml-scheduler-OrderedScheduler-0-0] INFO  org.apache.pulsar.metadata.impl.AbstractMetadataStore - Deleting path: /ledgers/idgen/ID-26 (v. Optional.empty)
2026-09-28T07:48:27,915+0000 [bookkeeper-ml-scheduler-OrderedScheduler-0-0] INFO  org.apache.pulsar.metadata.impl.AbstractMetadataStore - Deleted path: /ledgers/idgen/ID-26 (v. Optional.empty)
2026-09-28T07:48:27,919+0000 [bookkeeper-ml-scheduler-OrderedScheduler-0-0] INFO  org.apache.bookkeeper.client.LedgerCreateOp - Ensemble: [127.0.0.1:35873] for ledger: 26
2026-09-28T07:48:27,919+0000 [BookKeeperClientWorker-OrderedExecutor-4-0] INFO  org.apache.bookkeeper.mledger.impl.ManagedLedgerImpl - [public/default/persistent/moonpulsar-native-interop-3.3.9-1790581636996-rsa-dlq] Created ledger 26 after closed null
2026-09-28T07:48:27,923+0000 [bookkeeper-ml-scheduler-OrderedScheduler-0-0] INFO  org.apache.bookkeeper.mledger.impl.ManagedLedgerFactoryImpl - [public/default/persistent/moonpulsar-native-interop-3.3.9-1790581636996-rsa-dlq] Successfully initialize managed ledger
2026-09-28T07:48:27,924+0000 [broker-topic-workers-OrderedExecutor-4-0] INFO  org.apache.pulsar.broker.service.BrokerService - Created topic persistent://public/default/moonpulsar-native-interop-3.3.9-1790581636996-rsa-dlq - dedup is disabled
2026-09-28T07:48:27,925+0000 [broker-topic-workers-OrderedExecutor-4-0] INFO  org.apache.pulsar.broker.service.ServerCnx - [/127.0.0.1:46750] Created new producer: Producer{topic=PersistentTopic{topic=persistent://public/default/moonpulsar-native-interop-3.3.9-1790581636996-rsa-dlq}, client=[id: 0xd49a21ba, L:/127.0.0.1:27666 - R:/127.0.0.1:46750] [SR:127.0.0.1, state:Connected], producerName=standalone-0-13, producerId=66}
2026-09-28T07:48:27,929+0000 [broker-topic-workers-OrderedExecutor-5-0] INFO  org.apache.pulsar.broker.service.ServerCnx - [/127.0.0.1:46750] Created new producer: Producer{topic=PersistentTopic{topic=persistent://public/default/moonpulsar-native-interop-3.3.9-1790581636996-rsa-retry}, client=[id: 0xd49a21ba, L:/127.0.0.1:27666 - R:/127.0.0.1:46750] [SR:127.0.0.1, state:Connected], producerName=standalone-0-14, producerId=70}
2026-09-28T07:48:27,931+0000 [pulsar-io-18-35] INFO  org.apache.pulsar.broker.service.ServerCnx - [[id: 0xd49a21ba, L:/127.0.0.1:27666 - R:/127.0.0.1:46750] [SR:127.0.0.1, state:Connected]] Subscribing on topic persistent://public/default/moonpulsar-native-interop-3.3.9-1790581636996-rsa-dlq / moonpulsar-crypto-dlq-1790581707929. consumerId: 74
2026-09-28T07:48:27,931+0000 [pulsar-io-18-35] INFO  org.apache.bookkeeper.mledger.impl.ManagedCursorImpl - [public/default/persistent/moonpulsar-native-interop-3.3.9-1790581636996-rsa-dlq] Cursor moonpulsar-crypto-dlq-1790581707929 recovered to position 26:-1
2026-09-28T07:48:27,935+0000 [bookkeeper-ml-scheduler-OrderedScheduler-0-0] INFO  org.apache.bookkeeper.mledger.impl.ManagedLedgerImpl - [public/default/persistent/moonpulsar-native-interop-3.3.9-1790581636996-rsa-dlq] Opened new cursor: ManagedCursorImpl{ledger=public/default/persistent/moonpulsar-native-interop-3.3.9-1790581636996-rsa-dlq, name=moonpulsar-crypto-dlq-1790581707929, ackPos=26:-1, readPos=26:0}
2026-09-28T07:48:27,935+0000 [bookkeeper-ml-scheduler-OrderedScheduler-0-0] INFO  org.apache.bookkeeper.mledger.impl.ManagedCursorImpl - [public/default/persistent/moonpulsar-native-interop-3.3.9-1790581636996-rsa-dlq-moonpulsar-crypto-dlq-1790581707929] Rewind from 26:0 to 26:0
2026-09-28T07:48:27,936+0000 [bookkeeper-ml-scheduler-OrderedScheduler-0-0] INFO  org.apache.pulsar.broker.service.persistent.PersistentSubscription - backlog for persistent://public/default/moonpulsar-native-interop-3.3.9-1790581636996-rsa-dlq - 0
2026-09-28T07:48:27,936+0000 [bookkeeper-ml-scheduler-OrderedScheduler-0-0] INFO  org.apache.pulsar.broker.service.ServerCnx - [/127.0.0.1:46750] Created subscription on topic persistent://public/default/moonpulsar-native-interop-3.3.9-1790581636996-rsa-dlq / moonpulsar-crypto-dlq-1790581707929
2026-09-28T07:48:27,939+0000 [broker-topic-workers-OrderedExecutor-7-0] INFO  org.apache.pulsar.broker.service.ServerCnx - [/127.0.0.1:46750] Created new producer: Producer{topic=PersistentTopic{topic=persistent://public/default/moonpulsar-native-interop-3.3.9-1790581636996-rsa-retry-source}, client=[id: 0xd49a21ba, L:/127.0.0.1:27666 - R:/127.0.0.1:46750] [SR:127.0.0.1, state:Connected], producerName=standalone-0-15, producerId=78}
2026-09-28T07:48:28,073+0000 [pulsar-io-18-35] INFO  org.apache.pulsar.metadata.impl.AbstractMetadataStore - Deleting path: /ledgers/idgen/ID-27 (v. Optional.empty)
2026-09-28T07:48:28,077+0000 [pulsar-io-18-35] INFO  org.apache.pulsar.metadata.impl.AbstractMetadataStore - Deleted path: /ledgers/idgen/ID-27 (v. Optional.empty)
2026-09-28T07:48:28,081+0000 [pulsar-io-18-35] INFO  org.apache.bookkeeper.client.LedgerCreateOp - Ensemble: [127.0.0.1:35873] for ledger: 27
2026-09-28T07:48:28,091+0000 [bookkeeper-ml-scheduler-OrderedScheduler-0-0] INFO  org.apache.bookkeeper.mledger.impl.ManagedCursorImpl - [public/default/persistent/moonpulsar-native-interop-3.3.9-1790581636996-rsa-retry-source] Updated cursor moonpulsar-crypto-retry-1790581707823 with ledger id 27 md-position=24:0 rd-position=24:1
2026-09-28T07:48:28,208+0000 [pulsar-io-18-35] INFO  org.apache.pulsar.metadata.impl.AbstractMetadataStore - Deleting path: /ledgers/idgen/ID-28 (v. Optional.empty)
2026-09-28T07:48:28,211+0000 [pulsar-io-18-35] INFO  org.apache.pulsar.metadata.impl.AbstractMetadataStore - Deleted path: /ledgers/idgen/ID-28 (v. Optional.empty)
2026-09-28T07:48:28,216+0000 [pulsar-io-18-35] INFO  org.apache.bookkeeper.client.LedgerCreateOp - Ensemble: [127.0.0.1:35873] for ledger: 28
2026-09-28T07:48:28,223+0000 [bookkeeper-ml-scheduler-OrderedScheduler-3-0] INFO  org.apache.bookkeeper.mledger.impl.ManagedCursorImpl - [public/default/persistent/moonpulsar-native-interop-3.3.9-1790581636996-rsa-retry] Updated cursor moonpulsar-crypto-retry-1790581707823 with ledger id 28 md-position=25:0 rd-position=25:1
2026-09-28T07:48:28,331+0000 [pulsar-io-18-35] INFO  org.apache.pulsar.metadata.impl.AbstractMetadataStore - Deleting path: /ledgers/idgen/ID-29 (v. Optional.empty)
2026-09-28T07:48:28,335+0000 [pulsar-io-18-35] INFO  org.apache.pulsar.metadata.impl.AbstractMetadataStore - Deleted path: /ledgers/idgen/ID-29 (v. Optional.empty)
2026-09-28T07:48:28,340+0000 [pulsar-io-18-35] INFO  org.apache.bookkeeper.client.LedgerCreateOp - Ensemble: [127.0.0.1:35873] for ledger: 29
2026-09-28T07:48:28,341+0000 [pulsar-io-18-35] INFO  org.apache.pulsar.broker.service.ServerCnx - [PersistentTopic{topic=persistent://public/default/moonpulsar-native-interop-3.3.9-1790581636996-rsa-retry-source}][standalone-0-15] Closing producer on cnx /127.0.0.1:46750. producerId=78
2026-09-28T07:48:28,341+0000 [pulsar-io-18-35] INFO  org.apache.pulsar.broker.service.ServerCnx - [PersistentTopic{topic=persistent://public/default/moonpulsar-native-interop-3.3.9-1790581636996-rsa-retry-source}][standalone-0-15] Closed producer on cnx /127.0.0.1:46750. producerId=78
2026-09-28T07:48:28,341+0000 [pulsar-io-18-35] INFO  org.apache.pulsar.broker.service.ServerCnx - [/127.0.0.1:46750] Closing consumer: consumerId=58
2026-09-28T07:48:28,341+0000 [pulsar-io-18-35] INFO  org.apache.pulsar.broker.service.persistent.PersistentDispatcherMultipleConsumers - Removed consumer Consumer{subscription=PersistentSubscription{topic=persistent://public/default/moonpulsar-native-interop-3.3.9-1790581636996-rsa-retry-source, name=moonpulsar-crypto-retry-1790581707823}, consumerId=58, consumerName=, address=[id: 0xd49a21ba, L:/127.0.0.1:27666 - R:/127.0.0.1:46750] [SR:127.0.0.1, state:Connected]} with pending 0 acks
2026-09-28T07:48:28,342+0000 [pulsar-io-18-35] INFO  org.apache.pulsar.broker.service.ServerCnx - [/127.0.0.1:46750] Closed consumer, consumerId=58
2026-09-28T07:48:28,342+0000 [pulsar-io-18-35] INFO  org.apache.pulsar.broker.service.ServerCnx - [/127.0.0.1:46750] Closing consumer: consumerId=62
2026-09-28T07:48:28,342+0000 [pulsar-io-18-35] INFO  org.apache.pulsar.broker.service.persistent.PersistentDispatcherMultipleConsumers - Removed consumer Consumer{subscription=PersistentSubscription{topic=persistent://public/default/moonpulsar-native-interop-3.3.9-1790581636996-rsa-retry, name=moonpulsar-crypto-retry-1790581707823}, consumerId=62, consumerName=, address=[id: 0xd49a21ba, L:/127.0.0.1:27666 - R:/127.0.0.1:46750] [SR:127.0.0.1, state:Connected]} with pending 0 acks
2026-09-28T07:48:28,342+0000 [pulsar-io-18-35] INFO  org.apache.pulsar.broker.service.ServerCnx - [/127.0.0.1:46750] Closed consumer, consumerId=62
2026-09-28T07:48:28,343+0000 [pulsar-io-18-35] INFO  org.apache.pulsar.broker.service.ServerCnx - [PersistentTopic{topic=persistent://public/default/moonpulsar-native-interop-3.3.9-1790581636996-rsa-dlq}][standalone-0-13] Closing producer on cnx /127.0.0.1:46750. producerId=66
2026-09-28T07:48:28,343+0000 [pulsar-io-18-35] INFO  org.apache.pulsar.broker.service.ServerCnx - [PersistentTopic{topic=persistent://public/default/moonpulsar-native-interop-3.3.9-1790581636996-rsa-dlq}][standalone-0-13] Closed producer on cnx /127.0.0.1:46750. producerId=66
2026-09-28T07:48:28,343+0000 [pulsar-io-18-35] INFO  org.apache.pulsar.broker.service.ServerCnx - [PersistentTopic{topic=persistent://public/default/moonpulsar-native-interop-3.3.9-1790581636996-rsa-retry}][standalone-0-14] Closing producer on cnx /127.0.0.1:46750. producerId=70
2026-09-28T07:48:28,343+0000 [pulsar-io-18-35] INFO  org.apache.pulsar.broker.service.ServerCnx - [PersistentTopic{topic=persistent://public/default/moonpulsar-native-interop-3.3.9-1790581636996-rsa-retry}][standalone-0-14] Closed producer on cnx /127.0.0.1:46750. producerId=70
2026-09-28T07:48:28,344+0000 [pulsar-io-18-35] INFO  org.apache.pulsar.broker.service.ServerCnx - [/127.0.0.1:46750] Closing consumer: consumerId=74
2026-09-28T07:48:28,344+0000 [pulsar-io-18-35] INFO  org.apache.pulsar.broker.service.AbstractDispatcherSingleActiveConsumer - Removing consumer Consumer{subscription=PersistentSubscription{topic=persistent://public/default/moonpulsar-native-interop-3.3.9-1790581636996-rsa-dlq, name=moonpulsar-crypto-dlq-1790581707929}, consumerId=74, consumerName=, address=[id: 0xd49a21ba, L:/127.0.0.1:27666 - R:/127.0.0.1:46750] [SR:127.0.0.1, state:Connected]}
2026-09-28T07:48:28,344+0000 [pulsar-io-18-35] INFO  org.apache.pulsar.broker.service.ServerCnx - [/127.0.0.1:46750] Closed consumer, consumerId=74
2026-09-28T07:48:28,346+0000 [pulsar-io-18-35] INFO  org.apache.pulsar.broker.service.ServerCnx - [[id: 0xd49a21ba, L:/127.0.0.1:27666 - R:/127.0.0.1:46750] [SR:127.0.0.1, state:Connected]] Subscribing on topic persistent://public/default/moonpulsar-native-interop-3.3.9-1790581636996-rsa-retry / reader-88-1790581708346. consumerId: 88
2026-09-28T07:48:28,346+0000 [pulsar-io-18-35] INFO  org.apache.pulsar.broker.service.persistent.PersistentTopic - [persistent://public/default/moonpulsar-native-interop-3.3.9-1790581636996-rsa-retry][reader-88-1790581708346] Creating non-durable subscription at msg id -1:-1:-1:-1 - {}
2026-09-28T07:48:28,347+0000 [pulsar-io-18-35] INFO  org.apache.bookkeeper.mledger.impl.NonDurableCursorImpl - [public/default/persistent/moonpulsar-native-interop-3.3.9-1790581636996-rsa-retry] Created non-durable cursor read-position=25:0 mark-delete-position=25:-1
2026-09-28T07:48:28,347+0000 [pulsar-io-18-35] INFO  org.apache.bookkeeper.mledger.impl.ManagedLedgerImpl - [public/default/persistent/moonpulsar-native-interop-3.3.9-1790581636996-rsa-retry] Opened new cursor: NonDurableCursorImpl{ledger=public/default/persistent/moonpulsar-native-interop-3.3.9-1790581636996-rsa-retry, cursor=reader-88-1790581708346, ackPos=25:-1, readPos=25:0}
2026-09-28T07:48:28,347+0000 [pulsar-io-18-35] INFO  org.apache.bookkeeper.mledger.impl.ManagedCursorImpl - [public/default/persistent/moonpulsar-native-interop-3.3.9-1790581636996-rsa-retry-reader-88-1790581708346] Rewind from 25:0 to 25:0
2026-09-28T07:48:28,347+0000 [pulsar-io-18-35] INFO  org.apache.pulsar.broker.service.persistent.PersistentSubscription - backlog for persistent://public/default/moonpulsar-native-interop-3.3.9-1790581636996-rsa-retry - 1
2026-09-28T07:48:28,347+0000 [pulsar-io-18-35] INFO  org.apache.pulsar.broker.service.ServerCnx - [/127.0.0.1:46750] Created subscription on topic persistent://public/default/moonpulsar-native-interop-3.3.9-1790581636996-rsa-retry / reader-88-1790581708346
2026-09-28T07:48:28,348+0000 [bookkeeper-ml-scheduler-OrderedScheduler-0-0] INFO  org.apache.bookkeeper.mledger.impl.ManagedCursorImpl - [public/default/persistent/moonpulsar-native-interop-3.3.9-1790581636996-rsa-dlq] Updated cursor moonpulsar-crypto-dlq-1790581707929 with ledger id 29 md-position=26:0 rd-position=26:1
2026-09-28T07:48:28,351+0000 [pulsar-io-18-35] INFO  org.apache.pulsar.broker.service.ServerCnx - [/127.0.0.1:46750] Closing consumer: consumerId=88
2026-09-28T07:48:28,351+0000 [pulsar-io-18-35] INFO  org.apache.pulsar.broker.service.AbstractDispatcherSingleActiveConsumer - Removing consumer Consumer{subscription=PersistentSubscription{topic=persistent://public/default/moonpulsar-native-interop-3.3.9-1790581636996-rsa-retry, name=reader-88-1790581708346}, consumerId=88, consumerName=, address=[id: 0xd49a21ba, L:/127.0.0.1:27666 - R:/127.0.0.1:46750] [SR:127.0.0.1, state:Connected]}
2026-09-28T07:48:28,351+0000 [pulsar-io-18-35] INFO  org.apache.pulsar.broker.service.persistent.PersistentSubscription - [persistent://public/default/moonpulsar-native-interop-3.3.9-1790581636996-rsa-retry][reader-88-1790581708346] Successfully closed subscription [NonDurableCursorImpl{ledger=public/default/persistent/moonpulsar-native-interop-3.3.9-1790581636996-rsa-retry, cursor=reader-88-1790581708346, ackPos=25:-1, readPos=25:1}]
2026-09-28T07:48:28,351+0000 [pulsar-io-18-35] INFO  org.apache.pulsar.broker.service.persistent.PersistentSubscription - [persistent://public/default/moonpulsar-native-interop-3.3.9-1790581636996-rsa-retry][reader-88-1790581708346] Successfully closed dispatcher for reader
2026-09-28T07:48:28,351+0000 [pulsar-io-18-35] INFO  org.apache.pulsar.broker.service.ServerCnx - [/127.0.0.1:46750] Closed consumer, consumerId=88
2026-09-28T07:48:28,351+0000 [pulsar-io-18-35] INFO  org.apache.pulsar.broker.service.ServerCnx - [/127.0.0.1:46750] Closing consumer: consumerId=88
2026-09-28T07:48:28,351+0000 [pulsar-io-18-35] INFO  org.apache.pulsar.broker.service.ServerCnx - [88] Consumer was not registered on the connection: /127.0.0.1:46750
2026-09-28T07:48:28,358+0000 [pulsar-17-20] INFO  org.apache.bookkeeper.mledger.impl.ManagedLedgerImpl - Opening managed ledger public/default/persistent/moonpulsar-native-interop-3.3.9-1790581636996-rsa-table
2026-09-28T07:48:28,358+0000 [bookkeeper-ml-scheduler-OrderedScheduler-2-0] INFO  org.apache.bookkeeper.mledger.impl.MetaStoreImpl - Creating '/managed-ledgers/public/default/persistent/moonpulsar-native-interop-3.3.9-1790581636996-rsa-table'
2026-09-28T07:48:28,367+0000 [bookkeeper-ml-scheduler-OrderedScheduler-2-0] INFO  org.apache.pulsar.metadata.impl.AbstractMetadataStore - Deleting path: /ledgers/idgen/ID-30 (v. Optional.empty)
2026-09-28T07:48:28,371+0000 [bookkeeper-ml-scheduler-OrderedScheduler-2-0] INFO  org.apache.pulsar.metadata.impl.AbstractMetadataStore - Deleted path: /ledgers/idgen/ID-30 (v. Optional.empty)
2026-09-28T07:48:28,376+0000 [bookkeeper-ml-scheduler-OrderedScheduler-2-0] INFO  org.apache.bookkeeper.client.LedgerCreateOp - Ensemble: [127.0.0.1:35873] for ledger: 30
2026-09-28T07:48:28,376+0000 [BookKeeperClientWorker-OrderedExecutor-14-0] INFO  org.apache.bookkeeper.mledger.impl.ManagedLedgerImpl - [public/default/persistent/moonpulsar-native-interop-3.3.9-1790581636996-rsa-table] Created ledger 30 after closed null
2026-09-28T07:48:28,381+0000 [bookkeeper-ml-scheduler-OrderedScheduler-2-0] INFO  org.apache.bookkeeper.mledger.impl.ManagedLedgerFactoryImpl - [public/default/persistent/moonpulsar-native-interop-3.3.9-1790581636996-rsa-table] Successfully initialize managed ledger
2026-09-28T07:48:28,382+0000 [broker-topic-workers-OrderedExecutor-0-0] INFO  org.apache.pulsar.broker.service.BrokerService - Created topic persistent://public/default/moonpulsar-native-interop-3.3.9-1790581636996-rsa-table - dedup is disabled
2026-09-28T07:48:28,388+0000 [broker-topic-workers-OrderedExecutor-0-0] INFO  org.apache.pulsar.metadata.impl.AbstractMetadataStore - Deleting path: /ledgers/idgen/ID-31 (v. Optional.empty)
2026-09-28T07:48:28,392+0000 [broker-topic-workers-OrderedExecutor-0-0] INFO  org.apache.pulsar.metadata.impl.AbstractMetadataStore - Deleted path: /ledgers/idgen/ID-31 (v. Optional.empty)
2026-09-28T07:48:28,396+0000 [broker-topic-workers-OrderedExecutor-0-0] INFO  org.apache.bookkeeper.client.LedgerCreateOp - Ensemble: [127.0.0.1:35873] for ledger: 31
2026-09-28T07:48:28,405+0000 [broker-topic-workers-OrderedExecutor-0-0] INFO  org.apache.pulsar.broker.service.ServerCnx - [/127.0.0.1:46750] Created new producer: Producer{topic=PersistentTopic{topic=persistent://public/default/moonpulsar-native-interop-3.3.9-1790581636996-rsa-table}, client=[id: 0xd49a21ba, L:/127.0.0.1:27666 - R:/127.0.0.1:46750] [SR:127.0.0.1, state:Connected], producerName=standalone-0-16, producerId=94}
2026-09-28T07:48:28,415+0000 [pulsar-io-18-35] INFO  org.apache.pulsar.broker.service.ServerCnx - [[id: 0xd49a21ba, L:/127.0.0.1:27666 - R:/127.0.0.1:46750] [SR:127.0.0.1, state:Connected]] Subscribing on topic persistent://public/default/moonpulsar-native-interop-3.3.9-1790581636996-rsa-table / reader-98-1790581708415. consumerId: 98
2026-09-28T07:48:28,439+0000 [BookKeeperClientWorker-OrderedExecutor-15-0] INFO  org.apache.pulsar.broker.service.persistent.PersistentTopic - [persistent://public/default/moonpulsar-native-interop-3.3.9-1790581636996-rsa-table][reader-98-1790581708415] Creating non-durable subscription at msg id -1:-1:-1:-1 - {}
2026-09-28T07:48:28,439+0000 [BookKeeperClientWorker-OrderedExecutor-15-0] INFO  org.apache.bookkeeper.mledger.impl.NonDurableCursorImpl - [public/default/persistent/moonpulsar-native-interop-3.3.9-1790581636996-rsa-table] Created non-durable cursor read-position=30:0 mark-delete-position=30:-1
2026-09-28T07:48:28,439+0000 [BookKeeperClientWorker-OrderedExecutor-15-0] INFO  org.apache.bookkeeper.mledger.impl.ManagedLedgerImpl - [public/default/persistent/moonpulsar-native-interop-3.3.9-1790581636996-rsa-table] Opened new cursor: NonDurableCursorImpl{ledger=public/default/persistent/moonpulsar-native-interop-3.3.9-1790581636996-rsa-table, cursor=reader-98-1790581708415, ackPos=30:-1, readPos=30:0}
2026-09-28T07:48:28,440+0000 [BookKeeperClientWorker-OrderedExecutor-15-0] INFO  org.apache.bookkeeper.mledger.impl.ManagedCursorImpl - [public/default/persistent/moonpulsar-native-interop-3.3.9-1790581636996-rsa-table-reader-98-1790581708415] Rewind from 30:0 to 30:0
2026-09-28T07:48:28,440+0000 [BookKeeperClientWorker-OrderedExecutor-15-0] INFO  org.apache.pulsar.broker.service.persistent.PersistentSubscription - backlog for persistent://public/default/moonpulsar-native-interop-3.3.9-1790581636996-rsa-table - 1
2026-09-28T07:48:28,440+0000 [BookKeeperClientWorker-OrderedExecutor-15-0] INFO  org.apache.pulsar.broker.service.ServerCnx - [/127.0.0.1:46750] Created subscription on topic persistent://public/default/moonpulsar-native-interop-3.3.9-1790581636996-rsa-table / reader-98-1790581708415
2026-09-28T07:48:28,562+0000 [pulsar-io-18-35] INFO  org.apache.pulsar.broker.service.ServerCnx - [/127.0.0.1:46750] Closing consumer: consumerId=98
2026-09-28T07:48:28,562+0000 [pulsar-io-18-35] INFO  org.apache.pulsar.broker.service.AbstractDispatcherSingleActiveConsumer - Removing consumer Consumer{subscription=PersistentSubscription{topic=persistent://public/default/moonpulsar-native-interop-3.3.9-1790581636996-rsa-table, name=reader-98-1790581708415}, consumerId=98, consumerName=, address=[id: 0xd49a21ba, L:/127.0.0.1:27666 - R:/127.0.0.1:46750] [SR:127.0.0.1, state:Connected]}
2026-09-28T07:48:28,562+0000 [pulsar-io-18-35] INFO  org.apache.pulsar.broker.service.persistent.PersistentSubscription - [persistent://public/default/moonpulsar-native-interop-3.3.9-1790581636996-rsa-table][reader-98-1790581708415] Successfully closed subscription [NonDurableCursorImpl{ledger=public/default/persistent/moonpulsar-native-interop-3.3.9-1790581636996-rsa-table, cursor=reader-98-1790581708415, ackPos=30:-1, readPos=30:1}]
2026-09-28T07:48:28,562+0000 [pulsar-io-18-35] INFO  org.apache.pulsar.broker.service.persistent.PersistentSubscription - [persistent://public/default/moonpulsar-native-interop-3.3.9-1790581636996-rsa-table][reader-98-1790581708415] Successfully closed dispatcher for reader
2026-09-28T07:48:28,562+0000 [pulsar-io-18-35] INFO  org.apache.pulsar.broker.service.ServerCnx - [/127.0.0.1:46750] Closed consumer, consumerId=98
2026-09-28T07:48:28,564+0000 [pulsar-io-18-35] INFO  org.apache.pulsar.broker.service.ServerCnx - [[id: 0xd49a21ba, L:/127.0.0.1:27666 - R:/127.0.0.1:46750] [SR:127.0.0.1, state:Connected]] Subscribing on topic persistent://public/default/moonpulsar-native-interop-3.3.9-1790581636996-rsa-table / reader-105-1790581708564. consumerId: 105
2026-09-28T07:48:28,569+0000 [BookKeeperClientWorker-OrderedExecutor-15-0] INFO  org.apache.pulsar.broker.service.persistent.PersistentTopic - [persistent://public/default/moonpulsar-native-interop-3.3.9-1790581636996-rsa-table][reader-105-1790581708564] Creating non-durable subscription at msg id -1:-1:-1:-1 - {}
2026-09-28T07:48:28,569+0000 [BookKeeperClientWorker-OrderedExecutor-15-0] INFO  org.apache.bookkeeper.mledger.impl.NonDurableCursorImpl - [public/default/persistent/moonpulsar-native-interop-3.3.9-1790581636996-rsa-table] Created non-durable cursor read-position=30:0 mark-delete-position=30:-1
2026-09-28T07:48:28,569+0000 [BookKeeperClientWorker-OrderedExecutor-15-0] INFO  org.apache.bookkeeper.mledger.impl.ManagedLedgerImpl - [public/default/persistent/moonpulsar-native-interop-3.3.9-1790581636996-rsa-table] Opened new cursor: NonDurableCursorImpl{ledger=public/default/persistent/moonpulsar-native-interop-3.3.9-1790581636996-rsa-table, cursor=reader-105-1790581708564, ackPos=30:-1, readPos=30:0}
2026-09-28T07:48:28,569+0000 [BookKeeperClientWorker-OrderedExecutor-15-0] INFO  org.apache.bookkeeper.mledger.impl.ManagedCursorImpl - [public/default/persistent/moonpulsar-native-interop-3.3.9-1790581636996-rsa-table-reader-105-1790581708564] Rewind from 30:0 to 30:0
2026-09-28T07:48:28,569+0000 [BookKeeperClientWorker-OrderedExecutor-15-0] INFO  org.apache.pulsar.broker.service.persistent.PersistentSubscription - backlog for persistent://public/default/moonpulsar-native-interop-3.3.9-1790581636996-rsa-table - 1
2026-09-28T07:48:28,570+0000 [BookKeeperClientWorker-OrderedExecutor-15-0] INFO  org.apache.pulsar.broker.service.ServerCnx - [/127.0.0.1:46750] Created subscription on topic persistent://public/default/moonpulsar-native-interop-3.3.9-1790581636996-rsa-table / reader-105-1790581708564
2026-09-28T07:48:28,573+0000 [pulsar-io-18-35] INFO  org.apache.pulsar.broker.service.ServerCnx - [/127.0.0.1:46750] Closing consumer: consumerId=105
2026-09-28T07:48:28,573+0000 [pulsar-io-18-35] INFO  org.apache.pulsar.broker.service.AbstractDispatcherSingleActiveConsumer - Removing consumer Consumer{subscription=PersistentSubscription{topic=persistent://public/default/moonpulsar-native-interop-3.3.9-1790581636996-rsa-table, name=reader-105-1790581708564}, consumerId=105, consumerName=, address=[id: 0xd49a21ba, L:/127.0.0.1:27666 - R:/127.0.0.1:46750] [SR:127.0.0.1, state:Connected]}
2026-09-28T07:48:28,573+0000 [pulsar-io-18-35] INFO  org.apache.pulsar.broker.service.persistent.PersistentSubscription - [persistent://public/default/moonpulsar-native-interop-3.3.9-1790581636996-rsa-table][reader-105-1790581708564] Successfully closed subscription [NonDurableCursorImpl{ledger=public/default/persistent/moonpulsar-native-interop-3.3.9-1790581636996-rsa-table, cursor=reader-105-1790581708564, ackPos=30:-1, readPos=30:1}]
2026-09-28T07:48:28,573+0000 [pulsar-io-18-35] INFO  org.apache.pulsar.broker.service.persistent.PersistentSubscription - [persistent://public/default/moonpulsar-native-interop-3.3.9-1790581636996-rsa-table][reader-105-1790581708564] Successfully closed dispatcher for reader
2026-09-28T07:48:28,573+0000 [pulsar-io-18-35] INFO  org.apache.pulsar.broker.service.ServerCnx - [/127.0.0.1:46750] Closed consumer, consumerId=105
2026-09-28T07:48:28,573+0000 [pulsar-io-18-35] INFO  org.apache.pulsar.broker.service.ServerCnx - [/127.0.0.1:46750] Closing consumer: consumerId=105
2026-09-28T07:48:28,573+0000 [pulsar-io-18-35] INFO  org.apache.pulsar.broker.service.ServerCnx - [105] Consumer was not registered on the connection: /127.0.0.1:46750
2026-09-28T07:48:28,574+0000 [pulsar-io-18-35] INFO  org.apache.pulsar.broker.service.ServerCnx - [PersistentTopic{topic=persistent://public/default/moonpulsar-native-interop-3.3.9-1790581636996-rsa-table}][standalone-0-16] Closing producer on cnx /127.0.0.1:46750. producerId=94
2026-09-28T07:48:28,574+0000 [pulsar-io-18-35] INFO  org.apache.pulsar.broker.service.ServerCnx - [PersistentTopic{topic=persistent://public/default/moonpulsar-native-interop-3.3.9-1790581636996-rsa-table}][standalone-0-16] Closed producer on cnx /127.0.0.1:46750. producerId=94
2026-09-28T07:48:28,575+0000 [pulsar-io-18-35] INFO  org.apache.pulsar.broker.service.ServerCnx - Closed connection from /127.0.0.1:46750
2026-09-28T07:48:28,778+0000 [pulsar-io-18-46] INFO  org.apache.pulsar.broker.service.ServerCnx - [/127.0.0.1:46756] connected with clientVersion=Pulsar-Go-v0.21.1-0.20260923011436-a83c1519f68d, clientProtocolVersion=20, proxyVersion=null
2026-09-28T07:48:28,785+0000 [pulsar-io-18-46] INFO  org.apache.pulsar.broker.service.ServerCnx - [[id: 0xf7878f1c, L:/127.0.0.1:27666 - R:/127.0.0.1:46756] [SR:127.0.0.1, state:Connected]] Subscribing on topic persistent://public/default/moonpulsar-native-interop-3.3.9-1790581636996-rsa-batch / moonpulsar-crypto-go-1790581708763295385. consumerId: 1
2026-09-28T07:48:28,786+0000 [pulsar-io-18-46] INFO  org.apache.bookkeeper.mledger.impl.ManagedCursorImpl - [public/default/persistent/moonpulsar-native-interop-3.3.9-1790581636996-rsa-batch] Cursor moonpulsar-crypto-go-1790581708763295385 recovered to position 21:-1
2026-09-28T07:48:28,791+0000 [bookkeeper-ml-scheduler-OrderedScheduler-0-0] INFO  org.apache.bookkeeper.mledger.impl.ManagedLedgerImpl - [public/default/persistent/moonpulsar-native-interop-3.3.9-1790581636996-rsa-batch] Opened new cursor: ManagedCursorImpl{ledger=public/default/persistent/moonpulsar-native-interop-3.3.9-1790581636996-rsa-batch, name=moonpulsar-crypto-go-1790581708763295385, ackPos=21:-1, readPos=21:0}
2026-09-28T07:48:28,791+0000 [bookkeeper-ml-scheduler-OrderedScheduler-0-0] INFO  org.apache.bookkeeper.mledger.impl.ManagedCursorImpl - [public/default/persistent/moonpulsar-native-interop-3.3.9-1790581636996-rsa-batch-moonpulsar-crypto-go-1790581708763295385] Rewind from 21:0 to 21:0
2026-09-28T07:48:28,792+0000 [bookkeeper-ml-scheduler-OrderedScheduler-0-0] INFO  org.apache.pulsar.broker.service.persistent.PersistentSubscription - backlog for persistent://public/default/moonpulsar-native-interop-3.3.9-1790581636996-rsa-batch - 1
2026-09-28T07:48:28,792+0000 [bookkeeper-ml-scheduler-OrderedScheduler-0-0] INFO  org.apache.pulsar.broker.service.ServerCnx - [/127.0.0.1:46756] Created subscription on topic persistent://public/default/moonpulsar-native-interop-3.3.9-1790581636996-rsa-batch / moonpulsar-crypto-go-1790581708763295385
2026-09-28T07:48:28,803+0000 [pulsar-io-18-46] INFO  org.apache.pulsar.metadata.impl.AbstractMetadataStore - Deleting path: /ledgers/idgen/ID-32 (v. Optional.empty)
2026-09-28T07:48:28,807+0000 [pulsar-io-18-46] INFO  org.apache.pulsar.metadata.impl.AbstractMetadataStore - Deleted path: /ledgers/idgen/ID-32 (v. Optional.empty)
2026-09-28T07:48:28,812+0000 [pulsar-io-18-46] INFO  org.apache.bookkeeper.client.LedgerCreateOp - Ensemble: [127.0.0.1:35873] for ledger: 32
2026-09-28T07:48:28,813+0000 [pulsar-io-18-46] INFO  org.apache.pulsar.broker.service.ServerCnx - [/127.0.0.1:46756] Closing consumer: consumerId=1
2026-09-28T07:48:28,813+0000 [pulsar-io-18-46] INFO  org.apache.pulsar.broker.service.AbstractDispatcherSingleActiveConsumer - Removing consumer Consumer{subscription=PersistentSubscription{topic=persistent://public/default/moonpulsar-native-interop-3.3.9-1790581636996-rsa-batch, name=moonpulsar-crypto-go-1790581708763295385}, consumerId=1, consumerName=akbmn, address=[id: 0xf7878f1c, L:/127.0.0.1:27666 - R:/127.0.0.1:46756] [SR:127.0.0.1, state:Connected]}
2026-09-28T07:48:28,813+0000 [pulsar-io-18-46] INFO  org.apache.pulsar.broker.service.ServerCnx - [/127.0.0.1:46756] Closed consumer, consumerId=1
2026-09-28T07:48:28,816+0000 [pulsar-io-18-46] INFO  org.apache.pulsar.broker.service.ServerCnx - [[id: 0xf7878f1c, L:/127.0.0.1:27666 - R:/127.0.0.1:46756] [SR:127.0.0.1, state:Connected]] Subscribing on topic persistent://public/default/moonpulsar-native-interop-3.3.9-1790581636996-rsa-moonbit / moonpulsar-crypto-go-1790581708813731883. consumerId: 2
2026-09-28T07:48:28,817+0000 [pulsar-io-18-46] INFO  org.apache.bookkeeper.mledger.impl.ManagedCursorImpl - [public/default/persistent/moonpulsar-native-interop-3.3.9-1790581636996-rsa-moonbit] Cursor moonpulsar-crypto-go-1790581708813731883 recovered to position 18:-1
2026-09-28T07:48:28,821+0000 [bookkeeper-ml-scheduler-OrderedScheduler-1-0] INFO  org.apache.bookkeeper.mledger.impl.ManagedLedgerImpl - [public/default/persistent/moonpulsar-native-interop-3.3.9-1790581636996-rsa-moonbit] Opened new cursor: ManagedCursorImpl{ledger=public/default/persistent/moonpulsar-native-interop-3.3.9-1790581636996-rsa-moonbit, name=moonpulsar-crypto-go-1790581708813731883, ackPos=18:-1, readPos=18:0}
2026-09-28T07:48:28,821+0000 [bookkeeper-ml-scheduler-OrderedScheduler-1-0] INFO  org.apache.bookkeeper.mledger.impl.ManagedCursorImpl - [public/default/persistent/moonpulsar-native-interop-3.3.9-1790581636996-rsa-moonbit-moonpulsar-crypto-go-1790581708813731883] Rewind from 18:0 to 18:0
2026-09-28T07:48:28,822+0000 [bookkeeper-ml-scheduler-OrderedScheduler-1-0] INFO  org.apache.pulsar.broker.service.persistent.PersistentSubscription - backlog for persistent://public/default/moonpulsar-native-interop-3.3.9-1790581636996-rsa-moonbit - 2
2026-09-28T07:48:28,822+0000 [bookkeeper-ml-scheduler-OrderedScheduler-1-0] INFO  org.apache.pulsar.broker.service.ServerCnx - [/127.0.0.1:46756] Created subscription on topic persistent://public/default/moonpulsar-native-interop-3.3.9-1790581636996-rsa-moonbit / moonpulsar-crypto-go-1790581708813731883
2026-09-28T07:48:28,825+0000 [bookkeeper-ml-scheduler-OrderedScheduler-0-0] INFO  org.apache.bookkeeper.mledger.impl.ManagedCursorImpl - [public/default/persistent/moonpulsar-native-interop-3.3.9-1790581636996-rsa-batch] Updated cursor moonpulsar-crypto-go-1790581708763295385 with ledger id 32 md-position=21:0 rd-position=21:1
2026-09-28T07:48:28,833+0000 [pulsar-io-18-46] INFO  org.apache.pulsar.metadata.impl.AbstractMetadataStore - Deleting path: /ledgers/idgen/ID-33 (v. Optional.empty)
2026-09-28T07:48:28,837+0000 [pulsar-io-18-46] INFO  org.apache.pulsar.metadata.impl.AbstractMetadataStore - Deleted path: /ledgers/idgen/ID-33 (v. Optional.empty)
2026-09-28T07:48:28,842+0000 [pulsar-io-18-46] INFO  org.apache.bookkeeper.client.LedgerCreateOp - Ensemble: [127.0.0.1:35873] for ledger: 33
2026-09-28T07:48:28,842+0000 [pulsar-io-18-46] INFO  org.apache.pulsar.broker.service.ServerCnx - [/127.0.0.1:46756] Closing consumer: consumerId=2
2026-09-28T07:48:28,842+0000 [pulsar-io-18-46] INFO  org.apache.pulsar.broker.service.AbstractDispatcherSingleActiveConsumer - Removing consumer Consumer{subscription=PersistentSubscription{topic=persistent://public/default/moonpulsar-native-interop-3.3.9-1790581636996-rsa-moonbit, name=moonpulsar-crypto-go-1790581708813731883}, consumerId=2, consumerName=xbcgr, address=[id: 0xf7878f1c, L:/127.0.0.1:27666 - R:/127.0.0.1:46756] [SR:127.0.0.1, state:Connected]}
2026-09-28T07:48:28,843+0000 [pulsar-io-18-46] INFO  org.apache.pulsar.broker.service.ServerCnx - [/127.0.0.1:46756] Closed consumer, consumerId=2
2026-09-28T07:48:28,848+0000 [pulsar-io-18-46] INFO  org.apache.pulsar.broker.service.ServerCnx - [[id: 0xf7878f1c, L:/127.0.0.1:27666 - R:/127.0.0.1:46756] [SR:127.0.0.1, state:Connected]] Subscribing on topic persistent://public/default/moonpulsar-native-interop-3.3.9-1790581636996-rsa-compressed / moonpulsar-crypto-go-1790581708843611547. consumerId: 3
2026-09-28T07:48:28,848+0000 [pulsar-io-18-46] INFO  org.apache.bookkeeper.mledger.impl.ManagedCursorImpl - [public/default/persistent/moonpulsar-native-interop-3.3.9-1790581636996-rsa-compressed] Cursor moonpulsar-crypto-go-1790581708843611547 recovered to position 20:-1
2026-09-28T07:48:28,849+0000 [bookkeeper-ml-scheduler-OrderedScheduler-1-0] INFO  org.apache.bookkeeper.mledger.impl.ManagedCursorImpl - [public/default/persistent/moonpulsar-native-interop-3.3.9-1790581636996-rsa-moonbit] Updated cursor moonpulsar-crypto-go-1790581708813731883 with ledger id 33 md-position=18:0 rd-position=18:2
2026-09-28T07:48:28,853+0000 [bookkeeper-ml-scheduler-OrderedScheduler-1-0] INFO  org.apache.bookkeeper.mledger.impl.ManagedLedgerImpl - [public/default/persistent/moonpulsar-native-interop-3.3.9-1790581636996-rsa-compressed] Opened new cursor: ManagedCursorImpl{ledger=public/default/persistent/moonpulsar-native-interop-3.3.9-1790581636996-rsa-compressed, name=moonpulsar-crypto-go-1790581708843611547, ackPos=20:-1, readPos=20:0}
2026-09-28T07:48:28,854+0000 [bookkeeper-ml-scheduler-OrderedScheduler-1-0] INFO  org.apache.bookkeeper.mledger.impl.ManagedCursorImpl - [public/default/persistent/moonpulsar-native-interop-3.3.9-1790581636996-rsa-compressed-moonpulsar-crypto-go-1790581708843611547] Rewind from 20:0 to 20:0
2026-09-28T07:48:28,854+0000 [bookkeeper-ml-scheduler-OrderedScheduler-1-0] INFO  org.apache.pulsar.broker.service.persistent.PersistentSubscription - backlog for persistent://public/default/moonpulsar-native-interop-3.3.9-1790581636996-rsa-compressed - 1
2026-09-28T07:48:28,854+0000 [bookkeeper-ml-scheduler-OrderedScheduler-1-0] INFO  org.apache.pulsar.broker.service.ServerCnx - [/127.0.0.1:46756] Created subscription on topic persistent://public/default/moonpulsar-native-interop-3.3.9-1790581636996-rsa-compressed / moonpulsar-crypto-go-1790581708843611547
2026-09-28T07:48:28,864+0000 [pulsar-io-18-46] INFO  org.apache.pulsar.metadata.impl.AbstractMetadataStore - Deleting path: /ledgers/idgen/ID-34 (v. Optional.empty)
2026-09-28T07:48:28,868+0000 [pulsar-io-18-46] INFO  org.apache.pulsar.metadata.impl.AbstractMetadataStore - Deleted path: /ledgers/idgen/ID-34 (v. Optional.empty)
2026-09-28T07:48:28,872+0000 [pulsar-io-18-46] INFO  org.apache.bookkeeper.client.LedgerCreateOp - Ensemble: [127.0.0.1:35873] for ledger: 34
2026-09-28T07:48:28,872+0000 [pulsar-io-18-46] INFO  org.apache.pulsar.broker.service.ServerCnx - [/127.0.0.1:46756] Closing consumer: consumerId=3
2026-09-28T07:48:28,872+0000 [pulsar-io-18-46] INFO  org.apache.pulsar.broker.service.AbstractDispatcherSingleActiveConsumer - Removing consumer Consumer{subscription=PersistentSubscription{topic=persistent://public/default/moonpulsar-native-interop-3.3.9-1790581636996-rsa-compressed, name=moonpulsar-crypto-go-1790581708843611547}, consumerId=3, consumerName=bkxpz, address=[id: 0xf7878f1c, L:/127.0.0.1:27666 - R:/127.0.0.1:46756] [SR:127.0.0.1, state:Connected]}
2026-09-28T07:48:28,873+0000 [pulsar-io-18-46] INFO  org.apache.pulsar.broker.service.ServerCnx - [/127.0.0.1:46756] Closed consumer, consumerId=3
2026-09-28T07:48:28,874+0000 [pulsar-io-18-46] INFO  org.apache.pulsar.broker.service.ServerCnx - Closed connection from /127.0.0.1:46756
2026-09-28T07:48:28,881+0000 [bookkeeper-ml-scheduler-OrderedScheduler-1-0] INFO  org.apache.bookkeeper.mledger.impl.ManagedCursorImpl - [public/default/persistent/moonpulsar-native-interop-3.3.9-1790581636996-rsa-compressed] Updated cursor moonpulsar-crypto-go-1790581708843611547 with ledger id 34 md-position=20:0 rd-position=20:1
2026-09-28T07:48:29,063+0000 [pulsar-io-18-47] INFO  org.apache.pulsar.broker.service.ServerCnx - [/127.0.0.1:46766] connected with clientVersion=Pulsar-Go-v0.21.1-0.20260923011436-a83c1519f68d, clientProtocolVersion=20, proxyVersion=null
2026-09-28T07:48:29,070+0000 [pulsar-io-18-47] INFO  org.apache.pulsar.broker.service.ServerCnx - [[id: 0xc1c57536, L:/127.0.0.1:27666 - R:/127.0.0.1:46766] [SR:127.0.0.1, state:Connected]] Subscribing on topic persistent://public/default/moonpulsar-native-interop-3.3.9-1790581636996-rsa-empty / moonpulsar-crypto-empty-go-1790581709055922187. consumerId: 1
2026-09-28T07:48:29,070+0000 [pulsar-io-18-47] INFO  org.apache.bookkeeper.mledger.impl.ManagedCursorImpl - [public/default/persistent/moonpulsar-native-interop-3.3.9-1790581636996-rsa-empty] Cursor moonpulsar-crypto-empty-go-1790581709055922187 recovered to position 19:-1
2026-09-28T07:48:29,075+0000 [bookkeeper-ml-scheduler-OrderedScheduler-2-0] INFO  org.apache.bookkeeper.mledger.impl.ManagedLedgerImpl - [public/default/persistent/moonpulsar-native-interop-3.3.9-1790581636996-rsa-empty] Opened new cursor: ManagedCursorImpl{ledger=public/default/persistent/moonpulsar-native-interop-3.3.9-1790581636996-rsa-empty, name=moonpulsar-crypto-empty-go-1790581709055922187, ackPos=19:-1, readPos=19:0}
2026-09-28T07:48:29,075+0000 [bookkeeper-ml-scheduler-OrderedScheduler-2-0] INFO  org.apache.bookkeeper.mledger.impl.ManagedCursorImpl - [public/default/persistent/moonpulsar-native-interop-3.3.9-1790581636996-rsa-empty-moonpulsar-crypto-empty-go-1790581709055922187] Rewind from 19:0 to 19:0
2026-09-28T07:48:29,076+0000 [bookkeeper-ml-scheduler-OrderedScheduler-2-0] INFO  org.apache.pulsar.broker.service.persistent.PersistentSubscription - backlog for persistent://public/default/moonpulsar-native-interop-3.3.9-1790581636996-rsa-empty - 1
2026-09-28T07:48:29,076+0000 [bookkeeper-ml-scheduler-OrderedScheduler-2-0] INFO  org.apache.pulsar.broker.service.ServerCnx - [/127.0.0.1:46766] Created subscription on topic persistent://public/default/moonpulsar-native-interop-3.3.9-1790581636996-rsa-empty / moonpulsar-crypto-empty-go-1790581709055922187
2026-09-28T07:48:29,086+0000 [pulsar-io-18-47] INFO  org.apache.pulsar.metadata.impl.AbstractMetadataStore - Deleting path: /ledgers/idgen/ID-35 (v. Optional.empty)
2026-09-28T07:48:29,090+0000 [pulsar-io-18-47] INFO  org.apache.pulsar.metadata.impl.AbstractMetadataStore - Deleted path: /ledgers/idgen/ID-35 (v. Optional.empty)
2026-09-28T07:48:29,094+0000 [pulsar-io-18-47] INFO  org.apache.bookkeeper.client.LedgerCreateOp - Ensemble: [127.0.0.1:35873] for ledger: 35
2026-09-28T07:48:29,094+0000 [pulsar-io-18-47] INFO  org.apache.pulsar.broker.service.ServerCnx - [/127.0.0.1:46766] Closing consumer: consumerId=1
2026-09-28T07:48:29,094+0000 [pulsar-io-18-47] INFO  org.apache.pulsar.broker.service.AbstractDispatcherSingleActiveConsumer - Removing consumer Consumer{subscription=PersistentSubscription{topic=persistent://public/default/moonpulsar-native-interop-3.3.9-1790581636996-rsa-empty, name=moonpulsar-crypto-empty-go-1790581709055922187}, consumerId=1, consumerName=syudo, address=[id: 0xc1c57536, L:/127.0.0.1:27666 - R:/127.0.0.1:46766] [SR:127.0.0.1, state:Connected]}
2026-09-28T07:48:29,095+0000 [pulsar-io-18-47] INFO  org.apache.pulsar.broker.service.ServerCnx - [/127.0.0.1:46766] Closed consumer, consumerId=1
2026-09-28T07:48:29,095+0000 [pulsar-io-18-47] INFO  org.apache.pulsar.broker.service.ServerCnx - Closed connection from /127.0.0.1:46766
2026-09-28T07:48:29,103+0000 [bookkeeper-ml-scheduler-OrderedScheduler-2-0] INFO  org.apache.bookkeeper.mledger.impl.ManagedCursorImpl - [public/default/persistent/moonpulsar-native-interop-3.3.9-1790581636996-rsa-empty] Updated cursor moonpulsar-crypto-empty-go-1790581709055922187 with ledger id 35 md-position=19:0 rd-position=19:1
Sep 28, 2026 7:47:34 AM org.glassfish.jersey.server.wadl.WadlFeature configure
WARNING: JAXBContext implementation could not be found. WADL feature is disabled.
Sep 28, 2026 7:47:35 AM org.glassfish.jersey.server.wadl.WadlFeature configure
WARNING: JAXBContext implementation could not be found. WADL feature is disabled.
Sep 28, 2026 7:47:35 AM org.glassfish.jersey.server.wadl.WadlFeature configure
WARNING: JAXBContext implementation could not be found. WADL feature is disabled.
Sep 28, 2026 7:47:36 AM org.glassfish.jersey.server.wadl.WadlFeature configure
WARNING: JAXBContext implementation could not be found. WADL feature is disabled.
Sep 28, 2026 7:47:36 AM org.glassfish.jersey.server.wadl.WadlFeature configure
WARNING: JAXBContext implementation could not be found. WADL feature is disabled.
Sep 28, 2026 7:47:36 AM org.glassfish.jersey.server.wadl.WadlFeature configure
WARNING: JAXBContext implementation could not be found. WADL feature is disabled.
Sep 28, 2026 7:47:49 AM io.opentelemetry.api.GlobalOpenTelemetry maybeAutoConfigureAndSetGlobal
INFO: AutoConfiguredOpenTelemetrySdk found on classpath but automatic configuration is disabled. To enable, run your JVM with -Dotel.java.global-autoconfigure.enabled=true
