[conf/standalone.conf] Updating config advertisedAddress = 127.0.0.1
[conf/standalone.conf] Updating config brokerServicePort = 27665
[conf/standalone.conf] Adding config brokerServicePortTls = 27666
[conf/standalone.conf] Updating config tlsAllowInsecureConnection = false
[conf/standalone.conf] Updating config tlsCertificateFilePath = /certs/server.crt
[conf/standalone.conf] Updating config tlsKeyFilePath = /certs/server.key
[conf/standalone.conf] Updating config tlsRequireTrustedClientCertOnConnect = true
[conf/standalone.conf] Updating config tlsTrustCertsFilePath = /certs/ca.crt
[conf/standalone.conf] Updating config webServicePort = 28086
2026-09-28T07:46:00,165+0000 [main] INFO  org.apache.pulsar.PulsarStandalone - Starting BK with RocksDb metadata store {}
2026-09-28T07:46:00,725+0000 [main] INFO  org.apache.pulsar.metadata.impl.RocksdbMetadataStore - new RocksdbMetadataStore,url=MetadataStoreConfig(sessionTimeoutMillis=30000, allowReadOnlyOperations=false, configFilePath=null, batchingEnabled=true, batchingMaxDelayMillis=5, batchingMaxOperations=1000, batchingMaxSizeKb=128, metadataStoreName=metadata-store, fsyncEnable=true, synchronizer=null, openTelemetry=DefaultOpenTelemetry{propagators=DefaultContextPropagators{textMapPropagator=NoopTextMapPropagator}}, nodeSizeStats=null, numSerDesThreads=1),instanceId=0 {}
2026-09-28T07:46:00,746+0000 [main] INFO  org.apache.pulsar.metadata.bookkeeper.PulsarRegistrationManager - Initializing metadata for new cluster, ledger root path: /ledgers {}
2026-09-28T07:46:00,776+0000 [main] INFO  org.apache.pulsar.metadata.bookkeeper.PulsarRegistrationManager - Successfully initiated cluster. ledger root path: /ledgers instanceId: 53053c56-1d22-44b8-bd9b-9a6af1e84db1 {}
2026-09-28T07:46:00,797+0000 [main] INFO  org.apache.pulsar.metadata.bookkeeper.BKCluster - Starting new bookie on port: 34055 {}
2026-09-28T07:46:00,817+0000 [main] INFO  org.apache.bookkeeper.server.EmbeddedServer$Builder - Load lifecycle component : stats-provider {}
2026-09-28T07:46:00,830+0000 [main] INFO  org.apache.bookkeeper.meta.MetadataDrivers - BookKeeper metadata driver manager initialized {}
2026-09-28T07:46:03,473+0000 [main] INFO  org.apache.bookkeeper.bookie.LegacyCookieValidation - Stamping new cookies on all dirs [data/standalone/bookkeeper/current] {}
2026-09-28T07:46:03,585+0000 [main] INFO  org.apache.bookkeeper.bookie.BookieResources - Using ledger storage: org.apache.bookkeeper.bookie.storage.ldb.DbLedgerStorage {}
2026-09-28T07:46:03,589+0000 [main] INFO  org.apache.bookkeeper.bookie.storage.ldb.DbLedgerStorage - Started Db Ledger Storage {}
2026-09-28T07:46:03,589+0000 [main] INFO  org.apache.bookkeeper.bookie.storage.ldb.DbLedgerStorage -  - Number of directories: 1 {}
2026-09-28T07:46:03,589+0000 [main] INFO  org.apache.bookkeeper.bookie.storage.ldb.DbLedgerStorage -  - Write cache size: 96 MB {}
2026-09-28T07:46:03,589+0000 [main] INFO  org.apache.bookkeeper.bookie.storage.ldb.DbLedgerStorage -  - Read Cache: 96 MB {}
2026-09-28T07:46:03,623+0000 [main] INFO  org.apache.bookkeeper.bookie.storage.ldb.SingleDirectoryDbLedgerStorage - indexDir is equals ledgerBaseDir, creating single directory db ledger storage on data/standalone/bookkeeper/current {}
2026-09-28T07:46:03,644+0000 [main] INFO  org.apache.bookkeeper.bookie.storage.ldb.KeyValueStorageRocksDB - Searching for a RocksDB configuration file in /pulsar/conf/ledger_metadata_rocksdb.conf {}
2026-09-28T07:46:03,644+0000 [main] INFO  org.apache.bookkeeper.bookie.storage.ldb.KeyValueStorageRocksDB - Found a RocksDB configuration file and using it to initialize the RocksDB {}
2026-09-28T07:46:03,698+0000 [main] INFO  org.apache.bookkeeper.bookie.storage.ldb.KeyValueStorageRocksDB - Searching for a RocksDB configuration file in /pulsar/conf/entry_location_rocksdb.conf {}
2026-09-28T07:46:03,698+0000 [main] INFO  org.apache.bookkeeper.bookie.storage.ldb.KeyValueStorageRocksDB - Found a RocksDB configuration file and using it to initialize the RocksDB {}
2026-09-28T07:46:03,749+0000 [main] INFO  org.apache.bookkeeper.bookie.ScanAndCompareGarbageCollector - Over Replicated Ledger Deletion : enabled=true, interval=86400000, maxConcurrentRequests=1000 {}
2026-09-28T07:46:03,758+0000 [main] INFO  org.apache.bookkeeper.bookie.GarbageCollectorThread - Minor Compaction : enabled=true, threshold=0.2, interval=3600000 {}
2026-09-28T07:46:03,758+0000 [main] INFO  org.apache.bookkeeper.bookie.GarbageCollectorThread - Major Compaction : enabled=true, threshold=0.8, interval=86400000 {}
2026-09-28T07:46:03,758+0000 [main] INFO  org.apache.bookkeeper.bookie.GarbageCollectorThread - Entry Location Compaction : interval=-1000, randomCompactionDelay=0 {}
2026-09-28T07:46:03,783+0000 [main] ERROR org.apache.bookkeeper.bookie.Journal - Problems reading from data/standalone/bookkeeper/current/lastMark (this is okay if it is the first time starting this bookie {}
2026-09-28T07:46:03,824+0000 [main] INFO  org.apache.bookkeeper.proto.BookieServer - {
  "loadBalancerNamespaceBundleMaxBandwidthMbytes" : "100",
  "managedLedgerMaxUnackedRangesToPersistInMetadataStore" : "1000",
  "numExecutorThreadPoolSize" : "",
  "exposeTopicLevelMetricsInPrometheus" : "true",
  "tlsCertificateFilePath" : "/certs/server.crt",
  "bookkeeperClientNumIoThreads" : "",
  "managedLedgerCursorBackloggedThreshold" : "1000",
  "exposePreciseBacklogInPrometheus" : "false",
  "transactionLogBatchedWriteMaxRecords" : "512",
  "delayedDeliveryTickTimeMillis" : "1000",
  "brokerPublisherThrottlingMaxByteRate" : "0",
  "brokerClientCertificateFilePath" : "",
  "bookkeeperClientHealthCheckErrorThresholdPerInterval" : "5",
  "dispatcherRetryBackoffInitialTimeInMs" : "1",
  "schemaCompatibilityStrategy" : "FULL",
  "brokerDeduplicationEntriesInterval" : "1000",
  "authenticateOriginalAuthData" : "false",
  "anonymousUserRole" : "",
  "bookkeeperClientNumWorkerThreads" : "",
  "isDelayedDeliveryDeliverAtTimeStrict" : "false",
  "transactionPendingAckBatchedWriteMaxRecords" : "512",
  "dbStorage_rocksDB_numLevels" : "-1",
  "packagesManagementStorageProvider" : "org.apache.pulsar.packages.management.storage.bookkeeper.BookKeeperPackagesStorageProvider",
  "managedLedgerDigestType" : "CRC32C",
  "brokerClientTlsKeyStoreType" : "JKS",
  "loadBalancerAutoBundleSplitEnabled" : "true",
  "tokenSecretKey" : "",
  "bookkeeperClientAuthenticationParametersName" : "",
  "managedLedgerDefaultAckQuorum" : "1",
  "loadBalancerBrokerThresholdShedderPercentage" : "10",
  "loadBalancerBandwidthOutResourceWeight" : "1.0",
  "forceDeleteNamespaceAllowed" : "false",
  "tlsRequireTrustedClientCertOnConnect" : "true",
  "webSocketConnectionsPerBroker" : "8",
  "dbStorage_rocksDB_maxSizeInLevel1MB" : "256",
  "brokerServicePort" : "27665",
  "loadBalancerReportUpdateMaxIntervalMinutes" : "15",
  "webSocketPulsarClientMemoryLimitInMB" : "0",
  "webServiceLogDetailedAddresses" : "",
  "managedLedgerNumSchedulerThreads" : "4",
  "transactionLogBatchedWriteMaxDelayInMillis" : "1",
  "clientLibraryVersionCheckEnabled" : "false",
  "tokenAuthClaim" : "",
  "managedCursorInfoCompressionType" : "NONE",
  "delayedDeliveryEnabled" : "true",
  "bookkeeperClientReorderReadSequenceEnabled" : "false",
  "dbStorage_rocksDB_blockCacheSize" : "",
  "brokerShutdownTimeoutMs" : "60000",
  "maxConsumersPerSubscription" : "0",
  "bookkeeperClientEnforceMinNumRacksPerWriteQuorum" : "false",
  "metadata-store-instance" : "org.apache.pulsar.metadata.impl.RocksdbMetadataStore@173797f0",
  "brokerClientTlsEnabled" : "false",
  "tokenAudience" : "",
  "maxNumPartitionsPerPartitionedTopic" : "0",
  "loadBalancerReportUpdateMinIntervalMillis" : "5000",
  "brokerClientTlsTrustStore" : "",
  "tlsEnabled" : "false",
  "managedLedgerMinLedgerRolloverTimeMinutes" : "10",
  "tlsProvider" : "",
  "bookkeeperTLSTrustCertsFilePath" : "",
  "transactionCoordinatorEnabled" : "false",
  "clusterName" : "standalone",
  "superUserRoles" : "",
  "authenticationProviders" : "",
  "delayedDeliveryTrackerFactoryClassName" : "org.apache.pulsar.broker.delayed.InMemoryDelayedDeliveryTrackerFactory",
  "transactionBufferClientOperationTimeoutInMills" : "3000",
  "tlsCiphers" : "",
  "brokerClientTlsCiphers" : "",
  "managedLedgerCacheEvictionExtendTTLOfRecentlyAccessed" : "true",
  "dispatchThrottlingRateRelativeToPublishRate" : "false",
  "schemaRegistryStorageClassName" : "org.apache.pulsar.broker.service.schema.BookkeeperSchemaStorageFactory",
  "strictlyVerifySubscriptionName" : "false",
  "webServiceTrustXForwardedFor" : "false",
  "haProxyProtocolEnabled" : "false",
  "metadataStoreBatchingMaxDelayMillis" : "5",
  "httpServerIdleTimeout" : "30000",
  "managedLedgerPersistIndividualAckAsLongArray" : "true",
  "bookkeeperUseV2WireProtocol" : "true",
  "maxTopicListInFlightDirectMemSizePermitsAcquireTimeoutMillis" : "25000",
  "managedLedgerContinueCachingAddedEntriesAfterLastActiveCursorLeavesMillis" : "",
  "bookiePort" : "34055",
  "loadBalancerBandwidthInResourceWeight" : "1.0",
  "managedLedgerCacheSizeMB" : "",
  "advertisedAddress" : "127.0.0.1",
  "maxSameAddressProducersPerTopic" : "0",
  "bookkeeperClientRegionawarePolicyEnabled" : "false",
  "brokerDeduplicationEnabled" : "false",
  "topicOrderedExecutorThreadNum" : "8",
  "transactionPendingAckBatchedWriteMaxDelayInMillis" : "1",
  "topicPublisherThrottlingTickTimeMillis" : "2",
  "dispatchThrottlingOnNonBacklogConsumerEnabled" : "true",
  "dispatcherRetryBackoffMaxTimeInMs" : "10",
  "bookkeeperTLSTrustCertTypes" : "PEM",
  "webSocketServiceEnabled" : "true",
  "bookkeeperTLSCertificateFilePath" : "",
  "numHttpServerThreads" : "",
  "managedLedgerCacheEvictionWatermark" : "0.9",
  "loadBalancerNamespaceBundleMaxMsgRate" : "30000",
  "bookkeeperClientHealthCheckIntervalSeconds" : "60",
  "webSocketSessionIdleTimeoutMillis" : "300000",
  "metadataStoreOperationTimeoutSeconds" : "30",
  "allowAutoTopicCreationType" : "non-partitioned",
  "managedLedgerMaxSizePerLedgerMbytes" : "2048",
  "exposePublisherStats" : "true",
  "metadataStoreSerDesThreads" : "1",
  "tlsKeyStoreType" : "JKS",
  "maxUnackedMessagesPerConsumer" : "50000",
  "replicationConnectionsPerBroker" : "16",
  "bookkeeperTLSTrustStorePasswordPath" : "",
  "maxTopicListInFlightDirectMemSizeMB" : "100",
  "managedCursorInfoCompressionThresholdInBytes" : "16384",
  "maxSameAddressConsumersPerTopic" : "0",
  "managedLedgerMetadataOperationsTimeoutSeconds" : "60",
  "webServicePort" : "28086",
  "ledgerStorageClass" : "org.apache.bookkeeper.bookie.storage.ldb.DbLedgerStorage",
  "disableBrokerInterceptors" : "true",
  "brokerInterceptorsDirectory" : "./interceptors",
  "gcWaitTime" : "300000",
  "metadataStoreConfigPath" : "",
  "maxConcurrentHttpRequests" : "1024",
  "enableNonPersistentTopics" : "true",
  "managedLedgerPrometheusStatsLatencyRolloverSeconds" : "60",
  "loadBalancerNamespaceBundleMaxTopics" : "1000",
  "createTopicToRemoteClusterForReplication" : "true",
  "brokerClientTlsTrustStorePassword" : "",
  "managedLedgerCursorMaxEntriesPerLedger" : "50000",
  "managedLedgerMinimumBacklogCursorsForCaching" : "0",
  "transactionLogBatchedWriteEnabled" : "false",
  "brokerClientAuthenticationPlugin" : "",
  "dispatcherReadFailureBackoffInitialTimeInMs" : "15000",
  "loadBalancerMemoryResourceWeight" : "0",
  "brokerClientTlsKeyStorePassword" : "",
  "bookkeeperClientMinAvailableBookiesInIsolationGroups" : "",
  "athenzDomainNames" : "",
  "dbStorage_rocksDB_writeBufferSizeMB" : "4",
  "metadataStoreBatchingEnabled" : "true",
  "proxyRoles" : "",
  "loadBalancerReportUpdateThresholdPercentage" : "10",
  "dbStorage_rocksDB_sstSizeInMB" : "4",
  "brokerDeleteInactiveTopicsEnabled" : "true",
  "diskUsageThreshold" : "0.99",
  "bookkeeperClientRackawarePolicyEnabled" : "true",
  "managedLedgerMinimumBacklogEntriesForCaching" : "1000",
  "topicsPatternRegexImplementation" : "RE2J_WITH_JDK_FALLBACK",
  "managedLedgerMaxUnackedRangesToPersist" : "10000",
  "maxConcurrentTopicLoadRequest" : "5000",
  "enablePersistentTopics" : "true",
  "managedLedgerTraceTaskExecution" : "true",
  "delayedDeliveryMaxNumBuckets" : "-1",
  "loadBalancerAutoUnloadSplitBundlesEnabled" : "true",
  "brokerClientKeyFilePath" : "",
  "dbStorage_rocksDB_blockSize" : "4096",
  "encryptionRequireOnProducer" : "false",
  "dispatcherReadFailureBackoffMaxTimeInMs" : "60000",
  "delayedDeliveryMinIndexCountPerBucket" : "50000",
  "zooKeeperOperationTimeoutSeconds" : "-1",
  "maxPendingPublishRequestsPerConnection" : "1000",
  "bookkeeperTLSKeyFilePath" : "",
  "allowLoopback" : "true",
  "enableBrokerSideSubscriptionPatternEvaluation" : "true",
  "webSocketMaxTextFrameSize" : "1048576",
  "loadBalancerCPUResourceWeight" : "1.0",
  "backlogQuotaCheckEnabled" : "true",
  "replicationPolicyCheckDurationSeconds" : "600",
  "allowAutoTopicCreation" : "true",
  "bookkeeperClientIsolationGroups" : "",
  "subscriptionPatternMaxLength" : "50",
  "namespaceBundleUnloadingTimeoutMs" : "60000",
  "aggregatePublisherStatsByProducerName" : "false",
  "maxUnackedMessagesPerSubscriptionOnBrokerBlocked" : "0.16",
  "configurationStoreServers" : "",
  "dbStorage_writeCacheMaxSizeMb" : "96",
  "brokerInterceptors" : "",
  "brokerClientTlsProtocols" : "",
  "brokerClientTlsKeyStore" : "",
  "dispatchRateLimiterFactoryClassName" : "org.apache.pulsar.broker.service.persistent.DispatchRateLimiterFactoryAsyncTokenBucket",
  "authorizationEnabled" : "false",
  "loadBalancerSheddingIntervalMinutes" : "1",
  "managedLedgerCursorPositionFlushSeconds" : "60",
  "loadManagerClassName" : "org.apache.pulsar.broker.loadbalance.NoopLoadManager",
  "bookkeeperClientHealthCheckQuarantineTimeInSeconds" : "1800",
  "numCacheExecutorThreadPoolSize" : "10",
  "loadBalancerSheddingGracePeriodMinutes" : "30",
  "narExtractionDirectory" : "",
  "backlogQuotaCheckIntervalInSeconds" : "60",
  "bookkeeperClientTimeoutInSeconds" : "30",
  "tlsTrustCertsFilePath" : "/certs/ca.crt",
  "webServiceHaProxyProtocolEnabled" : "false",
  "managedLedgerCacheEvictionFrequency" : "100.0",
  "autoSkipNonRecoverableData" : "false",
  "maxTopicListInFlightDirectMemSizePermitsAcquireQueueSize" : "10000",
  "bookkeeperClientHealthCheckEnabled" : "true",
  "dbStorage_rocksDB_numFilesInLevel0" : "4",
  "brokerDeleteInactiveTopicsFrequencySeconds" : "60",
  "managedLedgerInfoCompressionThresholdInBytes" : "16384",
  "managedLedgerReadEntryTimeoutSeconds" : "0",
  "loadBalancerBrokerMaxTopics" : "50000",
  "nettyMaxFrameSizeBytes" : "5253120",
  "maxTopicListInFlightHeapMemSizeMB" : "100",
  "enablePackagesManagement" : "false",
  "configurationMetadataStoreUrl" : "",
  "managedLedgerAddEntryTimeoutSeconds" : "0",
  "loadBalancerDirectMemoryResourceWeight" : "0",
  "managedLedgerMaxEntriesPerLedger" : "50000",
  "loadBalancerNamespaceMaximumBundles" : "128",
  "managedLedgerCacheCopyEntries" : "false",
  "tlsCertRefreshCheckDurationSec" : "300",
  "journalSyncData" : "false",
  "bindAddress" : "0.0.0.0",
  "transactionMetadataStoreProviderClassName" : "org.apache.pulsar.transaction.coordinator.impl.MLTransactionMetadataStoreProvider",
  "tlsAllowInsecureConnection" : "false",
  "managedLedgerCacheEvictionExtendTTLOfEntriesWithRemainingExpectedReadsMaxTimes" : "5",
  "maxProducersPerTopic" : "0",
  "tokenPublicKey" : "",
  "activeConsumerFailoverConsistentHashing" : "false",
  "subscriptionExpirationTimeMinutes" : "0",
  "numWorkerThreadsForNonPersistentTopic" : "8",
  "maxConcurrentNonPersistentMessagePerConnection" : "1000",
  "enableTaskExecutionStats" : "true",
  "clusterMigrationCheckDurationSeconds" : "0",
  "maxTopicListInFlightHeapMemSizePermitsAcquireTimeoutMillis" : "25000",
  "managedLedgerNewEntriesCheckDelayInMillis" : "10",
  "bookkeeperClientAuthenticationParameters" : "",
  "authenticationEnabled" : "false",
  "numIOThreads" : "",
  "delayedDeliveryMaxIndexesPerBucketSnapshotSegment" : "5000",
  "isSchemaValidationEnforced" : "false",
  "maxSubscriptionsPerTopic" : "0",
  "maxTopicsPerNamespace" : "0",
  "allocatorPoolingPolicy" : "UnpooledHeap",
  "topicLevelPoliciesEnabled" : "true",
  "brokerClientTlsEnabledWithKeyStore" : "false",
  "bookkeeperClientSeparatedIoThreadsEnabled" : "false",
  "maxConsumersPerTopic" : "0",
  "brokerClientTlsTrustStoreType" : "JKS",
  "topicPoliciesCacheInitTimeoutSeconds" : "60",
  "backlogQuotaDefaultLimitSecond" : "-1",
  "transactionPendingAckBatchedWriteEnabled" : "false",
  "bookkeeperClientMinNumRacksPerWriteQuorum" : "1",
  "compactionServiceFactoryClassName" : "org.apache.pulsar.compaction.PulsarCompactionServiceFactory",
  "metadataStoreUrl" : "",
  "numOrderedExecutorThreads" : "8",
  "subscriptionRedeliveryTrackerEnabled" : "true",
  "dispatchThrottlingRatePerTopicInByte" : "0",
  "managedLedgerCursorRolloverTimeInSeconds" : "14400",
  "maxTopicListInFlightHeapMemSizePermitsAcquireQueueSize" : "10000",
  "globalZookeeperServers" : "",
  "defaultNumberOfNamespaceBundles" : "4",
  "loadBalancerEnabled" : "false",
  "dbStorage_readAheadCacheMaxSizeMb" : "96",
  "journalRemoveFromPageCache" : "false",
  "activeConsumerFailoverDelayTimeMillis" : "1000",
  "managedLedgerDefaultEnsembleSize" : "1",
  "metadataStoreBatchingMaxOperations" : "1000",
  "dispatcherPauseOnAckStatePersistentEnabled" : "false",
  "loadBalancerHistoryResourcePercentage" : "0.9",
  "dbStorage_readAheadCacheBatchSize" : "1000",
  "dispatchThrottlingOnBatchMessageEnabled" : "false",
  "bindAddresses" : "",
  "keySharedLookAheadMsgInReplayThresholdPerConsumer" : "2000",
  "authorizationProvider" : "org.apache.pulsar.broker.authorization.PulsarAuthorizationProvider",
  "tlsTrustStore" : "",
  "metadataStoreBatchingMaxSizeKb" : "128",
  "zookeeperServers" : "",
  "transactionBufferSnapshotMaxTransactionCount" : "1000",
  "transactionBufferSegmentedSnapshotEnabled" : "false",
  "brokerClientTrustCertsFilePath" : "",
  "schemaRegistryCompatibilityCheckers" : "[org.apache.pulsar.broker.service.schema.JsonSchemaCompatibilityCheck, org.apache.pulsar.broker.service.schema.AvroSchemaCompatibilityCheck, org.apache.pulsar.broker.service.schema.ProtobufNativeSchemaCompatibilityCheck, org.apache.pulsar.broker.service.schema.ExternalSchemaCompatibilityCheck]",
  "defaultRetentionSizeInMB" : "0",
  "defaultNumPartitions" : "1",
  "metadataStoreSessionTimeoutMillis" : "30000",
  "dispatcherReadFailureBackoffMandatoryStopTimeInMs" : "0",
  "packagesReplicas" : "1",
  "topicFencingTimeoutSeconds" : "0",
  "bookkeeperTLSProviderFactoryClass" : "org.apache.bookkeeper.tls.TLSContextFactory",
  "bookkeeperNumberOfChannelsPerBookie" : "16",
  "cacheEvictionByExpectedReadCount" : "true",
  "transactionBufferSnapshotMinTimeInMillis" : "5000",
  "brokerClientSslProvider" : "",
  "transactionBufferSnapshotSegmentSize" : "262144",
  "preciseDispatcherFlowControl" : "false",
  "maxConcurrentLookupRequest" : "50000",
  "skipBrokerShutdownOnOOM" : "false",
  "bookkeeperTLSKeyStorePasswordPath" : "",
  "defaultRetentionTimeInMinutes" : "0",
  "brokerPublisherThrottlingMaxMessageRate" : "0",
  "bookkeeperExplicitLacIntervalInMills" : "0",
  "replicationProducerQueueSize" : "1000",
  "loadBalancerNamespaceBundleMaxSessions" : "1000",
  "tlsProtocols" : "",
  "managedLedgerDefaultWriteQuorum" : "1",
  "statusFilePath" : "/usr/local/apache/htdocs",
  "zooKeeperSessionTimeoutMillis" : "-1",
  "bookkeeperClientSecondaryIsolationGroups" : "",
  "tokenAudienceClaim" : "",
  "brokerServicePurgeInactiveFrequencyInSeconds" : "60",
  "journalMaxGroupWaitMSec" : "1",
  "webServiceTlsProvider" : "Conscrypt",
  "dbStorage_rocksDB_bloomFilterBitsPerKey" : "10",
  "authenticationRoleLoggingAnonymizer" : "NONE",
  "brokerDeduplicationMaxNumberOfProducers" : "10000",
  "diskUsageWarnThreshold" : "0.99",
  "brokerDeduplicationProducerInactivityTimeoutMinutes" : "360",
  "tlsKeyFilePath" : "/certs/server.key",
  "managedLedgerMaxBacklogBetweenCursorsForCaching" : "1000",
  "transactionLogBatchedWriteMaxSize" : "4194304",
  "bookkeeperClientAuthenticationPlugin" : "",
  "packagesManagementLedgerRootPath" : "/ledgers",
  "metadataStoreCacheExpirySeconds" : "300",
  "systemTopicSchemaCompatibilityStrategy" : "ALWAYS_COMPATIBLE",
  "bookkeeperDiskWeightBasedPlacementEnabled" : "false",
  "tlsTrustStoreType" : "JKS",
  "clusterMigrationAutoResourceCreation" : "false",
  "authorizationAllowWildcardsMatching" : "false",
  "subscriptionKeySharedConsistentHashingReplicaPoints" : "100",
  "managedLedgerDefaultMarkDeleteRateLimit" : "0.1",
  "bookkeeperClientQuarantineRatio" : "1.0",
  "managedLedgerMaxLedgerRolloverTimeMinutes" : "240",
  "subscriptionExpiryCheckIntervalInMinutes" : "5",
  "maxUnackedMessagesPerBroker" : "0",
  "keySharedLookAheadMsgInReplayThresholdPerSubscription" : "20000",
  "tlsKeyStore" : "",
  "keepAliveIntervalSeconds" : "30",
  "cacheEvictionByMarkDeletedPosition" : "false",
  "flushInterval" : "60000",
  "brokerClientAuthenticationParameters" : "",
  "splitTopicAndPartitionLabelInPrometheus" : "false",
  "tlsEnabledWithKeyStore" : "false",
  "managedLedgerCacheEvictionTimeThresholdMillis" : "1000",
  "functionsWorkerEnablePackageManagement" : "false",
  "brokerServicePortTls" : "27666",
  "replicationMetricsEnabled" : "true",
  "basicAuthConf" : "",
  "bookkeeperClientSpeculativeReadTimeoutInMillis" : "0",
  "bookkeeperTLSKeyFileType" : "PEM",
  "ttlDurationDefaultInSeconds" : "0",
  "backlogQuotaDefaultLimitGB" : "10",
  "ledgerDirectories" : "data/standalone/bookkeeper",
  "transactionPendingAckBatchedWriteMaxSize" : "4194304",
  "zooKeeperCacheExpirySeconds" : "-1",
  "managedLedgerMaxBatchDeletedIndexToPersist" : "10000",
  "metadataServiceUri" : "metadata-store:rocksdb:///pulsar/data/metadata",
  "journalDirectories" : "data/standalone/bookkeeper",
  "bookkeeperTLSClientAuthentication" : "false",
  "loadBalancerBundleUnloadMinThroughputThreshold" : "10",
  "managedLedgerMaxUnackedRangesToPersistInZooKeeper" : "-1",
  "metricsServletTimeoutMs" : "30000",
  "dispatchThrottlingRatePerTopicInMsg" : "0",
  "topicCompactionRetainNullKey" : "false",
  "maxUnackedMessagesPerSubscription" : "200000",
  "tlsTrustStorePassword" : "",
  "managedLedgerInfoCompressionType" : "NONE",
  "failureDomainsEnabled" : "false",
  "managedLedgerUnackedRangesOpenCacheSetEnabled" : "true",
  "forceDeleteTenantAllowed" : "false",
  "webSocketNumIoThreads" : "8",
  "subscriptionKeySharedUseConsistentHashing" : "true",
  "isAllowAutoUpdateSchemaEnabled" : "true",
  "brokerPublisherThrottlingTickTimeMillis" : "50",
  "delayedDeliveryMaxTimeStepPerBucketSnapshotSegmentSeconds" : "300",
  "tlsKeyStorePassword" : "",
  "systemTopicEnabled" : "true",
  "allowAutoSubscriptionCreation" : "true",
  "messageExpiryCheckIntervalInMinutes" : "5",
  "loadBalancerHostUsageCheckIntervalMinutes" : "1",
  "loadBalancerResourceQuotaUpdateIntervalMinutes" : "15"
} {}
2026-09-28T07:46:03,932+0000 [main] INFO  org.apache.bookkeeper.proto.BookieNettyServer - Binding bookie-rpc endpoint to 0.0.0.0/0.0.0.0:34055 {}
2026-09-28T07:46:03,990+0000 [main] INFO  org.apache.bookkeeper.server.EmbeddedServer$Builder - Load lifecycle component : bookie-server {}
2026-09-28T07:46:03,995+0000 [main] INFO  org.apache.bookkeeper.common.component.ComponentStarter - Starting component bookie-server. {}
2026-09-28T07:46:04,000+0000 [main] INFO  org.apache.bookkeeper.bookie.Bookie - Finished replaying journal in 2 ms. {}
2026-09-28T07:46:04,008+0000 [SyncThread-11-1] INFO  org.apache.bookkeeper.bookie.SyncThread - Flush ledger storage at checkpoint CheckpointList{checkpoints=[LogMark: logFileId - 0 , logFileOffset - 0]}. {}
2026-09-28T07:46:04,011+0000 [main] INFO  org.apache.bookkeeper.bookie.Bookie - Finished reading journal, starting bookie {}
2026-09-28T07:46:04,013+0000 [BookieJournal-34055] INFO  org.apache.bookkeeper.bookie.Journal - Starting journal on data/standalone/bookkeeper/current {}
2026-09-28T07:46:04,014+0000 [BookieStateManagerService-0] INFO  org.apache.bookkeeper.bookie.BookieStateManager - Re-registering the bookie {}
2026-09-28T07:46:04,016+0000 [BookieStateManagerService-0] INFO  org.apache.pulsar.metadata.bookkeeper.PulsarRegistrationManager - RegisterBookie 127.0.0.1:34055 readOnly false info BookieServiceInfo{properties={}, endpoints=[EndpointInfo{id=bookie, port=34055, host=127.0.0.1, protocol=bookie-rpc, auth=[], extensions=[]}]} {}
2026-09-28T07:46:04,016+0000 [ForceWriteThread] INFO  org.apache.bookkeeper.bookie.Journal - ForceWrite Thread started {}
2026-09-28T07:46:04,024+0000 [BookieJournal-34055] INFO  org.apache.bookkeeper.bookie.JournalChannel - Opening journal data/standalone/bookkeeper/current/1a0e6fa6271.txn {}
2026-09-28T07:46:04,036+0000 [BookieStateManagerService-0] INFO  org.apache.pulsar.metadata.coordination.impl.ResourceLockImpl - Acquired resource lock on /ledgers/available/127.0.0.1:34055 {}
2026-09-28T07:46:04,036+0000 [metadata-store-event-1-1] INFO  org.apache.pulsar.metadata.bookkeeper.PulsarRegistrationClient - Bookie 127.0.0.1:34055 created. path: /ledgers/available/127.0.0.1:34055 {}
2026-09-28T07:46:04,038+0000 [main] INFO  org.apache.bookkeeper.bookie.UncleanShutdownDetectionImpl - Created dirty file in ledger dir: /pulsar/data/standalone/bookkeeper/current {}
2026-09-28T07:46:04,042+0000 [metadata-store-worker-OrderedExecutor-0-0] INFO  org.apache.pulsar.metadata.bookkeeper.PulsarRegistrationClient - Update BookieInfoCache (writable bookie) 127.0.0.1:34055 -> BookieServiceInfo{properties={}, endpoints=[EndpointInfo{id=bookie, port=34055, host=127.0.0.1, protocol=bookie-rpc, auth=[], extensions=[]}]} {}
2026-09-28T07:46:04,290+0000 [main] INFO  org.apache.bookkeeper.common.component.ComponentStarter - Started component bookie-server. {}
2026-09-28T07:46:04,291+0000 [main] INFO  org.apache.pulsar.metadata.bookkeeper.BKCluster - New bookie '127.0.0.1:34055' has been created. {}
2026-09-28T07:46:04,640+0000 [main] INFO  org.apache.pulsar.broker.PulsarService - Starting Pulsar Broker service; version: '4.2.4' {}
2026-09-28T07:46:04,641+0000 [main] INFO  org.apache.pulsar.broker.PulsarService - Git Revision 534a635dca0748eaf43ae67002ce2c2077487b4e {}
2026-09-28T07:46:04,641+0000 [main] INFO  org.apache.pulsar.broker.PulsarService - Git Branch branch-4.2 {}
2026-09-28T07:46:04,641+0000 [main] INFO  org.apache.pulsar.broker.PulsarService - Built by Lari Hotari <lhotari@apache.org> on Laris-MBP-2.lan at 2026-07-26T23:34:52+0300 {}
2026-09-28T07:46:04,816+0000 [metadata-store-worker-OrderedExecutor-0-0] INFO  org.apache.pulsar.metadata.bookkeeper.PulsarRegistrationClient - Update BookieInfoCache (writable bookie) 127.0.0.1:34055 -> BookieServiceInfo{properties={}, endpoints=[EndpointInfo{id=bookie, port=34055, host=127.0.0.1, protocol=bookie-rpc, auth=[], extensions=[]}]} {}
2026-09-28T07:46:04,820+0000 [ForkJoinPool.commonPool-worker-1] WARN  org.apache.bookkeeper.client.TopologyAwareEnsemblePlacementPolicy - Failed to resolve network location for 192.168.12.111, using default rack for it : /default-rack. {}
2026-09-28T07:46:04,821+0000 [ForkJoinPool.commonPool-worker-1] INFO  org.apache.bookkeeper.client.RackawareEnsemblePlacementPolicyImpl - Initialize rackaware ensemble placement policy @ <Bookie:192.168.12.111:0> @ /default-rack : org.apache.pulsar.bookie.rackawareness.BookieRackAffinityMapping. {}
2026-09-28T07:46:04,821+0000 [ForkJoinPool.commonPool-worker-1] INFO  org.apache.bookkeeper.client.RackawareEnsemblePlacementPolicyImpl - Not weighted {}
2026-09-28T07:46:04,829+0000 [ForkJoinPool.commonPool-worker-1] INFO  org.apache.bookkeeper.client.BookKeeper - Weighted ledger placement is not enabled {}
2026-09-28T07:46:04,838+0000 [pulsar-registration-client-30-1] WARN  org.apache.bookkeeper.client.TopologyAwareEnsemblePlacementPolicy - Failed to resolve network location for 127.0.0.1, using default rack for it : /default-rack. {}
2026-09-28T07:46:04,838+0000 [pulsar-registration-client-30-1] INFO  org.apache.bookkeeper.net.NetworkTopologyImpl - Adding a new node: /default-rack/127.0.0.1:34055 {}
2026-09-28T07:46:04,881+0000 [main] INFO  org.apache.bookkeeper.mledger.impl.cache.RangeEntryCacheManagerImpl - Initialized managed-ledger entry cache of 153.0 Mb {}
2026-09-28T07:46:04,936+0000 [main] INFO  org.apache.pulsar.broker.authorization.AuthorizationService - org.apache.pulsar.broker.authorization.PulsarAuthorizationProvider has been loaded. {}
2026-09-28T07:46:04,938+0000 [main] INFO  org.apache.pulsar.broker.service.plugin.EntryFilterProvider - Searching for entry filters in /pulsar {}
2026-09-28T07:46:04,944+0000 [main] INFO  org.apache.pulsar.broker.authentication.AuthenticationService - Authentication is disabled {}
2026-09-28T07:46:04,956+0000 [metadata-store-event-1-1] INFO  org.apache.pulsar.broker.service.BrokerService - Ignoring metadata change since broker is not running (id=unknown, state=Init) Notification(type=Created, path=/admin/configuration) {}
2026-09-28T07:46:04,956+0000 [metadata-store-event-1-1] INFO  org.apache.pulsar.broker.service.BrokerService - Ignoring metadata change since broker is not running (id=unknown, state=Init) Notification(type=ChildrenChanged, path=/admin) {}
2026-09-28T07:46:04,963+0000 [main] INFO  org.apache.pulsar.broker.service.BrokerService - Disabling per broker unack-msg blocking due invalid unAckMsgSubscriptionPercentageLimitOnBrokerBlocked 0.16  {}
2026-09-28T07:46:04,968+0000 [main] INFO  org.apache.pulsar.broker.service.BrokerService - Setting managed ledger deletion max concurrent requests to 1000 {}
2026-09-28T07:46:04,982+0000 [main] INFO  org.apache.pulsar.broker.PulsarService - Starting name space service, bootstrap namespaces=[] {}
2026-09-28T07:46:05,033+0000 [ForkJoinPool.commonPool-worker-2] WARN  org.apache.bookkeeper.client.TopologyAwareEnsemblePlacementPolicy - Failed to resolve network location for 192.168.12.111, using default rack for it : /default-rack. {}
2026-09-28T07:46:05,034+0000 [metadata-store-worker-OrderedExecutor-0-0] INFO  org.apache.pulsar.metadata.bookkeeper.PulsarRegistrationClient - Update BookieInfoCache (writable bookie) 127.0.0.1:34055 -> BookieServiceInfo{properties={}, endpoints=[EndpointInfo{id=bookie, port=34055, host=127.0.0.1, protocol=bookie-rpc, auth=[], extensions=[]}]} {}
2026-09-28T07:46:05,034+0000 [ForkJoinPool.commonPool-worker-2] INFO  org.apache.bookkeeper.client.RackawareEnsemblePlacementPolicyImpl - Initialize rackaware ensemble placement policy @ <Bookie:192.168.12.111:0> @ /default-rack : org.apache.pulsar.bookie.rackawareness.BookieRackAffinityMapping. {}
2026-09-28T07:46:05,034+0000 [ForkJoinPool.commonPool-worker-2] INFO  org.apache.bookkeeper.client.RackawareEnsemblePlacementPolicyImpl - Not weighted {}
2026-09-28T07:46:05,035+0000 [ForkJoinPool.commonPool-worker-2] INFO  org.apache.bookkeeper.client.BookKeeper - Weighted ledger placement is not enabled {}
2026-09-28T07:46:05,035+0000 [pulsar-registration-client-48-1] WARN  org.apache.bookkeeper.client.TopologyAwareEnsemblePlacementPolicy - Failed to resolve network location for 127.0.0.1, using default rack for it : /default-rack. {}
2026-09-28T07:46:05,035+0000 [pulsar-registration-client-48-1] INFO  org.apache.bookkeeper.net.NetworkTopologyImpl - Adding a new node: /default-rack/127.0.0.1:34055 {}
2026-09-28T07:46:05,103+0000 [metadata-store-event-1-1] INFO  org.apache.pulsar.broker.service.BrokerService - Ignoring metadata change since broker is not running (id=unknown, state=Init) Notification(type=Created, path=/counters/producer-name) {}
2026-09-28T07:46:05,103+0000 [metadata-store-event-1-1] INFO  org.apache.pulsar.broker.service.BrokerService - Ignoring metadata change since broker is not running (id=unknown, state=Init) Notification(type=ChildrenChanged, path=/counters) {}
2026-09-28T07:46:05,112+0000 [metadata-store-event-1-1] INFO  org.apache.pulsar.broker.service.BrokerService - Ignoring metadata change since broker is not running (id=unknown, state=Init) Notification(type=Created, path=/counters/producer-name/-0) {}
2026-09-28T07:46:05,112+0000 [metadata-store-event-1-1] INFO  org.apache.pulsar.broker.service.BrokerService - Ignoring metadata change since broker is not running (id=unknown, state=Init) Notification(type=ChildrenChanged, path=/counters/producer-name) {}
2026-09-28T07:46:05,113+0000 [metadata-store-event-1-1] INFO  org.apache.pulsar.broker.service.BrokerService - Ignoring metadata change since broker is not running (id=unknown, state=Init) Notification(type=ChildrenChanged, path=/counters) {}
2026-09-28T07:46:05,113+0000 [main] INFO  org.apache.pulsar.broker.service.DistributedIdGenerator - Broker distributed id generator started with instance id standalone-0 {}
2026-09-28T07:46:05,118+0000 [main] INFO  org.apache.pulsar.broker.service.BrokerService - Started Pulsar Broker service on /0.0.0.0:27665, TLS: (none), listener: (none) {}
2026-09-28T07:46:06,085+0000 [main] INFO  org.apache.pulsar.broker.service.BrokerService - Started Pulsar Broker service on /0.0.0.0:27666, TLS: OPENSSL, listener: (none) {}
2026-09-28T07:46:06,097+0000 [main] INFO  org.apache.pulsar.broker.service.BrokerService - Scheduling a thread to check backlog quota after [60] seconds in background {}
2026-09-28T07:46:06,101+0000 [main] INFO  org.apache.pulsar.broker.service.BrokerService - Update broker publish rate limiting PublishRate(publishThrottlingRateInMsg=0, publishThrottlingRateInByte=0) {}
2026-09-28T07:46:06,108+0000 [main] INFO  org.apache.pulsar.broker.service.persistent.DispatchRateLimiter - configured broker message-dispatch rate DispatchRateImpl(dispatchThrottlingRateInMsg=0, dispatchThrottlingRateInByte=0, relativeToPublishRate=false, ratePeriodInSecond=1) {}
2026-09-28T07:46:06,109+0000 [main] INFO  org.apache.pulsar.broker.service.persistent.DispatchRateLimiterAsyncTokenBucketImpl - setting message-dispatch-rate DispatchRateImpl(dispatchThrottlingRateInMsg=0, dispatchThrottlingRateInByte=0, relativeToPublishRate=false, ratePeriodInSecond=1) {}
2026-09-28T07:46:06,577+0000 [main] INFO  org.apache.pulsar.broker.authentication.AuthenticationService - Authentication is disabled {}
2026-09-28T07:46:06,577+0000 [main] INFO  org.apache.pulsar.websocket.WebSocketService - Pulsar WebSocket Service started {}
2026-09-28T07:46:06,645+0000 [main] INFO  org.eclipse.jetty.server.Server - jetty-12.1.11; built: 2026-07-02T20:57:42.640Z; git: 6c1ced3f077bc633716c54758a743b09b21328e8; jvm 21.0.12+8-LTS {}
2026-09-28T07:46:06,675+0000 [main] INFO  org.eclipse.jetty.session.DefaultSessionIdManager - Session workerName=node0 {}
2026-09-28T07:46:07,157+0000 [main] INFO  org.eclipse.jetty.server.handler.ContextHandler - Started oeje8n.ContextHandler$CoreContextHandler@44a9971f{ROOT,/,b=null,a=AVAILABLE,h=oeje8n.ContextHandler$CoreContextHandler$CoreToNestedHandler@2e2cd42c{STARTED}} {}
2026-09-28T07:46:08,221+0000 [main] INFO  org.eclipse.jetty.server.handler.ContextHandler - Started oeje8n.ContextHandler$CoreContextHandler@530a46f4{/admin/v2,/admin/v2,b=null,a=AVAILABLE,h=oeje8n.ContextHandler$CoreContextHandler$CoreToNestedHandler@3180131e{STARTED}} {}
2026-09-28T07:46:08,495+0000 [main] INFO  org.eclipse.jetty.server.handler.ContextHandler - Started oeje8n.ContextHandler$CoreContextHandler@306c8e09{/admin/v3,/admin/v3,b=null,a=AVAILABLE,h=oeje8n.ContextHandler$CoreContextHandler$CoreToNestedHandler@87df88d{STARTED}} {}
2026-09-28T07:46:08,544+0000 [main] INFO  org.eclipse.jetty.server.handler.ContextHandler - Started oeje8n.ContextHandler$CoreContextHandler@2284058a{/lookup,/lookup,b=null,a=AVAILABLE,h=oeje8n.ContextHandler$CoreContextHandler$CoreToNestedHandler@5b11d0d8{STARTED}} {}
2026-09-28T07:46:08,606+0000 [main] INFO  org.eclipse.jetty.server.handler.ContextHandler - Started oeje8n.ContextHandler$CoreContextHandler@73d7e7aa{/topics,/topics,b=null,a=AVAILABLE,h=oeje8n.ContextHandler$CoreContextHandler$CoreToNestedHandler@349686e8{STARTED}} {}
2026-09-28T07:46:08,608+0000 [main] INFO  org.eclipse.jetty.server.handler.ContextHandler - Started oeje8n.ContextHandler$CoreContextHandler@1067192a{/metrics,/metrics,b=null,a=AVAILABLE,h=oeje8n.ContextHandler$CoreContextHandler$CoreToNestedHandler@3f7f9d3f{STARTED}} {}
2026-09-28T07:46:08,646+0000 [main] INFO  org.eclipse.jetty.server.handler.ContextHandler - Started oeje8n.ContextHandler$CoreContextHandler@c10f7a8{/ws/v2/producer,/ws/v2/producer,b=null,a=AVAILABLE,h=oeje8n.ContextHandler$CoreContextHandler$CoreToNestedHandler@64096a41{STARTED}} {}
2026-09-28T07:46:08,648+0000 [main] INFO  org.eclipse.jetty.server.handler.ContextHandler - Started oeje8n.ContextHandler$CoreContextHandler@77902ed6{/ws/v2/consumer,/ws/v2/consumer,b=null,a=AVAILABLE,h=oeje8n.ContextHandler$CoreContextHandler$CoreToNestedHandler@1c0a4f87{STARTED}} {}
2026-09-28T07:46:08,650+0000 [main] INFO  org.eclipse.jetty.server.handler.ContextHandler - Started oeje8n.ContextHandler$CoreContextHandler@76b6bad3{/ws/v2/reader,/ws/v2/reader,b=null,a=AVAILABLE,h=oeje8n.ContextHandler$CoreContextHandler$CoreToNestedHandler@e38d655{STARTED}} {}
2026-09-28T07:46:08,652+0000 [main] INFO  org.eclipse.jetty.server.handler.ContextHandler - Started oeje8n.ContextHandler$CoreContextHandler@2bbaf1bc{/ws/v3/consumer,/ws/v3/consumer,b=null,a=AVAILABLE,h=oeje8n.ContextHandler$CoreContextHandler$CoreToNestedHandler@65852d05{STARTED}} {}
2026-09-28T07:46:08,661+0000 [main] INFO  org.eclipse.jetty.server.handler.ContextHandler - Started oeje8n.ContextHandler$CoreContextHandler@7bbc11ed{/static,/static,b=null,a=AVAILABLE,h=oeje8n.ContextHandler$CoreContextHandler$CoreToNestedHandler@7d741200{STARTED}} {}
2026-09-28T07:46:08,671+0000 [main] INFO  org.eclipse.jetty.server.AbstractConnector - Started oejs.ServerConnector@711261c7{HTTP/1.1, (http/1.1)}{0.0.0.0:28086} {}
2026-09-28T07:46:08,672+0000 [main] INFO  org.eclipse.jetty.server.Server - Started oejs.Server@73eaae1e{STARTING}[12.1.11,sto=60000] @2030ms {}
2026-09-28T07:46:08,672+0000 [main] INFO  org.apache.pulsar.broker.web.WebService - HTTP Service started at http://0.0.0.0:28086 {}
2026-09-28T07:46:08,672+0000 [main] INFO  org.apache.pulsar.broker.web.WebService - HTTPS Service disabled {}
2026-09-28T07:46:08,708+0000 [metadata-store-event-1-1] INFO  org.apache.pulsar.broker.service.BrokerService - Ignoring metadata change since broker is not running (id=127.0.0.1:28086, state=Init) Notification(type=Created, path=/loadbalance/leader) {}
2026-09-28T07:46:08,708+0000 [main] INFO  org.apache.pulsar.metadata.coordination.impl.LeaderElectionImpl - Acquired leadership on /loadbalance/leader with LeaderBroker(brokerId=127.0.0.1:28086, serviceUrl=http://127.0.0.1:28086) {}
2026-09-28T07:46:08,709+0000 [main] INFO  org.apache.pulsar.broker.PulsarService - This broker 127.0.0.1:28086 was elected leader {}
2026-09-28T07:46:08,709+0000 [main] INFO  org.apache.pulsar.broker.PulsarService - Starting load management service ... {}
2026-09-28T07:46:08,709+0000 [metadata-store-event-1-1] INFO  org.apache.pulsar.broker.service.BrokerService - Ignoring metadata change since broker is not running (id=127.0.0.1:28086, state=Init) Notification(type=ChildrenChanged, path=/loadbalance) {}
2026-09-28T07:46:08,711+0000 [main] INFO  org.apache.pulsar.broker.loadbalance.NoopLoadManager - Acquiring broker resource lock on /loadbalance/brokers/127.0.0.1:28086 {}
2026-09-28T07:46:08,720+0000 [main] INFO  org.apache.pulsar.metadata.coordination.impl.ResourceLockImpl - Acquired resource lock on /loadbalance/brokers/127.0.0.1:28086 {}
2026-09-28T07:46:08,720+0000 [metadata-store-event-1-1] INFO  org.apache.pulsar.broker.service.BrokerService - Ignoring metadata change since broker is not running (id=127.0.0.1:28086, state=Init) Notification(type=Created, path=/loadbalance/brokers/127.0.0.1:28086) {}
2026-09-28T07:46:08,720+0000 [main] INFO  org.apache.pulsar.broker.loadbalance.NoopLoadManager - Acquired broker resource lock on /loadbalance/brokers/127.0.0.1:28086 {}
2026-09-28T07:46:08,721+0000 [metadata-store-event-1-1] INFO  org.apache.pulsar.broker.service.BrokerService - Ignoring metadata change since broker is not running (id=127.0.0.1:28086, state=Init) Notification(type=ChildrenChanged, path=/loadbalance/brokers) {}
2026-09-28T07:46:08,721+0000 [metadata-store-event-1-1] INFO  org.apache.pulsar.broker.service.BrokerService - Ignoring metadata change since broker is not running (id=127.0.0.1:28086, state=Init) Notification(type=ChildrenChanged, path=/loadbalance) {}
2026-09-28T07:46:08,742+0000 [main] INFO  org.apache.pulsar.broker.namespace.OwnershipCache - Trying to acquire ownership of pulsar/127.0.0.1:28086/0x00000000_0xffffffff {}
2026-09-28T07:46:08,747+0000 [main] INFO  org.apache.pulsar.metadata.coordination.impl.ResourceLockImpl - Acquired resource lock on /namespace/pulsar/127.0.0.1:28086/0x00000000_0xffffffff {}
2026-09-28T07:46:08,747+0000 [metadata-store-event-1-1] INFO  org.apache.pulsar.broker.service.BrokerService - Ignoring metadata change since broker is not running (id=127.0.0.1:28086, state=Init) Notification(type=Created, path=/namespace/pulsar/127.0.0.1:28086/0x00000000_0xffffffff) {}
2026-09-28T07:46:08,747+0000 [metadata-store-event-1-1] INFO  org.apache.pulsar.broker.service.BrokerService - Ignoring metadata change since broker is not running (id=127.0.0.1:28086, state=Init) Notification(type=ChildrenChanged, path=/namespace/pulsar/127.0.0.1:28086) {}
2026-09-28T07:46:08,747+0000 [metadata-store-event-1-1] INFO  org.apache.pulsar.broker.service.BrokerService - Ignoring metadata change since broker is not running (id=127.0.0.1:28086, state=Init) Notification(type=ChildrenChanged, path=/namespace/pulsar) {}
2026-09-28T07:46:08,748+0000 [metadata-store-event-1-1] INFO  org.apache.pulsar.broker.service.BrokerService - Ignoring metadata change since broker is not running (id=127.0.0.1:28086, state=Init) Notification(type=ChildrenChanged, path=/namespace) {}
2026-09-28T07:46:08,750+0000 [main] INFO  org.apache.pulsar.broker.namespace.OwnershipCache - Successfully acquired ownership of OwnedBundle(bundle=pulsar/127.0.0.1:28086/0x00000000_0xffffffff, isActive=1) {}
2026-09-28T07:46:08,751+0000 [main] INFO  org.apache.pulsar.broker.namespace.NamespaceService - added heartbeat namespace name in local cache: ns=pulsar/127.0.0.1:28086 {}
2026-09-28T07:46:08,752+0000 [pulsar-19-1] INFO  org.apache.pulsar.broker.PulsarService - Loading all topics on bundle: pulsar/127.0.0.1:28086/0x00000000_0xffffffff {}
2026-09-28T07:46:08,762+0000 [main] INFO  org.apache.pulsar.broker.PulsarService - SLA Namespace = sla-monitor/127.0.0.1:28086 doesn't exist. {}
2026-09-28T07:46:08,886+0000 [pulsar-web-53-15] INFO  org.apache.pulsar.broker.admin.v2.Namespaces - Failed to get policies for namespace public/default: org.apache.pulsar.broker.web.RestException: Namespace does not exist {}
2026-09-28T07:46:08,950+0000 [pulsar-web-53-15] INFO  org.eclipse.jetty.server.RequestLog - 127.0.0.1 - - [28/Sep/2026:07:46:08 +0000] "GET /admin/v2/namespaces/public/default HTTP/1.1" 404 37 "" "curl/8.5.0" 220 {}
2026-09-28T07:46:09,006+0000 [main] INFO  org.apache.pulsar.broker.PulsarService - messaging service is ready, bootstrap_seconds=4, bootstrap service port = 28086, broker url= pulsar://127.0.0.1:27665, broker tls url= pulsar+ssl://127.0.0.1:27666, cluster=standalone, configs=ServiceConfiguration(zookeeperServers=null, metadataStoreUrl=rocksdb:///pulsar/data/metadata, globalZookeeperServers=null, configurationStoreServers=null, configurationMetadataStoreUrl=rocksdb:///pulsar/data/metadata, brokerServicePort=Optional[27665], brokerServicePortTls=Optional[27666], webServicePort=Optional[28086], webServicePortTls=Optional.empty, webServiceTlsProvider=Conscrypt, webServiceTlsProtocols=[], webServiceTlsCiphers=[], bindAddress=0.0.0.0, advertisedAddress=127.0.0.1, advertisedListeners=null, internalListenerName=null, bindAddresses=null, haProxyProtocolEnabled=false, webServiceHaProxyProtocolEnabled=false, webServiceTrustXForwardedFor=false, webServiceLogDetailedAddresses=null, numAcceptorThreads=1, numIOThreads=48, numOrderedExecutorThreads=8, numHttpServerThreads=48, numExecutorThreadPoolSize=24, numCacheExecutorThreadPoolSize=10, enableBusyWait=false, maxConcurrentHttpRequests=1024, httpServerThreadPoolQueueSize=8192, httpServerAcceptQueueSize=8192, httpServerIdleTimeout=30000, maxHttpServerConnections=2048, httpServerGzipCompressionExcludedPaths=[], delayedDeliveryEnabled=true, delayedDeliveryTrackerFactoryClassName=org.apache.pulsar.broker.delayed.InMemoryDelayedDeliveryTrackerFactory, delayedDeliveryTickTimeMillis=1000, isDelayedDeliveryDeliverAtTimeStrict=false, delayedDeliveryMinIndexCountPerBucket=50000, delayedDeliveryMaxTimeStepPerBucketSnapshotSegmentSeconds=300, delayedDeliveryMaxIndexesPerBucketSnapshotSegment=5000, delayedDeliveryMaxNumBuckets=-1, delayedDeliveryFixedDelayDetectionLookahead=50000, delayedDeliveryMaxDelayInMillis=0, acknowledgmentAtBatchIndexLevelEnabled=true, webSocketServiceEnabled=true, isRunningStandalone=true, clusterName=standalone, authenticationRoleLoggingAnonymizer=NONE, maxTenants=0, failureDomainsEnabled=false, metadataStoreSessionTimeoutMillis=30000, metadataStoreOperationTimeoutSeconds=30, metadataStoreCacheExpirySeconds=300, pulsarResourcesExtendedClassName=org.apache.pulsar.broker.DefaultPulsarResourcesExtended, metadataStoreAllowReadOnlyOperations=false, metadataStoreSerDesThreads=1, zooKeeperSessionTimeoutMillis=-1, zooKeeperOperationTimeoutSeconds=-1, zooKeeperCacheExpirySeconds=-1, zooKeeperAllowReadOnlyOperations=false, brokerShutdownTimeoutMs=60000, skipBrokerShutdownOnOOM=false, topicLoadTimeoutSeconds=60, topicPoliciesCacheInitTimeoutSeconds=60, metadataStoreBatchingEnabled=true, metadataStoreBatchingMaxDelayMillis=5, metadataStoreBatchingMaxOperations=1000, metadataStoreBatchingMaxSizeKb=128, metadataStoreConfigPath=null, configurationStoreConfigPath=null, metadataSyncEventTopic=null, configurationMetadataSyncEventTopic=null, topicFactoryClassName=null, backlogQuotaCheckEnabled=true, topicNameCacheMaxCapacity=100000, maxSecondsToClearTopicNameCache=7200, preciseTimeBasedBacklogQuotaCheck=false, backlogQuotaCheckIntervalInSeconds=60, backlogQuotaDefaultLimitGB=10.0, backlogQuotaDefaultLimitBytes=-1, backlogQuotaDefaultLimitSecond=-1, backlogQuotaDefaultRetentionPolicy=producer_request_hold, ttlDurationDefaultInSeconds=0, additionalSystemCursorNames=[], brokerDeleteInactiveTopicsEnabled=true, brokerDeleteInactivePartitionedTopicMetadataEnabled=false, brokerDeleteInactiveTopicsFrequencySeconds=60, brokerDeleteInactiveTopicsMode=delete_when_no_subscriptions, brokerDeleteInactiveTopicsMaxInactiveDurationSeconds=60, brokerReplicationInactiveThresholdSeconds=86400, forceDeleteTenantAllowed=false, forceDeleteNamespaceAllowed=false, maxPendingPublishRequestsPerConnection=1000, messageExpiryCheckIntervalInMinutes=5, activeConsumerFailoverDelayTimeMillis=1000, activeConsumerFailoverConsistentHashing=false, subscriptionBacklogScanMaxTimeMs=120000, subscriptionBacklogScanMaxEntries=10000, subscriptionExpirationTimeMinutes=0, subscriptionRedeliveryTrackerEnabled=true, subscriptionExpiryCheckIntervalInMinutes=5, subscriptionTypesEnabled=[Failover, Shared, Key_Shared, Exclusive], subscriptionKeySharedEnable=true, subscriptionKeySharedUseConsistentHashing=true, subscriptionKeySharedConsistentHashingReplicaPoints=100, subscriptionKeySharedUseClassicPersistentImplementation=false, subscriptionSharedUseClassicPersistentImplementation=false, brokerDeduplicationEnabled=false, brokerDeduplicationMaxNumberOfProducers=10000, brokerDeduplicationSnapshotFrequencyInSeconds=120, brokerDeduplicationSnapshotIntervalSeconds=120, brokerDeduplicationEntriesInterval=1000, brokerDeduplicationProducerInactivityTimeoutMinutes=360, defaultNumberOfNamespaceBundles=4, maxNamespacesPerTenant=0, maxTopicsPerNamespace=0, brokerMaxConnections=0, pulsarChannelWriteBufferHighWaterMark=65536, pulsarChannelWriteBufferLowWaterMark=32768, pulsarChannelPauseReceivingRequestsIfUnwritable=false, pulsarChannelPauseReceivingCooldownMs=5000, pulsarChannelPauseReceivingCooldownRateLimitPermits=5, pulsarChannelPauseReceivingCooldownRateLimitPeriodMs=10, brokerMaxConnectionsPerIp=0, isAllowAutoUpdateSchemaEnabled=true, clientLibraryVersionCheckEnabled=false, statusFilePath=/usr/local/apache/htdocs, maxUnackedMessagesPerConsumer=50000, maxUnackedMessagesPerSubscription=200000, maxUnackedMessagesPerBroker=0, keySharedLookAheadMsgInReplayThresholdPerConsumer=2000, keySharedLookAheadMsgInReplayThresholdPerSubscription=20000, keySharedUnblockingIntervalMs=10, maxUnackedMessagesPerSubscriptionOnBrokerBlocked=0.16, maxConsumerMetadataSize=1024, unblockStuckSubscriptionEnabled=false, topicPublisherThrottlingTickTimeMillis=2, brokerPublisherThrottlingTickTimeMillis=50, brokerPublisherThrottlingMaxMessageRate=0, brokerPublisherThrottlingMaxByteRate=0, dispatchRateLimiterFactoryClassName=org.apache.pulsar.broker.service.persistent.DispatchRateLimiterFactoryAsyncTokenBucket, dispatchThrottlingRateInMsg=0, dispatchThrottlingRateInByte=0, maxPublishRatePerTopicInMessages=0, maxPublishRatePerTopicInBytes=0, subscribeThrottlingRatePerConsumer=0, subscribeRatePeriodPerConsumerInSecond=30, dispatchThrottlingRatePerTopicInMsg=0, dispatchThrottlingRatePerTopicInByte=0, dispatchThrottlingOnBatchMessageEnabled=false, dispatchThrottlingRatePerSubscriptionInMsg=0, dispatchThrottlingRatePerSubscriptionInByte=0, dispatchThrottlingRatePerReplicatorInMsg=0, dispatchThrottlingRatePerReplicatorInByte=0, dispatchThrottlingRateRelativeToPublishRate=false, dispatchThrottlingOnNonBacklogConsumerEnabled=true, resourceUsageTransportClassName=, resourceUsageTransportPublishIntervalInSecs=60, enableBrokerSideSubscriptionPatternEvaluation=true, enableBrokerTopicListWatcher=true, subscriptionPatternMaxLength=50, dispatcherMaxReadBatchSize=100, dispatcherDispatchMessagesInSubscriptionThread=true, dispatchThrottlingForFilteredEntriesEnabled=false, dispatcherMaxReadSizeBytes=5242880, dispatcherMinReadBatchSize=1, dispatcherReadFailureBackoffInitialTimeInMs=15000, dispatcherReadFailureBackoffMaxTimeInMs=60000, dispatcherReadFailureBackoffMandatoryStopTimeInMs=0, dispatcherRetryBackoffInitialTimeInMs=1, dispatcherRetryBackoffMaxTimeInMs=10, dispatcherEntryFilterRescheduledMessageDelay=1000, dispatcherMaxRoundRobinBatchSize=20, preciseDispatcherFlowControl=false, entryFilterNames=[], entryFiltersDirectory=, allowOverrideEntryFilters=false, maxConcurrentLookupRequest=50000, maxTopicListInFlightHeapMemSizeMB=100, maxTopicListInFlightDirectMemSizeMB=100, maxTopicListInFlightHeapMemSizePermitsAcquireTimeoutMillis=25000, maxTopicListInFlightHeapMemSizePermitsAcquireQueueSize=10000, maxTopicListInFlightDirectMemSizePermitsAcquireTimeoutMillis=25000, maxTopicListInFlightDirectMemSizePermitsAcquireQueueSize=10000, maxConcurrentTopicLoadRequest=5000, maxConcurrentNonPersistentMessagePerConnection=1000, numWorkerThreadsForNonPersistentTopic=8, topicOrderedExecutorThreadNum=8, enablePersistentTopics=true, enableNonPersistentTopics=true, enableRunBookieTogether=false, enableRunBookieAutoRecoveryTogether=false, maxProducersPerTopic=0, maxSameAddressProducersPerTopic=0, encryptionRequireOnProducer=false, maxConsumersPerTopic=0, maxSameAddressConsumersPerTopic=0, maxSubscriptionsPerTopic=0, maxConsumersPerSubscription=0, maxMessageSize=5242880, enableReplicatedSubscriptions=true, replicatedSubscriptionsSnapshotFrequencyMillis=1000, replicatedSubscriptionsSnapshotTimeoutSeconds=30, replicatedSubscriptionsSnapshotMaxCachedPerSubscription=30, replicationStartAt=latest, maxMessagePublishBufferSizeInMB=384, lazyCursorRecovery=false, retentionCheckIntervalInSeconds=120, maxNumPartitionsPerPartitionedTopic=0, brokerInterceptorsDirectory=./interceptors, brokerInterceptors=[], brokerEntryPayloadProcessors=[], zookeeperSessionExpiredPolicy=reconnect, topicFencingTimeoutSeconds=0, protocolHandlerDirectory=./protocols, useSeparateThreadPoolForProtocolHandlers=true, messagingProtocols=[], systemTopicEnabled=true, strictTopicNameEnabled=false, topicsPatternRegexImplementation=RE2J_WITH_JDK_FALLBACK, systemTopicSchemaCompatibilityStrategy=ALWAYS_COMPATIBLE, topicLevelPoliciesEnabled=true, topicPolicyListenerReplayEnabled=false, topicPoliciesServiceClassName=org.apache.pulsar.broker.service.SystemTopicBasedTopicPoliciesService, brokerEntryMetadataInterceptors=[], exposingBrokerEntryMetadataToClientEnabled=false, enableNamespaceIsolationUpdateOnTime=false, strictBookieAffinityEnabled=false, tlsEnabled=false, tlsCertRefreshCheckDurationSec=300, tlsCertificateFilePath=/certs/server.crt, tlsKeyFilePath=/certs/server.key, tlsTrustCertsFilePath=/certs/ca.crt, tlsAllowInsecureConnection=false, tlsHostnameVerificationEnabled=false, tlsProtocols=[], tlsCiphers=[], tlsRequireTrustedClientCertOnConnect=true, sslFactoryPlugin=org.apache.pulsar.common.util.DefaultPulsarSslFactory, sslFactoryPluginParams=, authenticationEnabled=false, strictAuthMethod=false, authenticationProviders=[], authenticationRefreshCheckSeconds=60, authorizationEnabled=false, authorizationProvider=org.apache.pulsar.broker.authorization.PulsarAuthorizationProvider, superUserRoles=[], proxyRoles=[], authenticateOriginalAuthData=false, authorizationAllowWildcardsMatching=false, anonymousUserRole=null, httpMaxRequestSize=-1, httpMaxRequestHeaderSize=8192, disableHttpDebugMethods=false, httpRequestsLimitEnabled=false, httpRequestsMaxPerSecond=100.0, httpRequestsFailOnUnknownPropertiesEnabled=false, saslJaasClientAllowedIds=.*pulsar.*, saslJaasServerSectionName=PulsarBroker, saslJaasServerRoleTokenSignerSecretPath=null, kinitCommand=/usr/bin/kinit, inflightSaslContextExpiryMs=30000, maxInflightSaslContext=50000, bookkeeperMetadataServiceUri=null, bookkeeperClientAuthenticationPlugin=null, bookkeeperClientAuthenticationParametersName=null, bookkeeperClientTimeoutInSeconds=30, bookkeeperClientSpeculativeReadTimeoutInMillis=0, bookkeeperNumberOfChannelsPerBookie=1, bookkeeperUseV2WireProtocol=true, bookkeeperClientHealthCheckEnabled=true, bookkeeperClientHealthCheckIntervalSeconds=60, bookkeeperClientHealthCheckErrorThresholdPerInterval=5, bookkeeperClientHealthCheckQuarantineTimeInSeconds=1800, bookkeeperClientQuarantineRatio=1.0, bookkeeperClientRackawarePolicyEnabled=true, bookkeeperClientRegionawarePolicyEnabled=false, bookkeeperClientMinNumRacksPerWriteQuorum=1, bookkeeperClientEnforceMinNumRacksPerWriteQuorum=false, bookkeeperClientReorderReadSequenceEnabled=false, bookkeeperClientIsolationGroups=null, bookkeeperClientSecondaryIsolationGroups=null, bookkeeperClientGetBookieInfoIntervalSeconds=86400, bookkeeperClientGetBookieInfoRetryIntervalSeconds=60, bookkeeperEnableStickyReads=true, bookkeeperTLSProviderFactoryClass=org.apache.bookkeeper.tls.TLSContextFactory, bookkeeperTLSClientAuthentication=false, bookkeeperTLSKeyFileType=PEM, bookkeeperTLSTrustCertTypes=PEM, bookkeeperTLSKeyStorePasswordPath=null, bookkeeperTLSTrustStorePasswordPath=null, bookkeeperTLSKeyFilePath=null, bookkeeperTLSCertificateFilePath=null, bookkeeperTLSTrustCertsFilePath=null, bookkeeperTlsCertFilesRefreshDurationSeconds=300, bookkeeperDiskWeightBasedPlacementEnabled=false, bookkeeperExplicitLacIntervalInMills=0, bookkeeperClientExposeStatsToPrometheus=false, bookkeeperClientLimitStatsLogging=true, bookkeeperClientThrottleValue=0, bookkeeperClientNumWorkerThreads=24, bookkeeperClientNumIoThreads=48, bookkeeperClientSeparatedIoThreadsEnabled=false, managedLedgerDefaultEnsembleSize=1, managedLedgerDefaultWriteQuorum=1, managedLedgerDefaultAckQuorum=1, managedLedgerCursorPositionFlushSeconds=60, managedLedgerStatsPeriodSeconds=60, managedLedgerDigestType=CRC32C, managedLedgerMaxEnsembleSize=5, managedLedgerMaxWriteQuorum=5, managedLedgerMaxAckQuorum=5, managedLedgerCacheSizeMB=153, managedLedgerCacheCopyEntries=false, managedLedgerMaxReadsInFlightSizeInMB=0, managedLedgerMaxReadsInFlightPermitsAcquireTimeoutMillis=60000, managedLedgerMaxReadsInFlightPermitsAcquireQueueSize=50000, managedLedgerCacheEvictionWatermark=0.9, managedLedgerCacheEvictionFrequency=100.0, managedLedgerCacheEvictionIntervalMs=10, managedLedgerCacheEvictionTimeThresholdMillis=1000, managedLedgerCacheEvictionExtendTTLOfEntriesWithRemainingExpectedReadsMaxTimes=5, managedLedgerCacheEvictionExtendTTLOfRecentlyAccessed=true, managedLedgerCursorBackloggedThreshold=1000, managedLedgerDefaultMarkDeleteRateLimit=0.1, managedLedgerDeleteMaxConcurrentRequests=1000, allowAutoTopicCreation=true, allowAutoTopicCreationType=non-partitioned, strictlyVerifySubscriptionName=false, allowAutoSubscriptionCreation=true, defaultNumPartitions=1, managedLedgerStorageClassName=org.apache.pulsar.broker.ManagedLedgerClientFactory, managedLedgerNumSchedulerThreads=4, managedLedgerMaxEntriesPerLedger=50000, managedLedgerMinLedgerRolloverTimeMinutes=10, managedLedgerMaxLedgerRolloverTimeMinutes=240, managedLedgerMaxSizePerLedgerMbytes=2048, managedLedgerOffloadDeletionLagMs=14400000, managedLedgerOffloadAutoTriggerSizeThresholdBytes=-1, managedLedgerOffloadThresholdInSeconds=-1, triggerOffloadOnTopicLoad=false, managedLedgerCursorMaxEntriesPerLedger=50000, managedLedgerCursorRolloverTimeInSeconds=14400, managedLedgerCursorResetLedgerCloseTimestampMaxClockSkewMillis=60000, managedLedgerMaxUnackedRangesToPersist=10000, managedLedgerMaxBatchDeletedIndexToPersist=10000, managedLedgerPersistIndividualAckAsLongArray=true, persistentUnackedRangesWithMultipleEntriesEnabled=false, managedLedgerMaxUnackedRangesToPersistInZooKeeper=-1, managedLedgerMaxUnackedRangesToPersistInMetadataStore=1000, managedLedgerUnackedRangesOpenCacheSetEnabled=true, dispatcherPauseOnAckStatePersistentEnabled=false, autoSkipNonRecoverableData=false, managedLedgerForceRecovery=false, schemaLedgerForceRecovery=false, managedLedgerMetadataOperationsTimeoutSeconds=60, managedLedgerReadEntryTimeoutSeconds=0, managedLedgerAddEntryTimeoutSeconds=0, managedLedgerPrometheusStatsLatencyRolloverSeconds=60, managedLedgerTraceTaskExecution=true, managedLedgerNewEntriesCheckDelayInMillis=10, managedLedgerDataReadPriority=tiered-storage-first, managedLedgerInfoCompressionType=NONE, managedLedgerInfoCompressionThresholdInBytes=16384, managedCursorInfoCompressionType=NONE, managedCursorInfoCompressionThresholdInBytes=16384, managedLedgerMinimumBacklogCursorsForCaching=0, managedLedgerMinimumBacklogEntriesForCaching=1000, managedLedgerMaxBacklogBetweenCursorsForCaching=1000, loadBalancerEnabled=false, loadBalancerPlacementStrategy=leastLoadedServer, loadBalancerLoadSheddingStrategy=org.apache.pulsar.broker.loadbalance.impl.ThresholdShedder, lowerBoundarySheddingEnabled=false, loadBalancerLoadPlacementStrategy=org.apache.pulsar.broker.loadbalance.impl.LeastLongTermMessageRate, loadBalancerReportUpdateThresholdPercentage=10, loadBalancerReportUpdateMinIntervalMillis=5000, loadBalancerReportUpdateMaxIntervalMinutes=15, loadBalancerHostUsageCheckIntervalMinutes=1, loadBalancerSheddingEnabled=true, loadBalancerSheddingIntervalMinutes=1, loadBalancerDistributeBundlesEvenlyEnabled=true, loadBalancerSheddingGracePeriodMinutes=30, loadBalancerBrokerUnderloadedThresholdPercentage=50, loadBalancerBrokerMaxTopics=50000, loadBalancerBrokerOverloadedThresholdPercentage=85, loadBalancerBrokerThresholdShedderPercentage=10, loadBalancerAverageResourceUsageDifferenceThresholdPercentage=10, flowOrQpsDifferenceThresholdPercentage=10, loadBalancerAvgShedderLowThreshold=15, loadBalancerAvgShedderHighThreshold=40, loadBalancerAvgShedderHitCountLowThreshold=8, loadBalancerAvgShedderHitCountHighThreshold=2, minUnloadMessage=1000, minUnloadMessageThroughput=1048576, maxUnloadPercentage=0.2, loadBalancerMsgRateDifferenceShedderThreshold=50.0, loadBalancerMsgThroughputMultiplierDifferenceShedderThreshold=4.0, maxUnloadBundleNumPerShedding=-1, loadBalancerHistoryResourcePercentage=0.9, loadBalancerBandwidthInResourceWeight=1.0, loadBalancerBandwidthOutResourceWeight=1.0, loadBalancerBandwithInResourceWeight=1.0, loadBalancerBandwithOutResourceWeight=1.0, loadBalancerCPUResourceWeight=1.0, loadBalancerMemoryResourceWeight=0.0, loadBalancerDirectMemoryResourceWeight=0.0, loadBalancerBundleUnloadMinThroughputThreshold=10.0, loadBalancerResourceQuotaUpdateIntervalMinutes=15, loadBalancerBrokerComfortLoadLevelPercentage=65, loadBalancerAutoBundleSplitEnabled=true, loadBalancerAutoUnloadSplitBundlesEnabled=true, loadBalancerNamespaceBundleMaxTopics=1000, loadBalancerNamespaceBundleMaxSessions=1000, loadBalancerNamespaceBundleMaxMsgRate=30000, loadBalancerNamespaceBundleMaxBandwidthMbytes=100, loadBalancerNamespaceMaximumBundles=128, loadManagerClassName=org.apache.pulsar.broker.loadbalance.NoopLoadManager, topicBundleAssignmentStrategy=org.apache.pulsar.common.naming.ConsistentHashingTopicBundleAssigner, supportedNamespaceBundleSplitAlgorithms=[range_equally_divide, topic_count_equally_divide, specified_positions_divide, flow_or_qps_equally_divide], defaultNamespaceBundleSplitAlgorithm=range_equally_divide, loadBalancerOverrideBrokerNicSpeedGbps=Optional.empty, loadBalancerOverrideBrokerNics=[], namespaceBundleUnloadingTimeoutMs=60000, loadBalancerDebugModeEnabled=false, loadBalancerBrokerLoadTargetStd=0.25, loadBalancerSheddingConditionHitCountThreshold=3, loadBalancerTransferEnabled=true, loadBalancerMaxNumberOfBrokerSheddingPerCycle=3, loadBalanceSheddingDelayInSeconds=180, loadBalancerBrokerLoadDataTTLInSeconds=1800, loadBalancerMaxNumberOfBundlesInBundleLoadReport=10, loadBalancerSplitIntervalMinutes=1, loadBalancerMaxNumberOfBundlesToSplitPerCycle=10, loadBalancerNamespaceBundleSplitConditionHitCountThreshold=3, loadBalancerServiceUnitStateTombstoneDelayTimeInSeconds=3600, loadBalancerSheddingBundlesWithPoliciesEnabled=false, loadBalancerSheddingExcludedNamespaces=[], loadBalancerInFlightServiceUnitStateWaitingTimeInMillis=30000, loadBalancerServiceUnitStateMonitorIntervalInSeconds=60, loadBalancerMultiPhaseBundleUnload=true, loadManagerServiceUnitStateTableViewClassName=org.apache.pulsar.broker.loadbalance.extensions.channel.ServiceUnitStateTableViewImpl, loadBalancerServiceUnitTableViewSyncer=None, loadBalancerServiceUnitStateMaxConcurrentOverrides=64, replicationMetricsEnabled=true, replicationConnectionsPerBroker=16, replicatorPrefix=pulsar.repl, replicationProducerQueueSize=1000, replicationPolicyCheckDurationSeconds=600, createTopicToRemoteClusterForReplication=true, replicationTlsEnabled=false, defaultRetentionTimeInMinutes=0, defaultRetentionSizeInMB=0, keepAliveIntervalSeconds=30, connectionLivenessCheckTimeoutMillis=5000, brokerServicePurgeInactiveFrequencyInSeconds=60, bootstrapNamespaces=[], lookupPropertyPrefix=lookup., preferLaterVersions=false, brokerServiceCompactionMonitorIntervalInSeconds=60, brokerServiceCompactionThresholdInBytes=0, brokerServiceCompactionPhaseOneLoopTimeInSeconds=30, topicCompactionRetainNullKey=false, clusterMigrationCheckDurationSeconds=0, clusterMigrationAutoResourceCreation=false, isSchemaValidationEnforced=false, schemaRegistryStorageClassName=org.apache.pulsar.broker.service.schema.BookkeeperSchemaStorageFactory, schemaRegistryCompatibilityCheckers=[org.apache.pulsar.broker.service.schema.JsonSchemaCompatibilityCheck, org.apache.pulsar.broker.service.schema.AvroSchemaCompatibilityCheck, org.apache.pulsar.broker.service.schema.ProtobufNativeSchemaCompatibilityCheck, org.apache.pulsar.broker.service.schema.ExternalSchemaCompatibilityCheck], schemaCompatibilityStrategy=FULL, schemaJsonAllowLegacyJacksonFormat=false, webSocketNumIoThreads=8, webSocketNumServiceThreads=20, webSocketConnectionsPerBroker=8, webSocketPulsarClientMemoryLimitInMB=0, webSocketSessionIdleTimeoutMillis=300000, webSocketPingDurationSeconds=-1, webSocketMaxTextFrameSize=1048576, authenticateMetricsEndpoint=false, exposeTopicLevelMetricsInPrometheus=true, metricsBufferResponse=false, exposeConsumerLevelMetricsInPrometheus=false, exposeProducerLevelMetricsInPrometheus=false, exposeManagedLedgerMetricsInPrometheus=true, exposeManagedCursorMetricsInPrometheus=false, jvmGCMetricsLoggerClassName=null, exposePreciseBacklogInPrometheus=false, metricsServletTimeoutMs=30000, exposeSubscriptionBacklogSizeInPrometheus=false, splitTopicAndPartitionLabelInPrometheus=false, exposeBundlesMetricsInPrometheus=false, exposeCustomTopicMetricLabelsEnabled=false, allowedTopicPropertyKeysForMetrics=[], functionsWorkerEnabled=false, functionsWorkerServiceNarPackage=, functionsWorkerEnablePackageManagement=false, exposePublisherStats=true, statsUpdateFrequencyInSecs=60, statsUpdateInitialDelayInSecs=60, healthCheckMetricsUpdateTimeInSeconds=-1, aggregatePublisherStatsByProducerName=false, offloadersDirectory=./offloaders, managedLedgerOffloadDriver=null, managedLedgerOffloadMaxThreads=2, managedLedgerOffloadReadThreads=2, narExtractionDirectory=/tmp, managedLedgerOffloadPrefetchRounds=1, managedLedgerInactiveLedgerRolloverTimeSeconds=0, managedLedgerInactiveOffloadedLedgerEvictionTimeSeconds=600, cacheEvictionByMarkDeletedPosition=false, cacheEvictionByExpectedReadCount=true, managedLedgerContinueCachingAddedEntriesAfterLastActiveCursorLeavesMillis=null, transactionCoordinatorEnabled=false, transactionMetadataStoreProviderClassName=org.apache.pulsar.transaction.coordinator.impl.MLTransactionMetadataStoreProvider, transactionBufferProviderClassName=org.apache.pulsar.broker.transaction.buffer.impl.TopicTransactionBufferProvider, transactionPendingAckStoreProviderClassName=org.apache.pulsar.broker.transaction.pendingack.impl.MLPendingAckStoreProvider, numTransactionReplayThreadPoolSize=24, transactionBufferSnapshotMaxTransactionCount=1000, transactionBufferSnapshotMinTimeInMillis=5000, transactionBufferSnapshotSegmentSize=262144, transactionBufferSegmentedSnapshotEnabled=false, transactionBufferClientMaxConcurrentRequests=1000, transactionBufferClientOperationTimeoutInMills=3000, maxActiveTransactionsPerCoordinator=0, transactionPendingAckLogIndexMinLag=500, transactionLogBatchedWriteEnabled=false, transactionLogBatchedWriteMaxRecords=512, transactionLogBatchedWriteMaxSize=4194304, transactionLogBatchedWriteMaxDelayInMillis=1, transactionPendingAckBatchedWriteEnabled=false, transactionPendingAckBatchedWriteMaxRecords=512, transactionPendingAckBatchedWriteMaxSize=4194304, transactionPendingAckBatchedWriteMaxDelayInMillis=1, compactionServiceFactoryClassName=org.apache.pulsar.compaction.PulsarCompactionServiceFactory, allowAclChangesOnNonExistentTopics=false, tlsEnabledWithKeyStore=false, tlsProvider=null, tlsKeyStoreType=JKS, tlsKeyStore=null, tlsTrustStoreType=JKS, tlsTrustStore=null, brokerClientAuthenticationPlugin=org.apache.pulsar.client.impl.auth.AuthenticationDisabled, brokerClientTlsEnabled=false, brokerClientTlsEnabledWithKeyStore=false, brokerClientSslProvider=null, brokerClientTrustCertsFilePath=, brokerClientKeyFilePath=, brokerClientCertificateFilePath=, brokerClientTlsTrustStoreType=JKS, brokerClientTlsTrustStore=null, brokerClientTlsKeyStoreType=JKS, brokerClientTlsKeyStore=null, brokerClientTlsCiphers=[], brokerClientTlsProtocols=[], brokerClientSslFactoryPlugin=org.apache.pulsar.common.util.DefaultPulsarSslFactory, brokerClientSslFactoryPluginParams=, enablePackagesManagement=false, packagesManagementStorageProvider=org.apache.pulsar.packages.management.storage.bookkeeper.BookKeeperPackagesStorageProvider, packagesReplicas=1, packagesManagementLedgerRootPath=/ledgers, additionalServletDirectory=./brokerAdditionalServlet, additionalServlets=[]) {}
2026-09-28T07:46:09,030+0000 [pulsar-web-53-19] INFO  org.apache.pulsar.broker.admin.v2.Namespaces - Failed to get policies for namespace public/default: org.apache.pulsar.broker.web.RestException: Namespace does not exist {}
2026-09-28T07:46:09,032+0000 [pulsar-web-53-19] INFO  org.eclipse.jetty.server.RequestLog - 127.0.0.1 - - [28/Sep/2026:07:46:09 +0000] "GET /admin/v2/namespaces/public/default HTTP/1.1" 404 37 "" "curl/8.5.0" 6 {}
2026-09-28T07:46:09,248+0000 [main] INFO  org.apache.pulsar.broker.PulsarService - created admin with url http://127.0.0.1:28086  {}
2026-09-28T07:46:09,476+0000 [pulsar-web-53-23] INFO  org.eclipse.jetty.server.RequestLog - 127.0.0.1 - - [28/Sep/2026:07:46:09 +0000] "GET /admin/v2/clusters HTTP/1.1" 200 2 "" "Pulsar-Java-v4.2.4" 17 {}
2026-09-28T07:46:09,530+0000 [metadata-store-worker-OrderedExecutor-0-0] INFO  org.apache.pulsar.broker.admin.impl.ClustersBase - [null] Created cluster standalone {}
2026-09-28T07:46:09,533+0000 [metadata-store-worker-OrderedExecutor-0-0] INFO  org.eclipse.jetty.server.RequestLog - 127.0.0.1 - - [28/Sep/2026:07:46:09 +0000] "PUT /admin/v2/clusters/standalone HTTP/1.1" 200 0 "" "Pulsar-Java-v4.2.4" 21 {}
2026-09-28T07:46:09,543+0000 [pulsar-web-53-26] INFO  org.eclipse.jetty.server.RequestLog - 127.0.0.1 - - [28/Sep/2026:07:46:09 +0000] "GET /admin/v2/tenants HTTP/1.1" 200 2 "" "Pulsar-Java-v4.2.4" 5 {}
2026-09-28T07:46:09,558+0000 [metadata-store-worker-OrderedExecutor-0-0] INFO  org.apache.pulsar.broker.admin.impl.TenantsBase - [null] Created tenant public {}
2026-09-28T07:46:09,559+0000 [metadata-store-worker-OrderedExecutor-0-0] INFO  org.eclipse.jetty.server.RequestLog - 127.0.0.1 - - [28/Sep/2026:07:46:09 +0000] "PUT /admin/v2/tenants/public HTTP/1.1" 204 0 "" "Pulsar-Java-v4.2.4" 11 {}
2026-09-28T07:46:09,569+0000 [pulsar-web-53-25] INFO  org.eclipse.jetty.server.RequestLog - 127.0.0.1 - - [28/Sep/2026:07:46:09 +0000] "GET /admin/v2/namespaces/public HTTP/1.1" 200 2 "" "Pulsar-Java-v4.2.4" 7 {}
2026-09-28T07:46:09,615+0000 [metadata-store-event-1-1] INFO  org.apache.pulsar.broker.resourcegroup.ResourceGroupNamespaceConfigListener - Metadata store notification: Path /admin/policies/public/default, Type Created {}
2026-09-28T07:46:09,615+0000 [metadata-store-worker-OrderedExecutor-0-0] INFO  org.apache.pulsar.broker.admin.impl.NamespacesBase - [null] Created namespace public/default {}
2026-09-28T07:46:09,616+0000 [metadata-store-worker-OrderedExecutor-0-0] INFO  org.eclipse.jetty.server.RequestLog - 127.0.0.1 - - [28/Sep/2026:07:46:09 +0000] "PUT /admin/v2/namespaces/public/default HTTP/1.1" 204 0 "" "Pulsar-Java-v4.2.4" 28 {}
2026-09-28T07:46:09,622+0000 [pulsar-web-53-25] INFO  org.eclipse.jetty.server.RequestLog - 127.0.0.1 - - [28/Sep/2026:07:46:09 +0000] "GET /admin/v2/clusters HTTP/1.1" 200 14 "" "Pulsar-Java-v4.2.4" 3 {}
2026-09-28T07:46:09,628+0000 [pulsar-web-53-22] INFO  org.eclipse.jetty.server.RequestLog - 127.0.0.1 - - [28/Sep/2026:07:46:09 +0000] "GET /admin/v2/tenants HTTP/1.1" 200 10 "" "Pulsar-Java-v4.2.4" 2 {}
2026-09-28T07:46:09,637+0000 [metadata-store-worker-OrderedExecutor-0-0] INFO  org.apache.pulsar.broker.admin.impl.TenantsBase - [null] Created tenant pulsar {}
2026-09-28T07:46:09,637+0000 [metadata-store-worker-OrderedExecutor-0-0] INFO  org.eclipse.jetty.server.RequestLog - 127.0.0.1 - - [28/Sep/2026:07:46:09 +0000] "PUT /admin/v2/tenants/pulsar HTTP/1.1" 204 0 "" "Pulsar-Java-v4.2.4" 7 {}
2026-09-28T07:46:09,642+0000 [pulsar-web-53-22] INFO  org.eclipse.jetty.server.RequestLog - 127.0.0.1 - - [28/Sep/2026:07:46:09 +0000] "GET /admin/v2/namespaces/pulsar HTTP/1.1" 200 2 "" "Pulsar-Java-v4.2.4" 2 {}
2026-09-28T07:46:09,653+0000 [metadata-store-event-1-1] INFO  org.apache.pulsar.broker.resourcegroup.ResourceGroupNamespaceConfigListener - Metadata store notification: Path /admin/policies/pulsar/system, Type Created {}
2026-09-28T07:46:09,653+0000 [metadata-store-worker-OrderedExecutor-0-0] INFO  org.apache.pulsar.broker.admin.impl.NamespacesBase - [null] Created namespace pulsar/system {}
2026-09-28T07:46:09,654+0000 [metadata-store-worker-OrderedExecutor-0-0] INFO  org.eclipse.jetty.server.RequestLog - 127.0.0.1 - - [28/Sep/2026:07:46:09 +0000] "PUT /admin/v2/namespaces/pulsar/system HTTP/1.1" 204 0 "" "Pulsar-Java-v4.2.4" 9 {}
2026-09-28T07:46:10,054+0000 [pulsar-web-53-14] INFO  org.eclipse.jetty.server.RequestLog - 127.0.0.1 - - [28/Sep/2026:07:46:10 +0000] "GET /admin/v2/namespaces/public/default HTTP/1.1" 200 782 "" "curl/8.5.0" 9 {}
2026-09-28T07:46:20,454+0000 [pulsar-io-20-1] WARN  org.apache.pulsar.common.protocol.PulsarDecoder - [[id: 0x40146835, L:/127.0.0.1:27666 ! R:/127.0.0.1:50852]] TLS handshake failed. SslHandshakeCompletionEvent(java.nio.channels.ClosedChannelException) {}
2026-09-28T07:46:20,455+0000 [pulsar-io-20-1] INFO  org.apache.pulsar.broker.service.ServerCnx - Closed connection from /127.0.0.1:50852 {}
2026-09-28T07:46:20,497+0000 [pulsar-io-20-2] INFO  org.apache.pulsar.broker.service.ServerCnx - [/127.0.0.1:50866] connected with clientVersion=moonpulsar 0.1.0, clientProtocolVersion=21, proxyVersion=null {}
2026-09-28T07:46:20,542+0000 [metadata-store-event-1-1] INFO  org.apache.pulsar.common.naming.NamespaceBundleFactory - Policy updated for namespace Optional[public/default], refreshing the bundle cache. {}
2026-09-28T07:46:20,575+0000 [pulsar-19-8] INFO  org.apache.pulsar.broker.namespace.OwnershipCache - Trying to acquire ownership of public/default/0x40000000_0x80000000 {}
2026-09-28T07:46:20,581+0000 [pulsar-19-8] INFO  org.apache.pulsar.metadata.coordination.impl.ResourceLockImpl - Acquired resource lock on /namespace/public/default/0x40000000_0x80000000 {}
2026-09-28T07:46:20,581+0000 [pulsar-19-8] INFO  org.apache.pulsar.broker.namespace.OwnershipCache - Successfully acquired ownership of OwnedBundle(bundle=public/default/0x40000000_0x80000000, isActive=1) {}
2026-09-28T07:46:20,582+0000 [pulsar-19-9] INFO  org.apache.pulsar.broker.PulsarService - Loading all topics on bundle: public/default/0x40000000_0x80000000 {}
2026-09-28T07:46:20,599+0000 [pulsar-io-20-2] INFO  org.apache.pulsar.broker.service.ServerCnx - [[id: 0xaa611a6a, L:/127.0.0.1:27666 - R:/127.0.0.1:50866] [SR:127.0.0.1, state:Connected]] Subscribing on topic persistent://public/default/moonpulsar-native-interop-4.2.4-1790581545902 / probe. consumerId: 3, role: null {}
2026-09-28T07:46:20,643+0000 [pulsar-ordered-OrderedExecutor-5-0] INFO  org.apache.pulsar.broker.systopic.NamespaceEventsSystemTopicFactory - Create topic policies system topic client persistent://public/default/__change_events {}
2026-09-28T07:46:20,794+0000 [pulsar-io-20-5] INFO  org.apache.pulsar.client.impl.ConnectionPool - [[id: 0x02c4f86f, L:/127.0.0.1:37636 - R:127.0.0.1/127.0.0.1:27665]] Connected to server {}
2026-09-28T07:46:20,798+0000 [pulsar-io-20-6] INFO  org.apache.pulsar.broker.service.ServerCnx - [/127.0.0.1:37636] connected with clientVersion=Pulsar-Java-v4.2.4, clientProtocolVersion=21, proxyVersion=null {}
2026-09-28T07:46:20,881+0000 [pulsar-19-14] INFO  org.apache.pulsar.broker.namespace.OwnershipCache - Trying to acquire ownership of public/default/0xc0000000_0xffffffff {}
2026-09-28T07:46:20,886+0000 [pulsar-19-14] INFO  org.apache.pulsar.metadata.coordination.impl.ResourceLockImpl - Acquired resource lock on /namespace/public/default/0xc0000000_0xffffffff {}
2026-09-28T07:46:20,886+0000 [pulsar-19-14] INFO  org.apache.pulsar.broker.namespace.OwnershipCache - Successfully acquired ownership of OwnedBundle(bundle=public/default/0xc0000000_0xffffffff, isActive=1) {}
2026-09-28T07:46:20,887+0000 [pulsar-19-6] INFO  org.apache.pulsar.broker.PulsarService - Loading all topics on bundle: public/default/0xc0000000_0xffffffff {}
2026-09-28T07:46:20,888+0000 [pulsar-io-20-5] INFO  org.apache.pulsar.client.impl.ConsumerImpl - [persistent://public/default/__change_events][__system_reader-reader-894bc5c283] Subscribing to topic on cnx [id: 0x02c4f86f, L:/127.0.0.1:37636 - R:127.0.0.1/127.0.0.1:27665], consumerId 0 {}
2026-09-28T07:46:20,898+0000 [pulsar-io-20-6] INFO  org.apache.pulsar.broker.service.ServerCnx - [[id: 0x5c94712c, L:/127.0.0.1:27665 - R:/127.0.0.1:37636] [SR:127.0.0.1, state:Connected]] Subscribing on topic persistent://public/default/__change_events / __system_reader-reader-894bc5c283. consumerId: 0, role: null {}
2026-09-28T07:46:20,955+0000 [pulsar-io-20-6] INFO  org.apache.bookkeeper.mledger.impl.ManagedLedgerImpl - Opening managed ledger public/default/persistent/__change_events {}
2026-09-28T07:46:20,957+0000 [bookkeeper-ml-scheduler-OrderedScheduler-2-0] INFO  org.apache.bookkeeper.mledger.impl.MetaStoreImpl - Creating '/managed-ledgers/public/default/persistent/__change_events' {}
2026-09-28T07:46:20,988+0000 [bookkeeper-ml-scheduler-OrderedScheduler-2-0] INFO  org.apache.pulsar.metadata.impl.AbstractMetadataStore - Deleting path: /ledgers/idgen/ID-1 (v. Optional.empty) {}
2026-09-28T07:46:20,992+0000 [bookkeeper-ml-scheduler-OrderedScheduler-2-0] INFO  org.apache.pulsar.metadata.impl.AbstractMetadataStore - Deleted path: /ledgers/idgen/ID-1 (v. Optional.empty) {}
2026-09-28T07:46:21,026+0000 [bookkeeper-ml-scheduler-OrderedScheduler-2-0] INFO  org.apache.bookkeeper.client.LedgerCreateOp - Ensemble: [127.0.0.1:34055] for ledger: 1 {}
2026-09-28T07:46:21,028+0000 [BookKeeperClientWorker-OrderedExecutor-2-0] INFO  org.apache.bookkeeper.mledger.impl.ManagedLedgerImpl - [public/default/persistent/__change_events] Created ledger 1 after closed null {}
2026-09-28T07:46:21,035+0000 [bookkeeper-ml-scheduler-OrderedScheduler-2-0] INFO  org.apache.bookkeeper.mledger.impl.ManagedLedgerFactoryImpl - [public/default/persistent/__change_events] Successfully initialize managed ledger {}
2026-09-28T07:46:21,099+0000 [broker-topic-workers-OrderedExecutor-3-0] INFO  org.apache.bookkeeper.mledger.impl.ManagedCursorImpl - [public/default/persistent/__change_events] Cursor __compaction recovered to position 1:-1 {}
2026-09-28T07:46:21,109+0000 [bookkeeper-ml-scheduler-OrderedScheduler-2-0] INFO  org.apache.bookkeeper.mledger.impl.ManagedLedgerImpl - [public/default/persistent/__change_events] Opened new cursor: ManagedCursorImpl{ledger=public/default/persistent/__change_events, name=__compaction, ackPos=1:-1, readPos=1:0} {}
2026-09-28T07:46:21,116+0000 [bookkeeper-ml-scheduler-OrderedScheduler-2-0] INFO  org.apache.pulsar.broker.service.BrokerService - Created topic persistent://public/default/__change_events - dedup is disabled (latency: total: 216 ms, ml-config: 7 ms, open-ml: 131 ms, init: 38 ms, pre-create compacted sub: 38 ms, done: 1 ms) {}
2026-09-28T07:46:21,146+0000 [bookkeeper-ml-scheduler-OrderedScheduler-2-0] INFO  org.apache.pulsar.metadata.impl.AbstractMetadataStore - Deleting path: /ledgers/idgen/ID-2 (v. Optional.empty) {}
2026-09-28T07:46:21,150+0000 [bookkeeper-ml-scheduler-OrderedScheduler-2-0] INFO  org.apache.pulsar.metadata.impl.AbstractMetadataStore - Deleted path: /ledgers/idgen/ID-2 (v. Optional.empty) {}
2026-09-28T07:46:21,155+0000 [bookkeeper-ml-scheduler-OrderedScheduler-2-0] INFO  org.apache.bookkeeper.client.LedgerCreateOp - Ensemble: [127.0.0.1:34055] for ledger: 2 {}
2026-09-28T07:46:21,206+0000 [pulsar-io-20-10] INFO  org.apache.bookkeeper.proto.PerChannelBookieClient - Successfully connected to bookie: 127.0.0.1:34055 [id: 0xc38c1ee2, L:/127.0.0.1:36770 - R:127.0.0.1/127.0.0.1:34055] {}
2026-09-28T07:46:21,211+0000 [bookie-io-12-1] INFO  org.apache.bookkeeper.proto.AuthHandler - Authentication success on server side {}
2026-09-28T07:46:21,212+0000 [bookie-io-12-1] INFO  org.apache.bookkeeper.proto.BookieRequestHandler - Channel connected [id: 0xe7e871d8, L:/127.0.0.1:34055 - R:/127.0.0.1:36770] {}
2026-09-28T07:46:21,213+0000 [pulsar-io-20-10] INFO  org.apache.bookkeeper.proto.PerChannelBookieClient - connection [id: 0xc38c1ee2, L:/127.0.0.1:36770 - R:127.0.0.1/127.0.0.1:34055] authenticated as BookKeeperPrincipal{ANONYMOUS} {}
2026-09-28T07:46:21,259+0000 [BookKeeperClientWorker-OrderedExecutor-1-0] INFO  org.apache.pulsar.broker.service.persistent.PersistentTopic - [persistent://public/default/__change_events][__system_reader-reader-894bc5c283] Creating non-durable subscription at msg id -1:-1:-1:-1 - {} {}
2026-09-28T07:46:21,261+0000 [BookKeeperClientWorker-OrderedExecutor-1-0] INFO  org.apache.bookkeeper.mledger.impl.NonDurableCursorImpl - [public/default/persistent/__change_events] Created non-durable cursor read-position=1:0 mark-delete-position=1:-1 {}
2026-09-28T07:46:21,262+0000 [BookKeeperClientWorker-OrderedExecutor-1-0] INFO  org.apache.bookkeeper.mledger.impl.ManagedLedgerImpl - [public/default/persistent/__change_events] Opened new cursor: NonDurableCursorImpl{ledger=public/default/persistent/__change_events, cursor=__system_reader-reader-894bc5c283, ackPos=1:-1, readPos=1:0} {}
2026-09-28T07:46:21,280+0000 [BookKeeperClientWorker-OrderedExecutor-1-0] INFO  org.apache.bookkeeper.mledger.impl.ManagedCursorImpl - [public/default/persistent/__change_events-__system_reader-reader-894bc5c283] Rewind from 1:0 to 1:0 {}
2026-09-28T07:46:21,282+0000 [pulsar-io-20-6] INFO  org.apache.pulsar.broker.service.persistent.PersistentSubscription - backlog for persistent://public/default/__change_events - 0 {}
2026-09-28T07:46:21,284+0000 [pulsar-io-20-6] INFO  org.apache.pulsar.broker.service.ServerCnx - [/127.0.0.1:37636] Created subscription on topic persistent://public/default/__change_events / __system_reader-reader-894bc5c283 {}
2026-09-28T07:46:21,286+0000 [pulsar-io-20-5] INFO  org.apache.pulsar.client.impl.ConsumerImpl - [persistent://public/default/__change_events][__system_reader-reader-894bc5c283] Subscribed to topic on 127.0.0.1/127.0.0.1:27665 -- consumer: 0 {}
2026-09-28T07:46:21,307+0000 [bookkeeper-ml-scheduler-OrderedScheduler-2-0] INFO  org.apache.bookkeeper.mledger.impl.ManagedLedgerImpl - Opening managed ledger public/default/persistent/moonpulsar-native-interop-4.2.4-1790581545902 {}
2026-09-28T07:46:21,308+0000 [bookkeeper-ml-scheduler-OrderedScheduler-2-0] INFO  org.apache.bookkeeper.mledger.impl.MetaStoreImpl - Creating '/managed-ledgers/public/default/persistent/moonpulsar-native-interop-4.2.4-1790581545902' {}
2026-09-28T07:46:21,315+0000 [bookkeeper-ml-scheduler-OrderedScheduler-2-0] INFO  org.apache.pulsar.metadata.impl.AbstractMetadataStore - Deleting path: /ledgers/idgen/ID-3 (v. Optional.empty) {}
2026-09-28T07:46:21,319+0000 [bookkeeper-ml-scheduler-OrderedScheduler-2-0] INFO  org.apache.pulsar.metadata.impl.AbstractMetadataStore - Deleted path: /ledgers/idgen/ID-3 (v. Optional.empty) {}
2026-09-28T07:46:21,323+0000 [bookkeeper-ml-scheduler-OrderedScheduler-2-0] INFO  org.apache.bookkeeper.client.LedgerCreateOp - Ensemble: [127.0.0.1:34055] for ledger: 3 {}
2026-09-28T07:46:21,324+0000 [BookKeeperClientWorker-OrderedExecutor-6-0] INFO  org.apache.bookkeeper.mledger.impl.ManagedLedgerImpl - [public/default/persistent/moonpulsar-native-interop-4.2.4-1790581545902] Created ledger 3 after closed null {}
2026-09-28T07:46:21,328+0000 [bookkeeper-ml-scheduler-OrderedScheduler-2-0] INFO  org.apache.bookkeeper.mledger.impl.ManagedLedgerFactoryImpl - [public/default/persistent/moonpulsar-native-interop-4.2.4-1790581545902] Successfully initialize managed ledger {}
2026-09-28T07:46:21,330+0000 [broker-topic-workers-OrderedExecutor-7-0] INFO  org.apache.pulsar.broker.service.BrokerService - Created topic persistent://public/default/moonpulsar-native-interop-4.2.4-1790581545902 - dedup is disabled (latency: total: 726 ms, system topic: 698 ms, properties: 1 ms, ml-config: 3 ms, open-ml: 21 ms, init: 1 ms, done: 104 us) {}
2026-09-28T07:46:21,331+0000 [ForkJoinPool.commonPool-worker-2] INFO  org.apache.bookkeeper.mledger.impl.ManagedCursorImpl - [public/default/persistent/moonpulsar-native-interop-4.2.4-1790581545902] Cursor probe recovered to position 3:-1 {}
2026-09-28T07:46:21,335+0000 [bookkeeper-ml-scheduler-OrderedScheduler-2-0] INFO  org.apache.bookkeeper.mledger.impl.ManagedLedgerImpl - [public/default/persistent/moonpulsar-native-interop-4.2.4-1790581545902] Opened new cursor: ManagedCursorImpl{ledger=public/default/persistent/moonpulsar-native-interop-4.2.4-1790581545902, name=probe, ackPos=3:-1, readPos=3:0} {}
2026-09-28T07:46:21,335+0000 [bookkeeper-ml-scheduler-OrderedScheduler-2-0] INFO  org.apache.bookkeeper.mledger.impl.ManagedCursorImpl - [public/default/persistent/moonpulsar-native-interop-4.2.4-1790581545902-probe] Rewind from 3:0 to 3:0 {}
2026-09-28T07:46:21,336+0000 [pulsar-io-20-2] INFO  org.apache.pulsar.broker.service.persistent.PersistentSubscription - backlog for persistent://public/default/moonpulsar-native-interop-4.2.4-1790581545902 - 0 {}
2026-09-28T07:46:21,336+0000 [pulsar-io-20-2] INFO  org.apache.pulsar.broker.service.ServerCnx - [/127.0.0.1:50866] Created subscription on topic persistent://public/default/moonpulsar-native-interop-4.2.4-1790581545902 / probe {}
2026-09-28T07:46:21,364+0000 [pulsar-io-20-2] INFO  org.apache.pulsar.broker.service.ServerCnx - [/127.0.0.1:50866] Created new producer: Producer{topic=PersistentTopic{topic=persistent://public/default/moonpulsar-native-interop-4.2.4-1790581545902}, client=[id: 0xaa611a6a, L:/127.0.0.1:27666 - R:/127.0.0.1:50866] [SR:127.0.0.1, state:Connected], producerName=standalone-0-0, producerId=7}, role: null {}
2026-09-28T07:46:21,376+0000 [pulsar-io-20-11] INFO  org.apache.bookkeeper.proto.PerChannelBookieClient - Successfully connected to bookie: 127.0.0.1:34055 [id: 0x5ded60d4, L:/127.0.0.1:36776 - R:127.0.0.1/127.0.0.1:34055] {}
2026-09-28T07:46:21,376+0000 [pulsar-io-20-11] INFO  org.apache.bookkeeper.proto.PerChannelBookieClient - connection [id: 0x5ded60d4, L:/127.0.0.1:36776 - R:127.0.0.1/127.0.0.1:34055] authenticated as BookKeeperPrincipal{ANONYMOUS} {}
2026-09-28T07:46:21,377+0000 [bookie-io-12-2] INFO  org.apache.bookkeeper.proto.AuthHandler - Authentication success on server side {}
2026-09-28T07:46:21,377+0000 [bookie-io-12-2] INFO  org.apache.bookkeeper.proto.BookieRequestHandler - Channel connected [id: 0x7c15ba61, L:/127.0.0.1:34055 - R:/127.0.0.1:36776] {}
2026-09-28T07:46:21,429+0000 [pulsar-io-20-2] INFO  org.apache.pulsar.metadata.impl.AbstractMetadataStore - Deleting path: /ledgers/idgen/ID-4 (v. Optional.empty) {}
2026-09-28T07:46:21,433+0000 [pulsar-io-20-2] INFO  org.apache.pulsar.metadata.impl.AbstractMetadataStore - Deleted path: /ledgers/idgen/ID-4 (v. Optional.empty) {}
2026-09-28T07:46:21,437+0000 [pulsar-io-20-2] INFO  org.apache.bookkeeper.client.LedgerCreateOp - Ensemble: [127.0.0.1:34055] for ledger: 4 {}
2026-09-28T07:46:21,443+0000 [pulsar-io-20-2] INFO  org.apache.pulsar.broker.service.ServerCnx - [/127.0.0.1:50866] Closing consumer: consumerId=3 {}
2026-09-28T07:46:21,443+0000 [pulsar-io-20-2] INFO  org.apache.pulsar.broker.service.AbstractDispatcherSingleActiveConsumer - Removing consumer Consumer{subscription=PersistentSubscription{topic=persistent://public/default/moonpulsar-native-interop-4.2.4-1790581545902, name=probe}, consumerId=3, consumerName=, address=[id: 0xaa611a6a, L:/127.0.0.1:27666 - R:/127.0.0.1:50866] [SR:127.0.0.1, state:Connected]} {}
2026-09-28T07:46:21,445+0000 [pulsar-io-20-2] INFO  org.apache.pulsar.broker.service.ServerCnx - [/127.0.0.1:50866] Closed consumer, consumerId=3 {}
2026-09-28T07:46:21,446+0000 [pulsar-io-20-2] INFO  org.apache.pulsar.broker.service.ServerCnx - [PersistentTopic{topic=persistent://public/default/moonpulsar-native-interop-4.2.4-1790581545902}][standalone-0-0] Closing producer on cnx /127.0.0.1:50866. producerId=7 {}
2026-09-28T07:46:21,448+0000 [pulsar-io-20-2] INFO  org.apache.pulsar.broker.service.ServerCnx - [PersistentTopic{topic=persistent://public/default/moonpulsar-native-interop-4.2.4-1790581545902}][standalone-0-0] Closed producer on cnx /127.0.0.1:50866. producerId=7 {}
2026-09-28T07:46:21,448+0000 [pulsar-io-20-2] INFO  org.apache.pulsar.broker.service.ServerCnx - Closed connection from /127.0.0.1:50866 {}
2026-09-28T07:46:21,450+0000 [bookkeeper-ml-scheduler-OrderedScheduler-2-0] INFO  org.apache.bookkeeper.mledger.impl.ManagedCursorImpl - [public/default/persistent/moonpulsar-native-interop-4.2.4-1790581545902] Updated cursor probe with ledger id 4 md-position=3:0 rd-position=3:1 {}
2026-09-28T07:46:21,497+0000 [pulsar-io-20-12] WARN  org.apache.pulsar.common.protocol.PulsarDecoder - [[id: 0x56205962, L:/127.0.0.1:27666 ! R:/127.0.0.1:47036]] TLS handshake failed. SslHandshakeCompletionEvent(java.nio.channels.ClosedChannelException) {}
2026-09-28T07:46:21,497+0000 [pulsar-io-20-12] INFO  org.apache.pulsar.broker.service.ServerCnx - Closed connection from /127.0.0.1:47036 {}
2026-09-28T07:46:21,503+0000 [pulsar-io-20-13] WARN  org.apache.pulsar.common.protocol.PulsarDecoder - [[id: 0xa8d6cc76, L:/127.0.0.1:27666 - R:/127.0.0.1:47042]] TLS handshake failed. SslHandshakeCompletionEvent(io.netty.handler.ssl.ReferenceCountedOpenSslEngine$OpenSslHandshakeException: error:100000c0:SSL routines:OPENSSL_internal:PEER_DID_NOT_RETURN_A_CERTIFICATE) {}
2026-09-28T07:46:21,506+0000 [pulsar-io-20-13] WARN  org.apache.pulsar.broker.service.ServerCnx - [/127.0.0.1:47042] Got exception io.netty.handler.codec.DecoderException: io.netty.handler.ssl.ReferenceCountedOpenSslEngine$OpenSslHandshakeException: error:100000c0:SSL routines:OPENSSL_internal:PEER_DID_NOT_RETURN_A_CERTIFICATE
	at io.netty.handler.codec.ByteToMessageDecoder.callDecode(ByteToMessageDecoder.java:515)
	at io.netty.handler.codec.ByteToMessageDecoder.channelRead(ByteToMessageDecoder.java:296)
	at io.netty.channel.AbstractChannelHandlerContext.invokeChannelRead(AbstractChannelHandlerContext.java:444)
	at io.netty.channel.AbstractChannelHandlerContext.invokeChannelRead(AbstractChannelHandlerContext.java:420)
	at io.netty.channel.AbstractChannelHandlerContext.fireChannelRead(AbstractChannelHandlerContext.java:412)
	at io.netty.handler.flush.FlushConsolidationHandler.channelRead(FlushConsolidationHandler.java:152)
	at io.netty.channel.AbstractChannelHandlerContext.invokeChannelRead(AbstractChannelHandlerContext.java:442)
	at io.netty.channel.AbstractChannelHandlerContext.invokeChannelRead(AbstractChannelHandlerContext.java:420)
	at io.netty.channel.AbstractChannelHandlerContext.fireChannelRead(AbstractChannelHandlerContext.java:412)
	at io.netty.channel.DefaultChannelPipeline$HeadContext.channelRead(DefaultChannelPipeline.java:1357)
	at io.netty.channel.AbstractChannelHandlerContext.invokeChannelRead(AbstractChannelHandlerContext.java:440)
	at io.netty.channel.AbstractChannelHandlerContext.invokeChannelRead(AbstractChannelHandlerContext.java:420)
	at io.netty.channel.DefaultChannelPipeline.fireChannelRead(DefaultChannelPipeline.java:868)
	at io.netty.channel.epoll.AbstractEpollStreamChannel$EpollStreamUnsafe.epollInReady(AbstractEpollStreamChannel.java:805)
	at io.netty.channel.epoll.EpollEventLoop.processReady(EpollEventLoop.java:501)
	at io.netty.channel.epoll.EpollEventLoop.run(EpollEventLoop.java:399)
	at io.netty.util.concurrent.SingleThreadEventExecutor$4.run(SingleThreadEventExecutor.java:1007)
	at io.netty.util.internal.ThreadExecutorMap$2.run(ThreadExecutorMap.java:74)
	at io.netty.util.concurrent.FastThreadLocalRunnable.run(FastThreadLocalRunnable.java:30)
	at java.base/java.lang.Thread.run(Unknown Source)
Caused by: io.netty.handler.ssl.ReferenceCountedOpenSslEngine$OpenSslHandshakeException: error:100000c0:SSL routines:OPENSSL_internal:PEER_DID_NOT_RETURN_A_CERTIFICATE
	at io.netty.handler.ssl.ReferenceCountedOpenSslEngine.newSSLExceptionForError(ReferenceCountedOpenSslEngine.java:1401)
	at io.netty.handler.ssl.ReferenceCountedOpenSslEngine.needWrapAgain(ReferenceCountedOpenSslEngine.java:1387)
	at io.netty.handler.ssl.ReferenceCountedOpenSslEngine.sslReadErrorResult(ReferenceCountedOpenSslEngine.java:1418)
	at io.netty.handler.ssl.ReferenceCountedOpenSslEngine.unwrap(ReferenceCountedOpenSslEngine.java:1349)
	at io.netty.handler.ssl.ReferenceCountedOpenSslEngine.unwrap(ReferenceCountedOpenSslEngine.java:1450)
	at io.netty.handler.ssl.ReferenceCountedOpenSslEngine.unwrap(ReferenceCountedOpenSslEngine.java:1493)
	at io.netty.handler.ssl.SslHandler$SslEngineType$1.unwrap(SslHandler.java:222)
	at io.netty.handler.ssl.SslHandler.unwrap(SslHandler.java:1486)
	at io.netty.handler.ssl.SslHandler.decodeJdkCompatible(SslHandler.java:1377)
	at io.netty.handler.ssl.SslHandler.decode(SslHandler.java:1428)
	at io.netty.handler.codec.ByteToMessageDecoder.decodeRemovalReentryProtection(ByteToMessageDecoder.java:545)
	at io.netty.handler.codec.ByteToMessageDecoder.callDecode(ByteToMessageDecoder.java:484)
	... 19 more
 {}
2026-09-28T07:46:21,506+0000 [pulsar-io-20-13] INFO  org.apache.pulsar.broker.service.ServerCnx - Closed connection from /127.0.0.1:47042 {}
2026-09-28T07:46:21,548+0000 [pulsar-io-20-14] WARN  org.apache.pulsar.common.protocol.PulsarDecoder - [[id: 0x23fcf397, L:/127.0.0.1:27666 ! R:/127.0.0.1:47046]] TLS handshake failed. SslHandshakeCompletionEvent(java.nio.channels.ClosedChannelException) {}
2026-09-28T07:46:21,549+0000 [pulsar-io-20-14] INFO  org.apache.pulsar.broker.service.ServerCnx - Closed connection from /127.0.0.1:47046 {}
2026-09-28T07:46:21,554+0000 [pulsar-io-20-15] WARN  org.apache.pulsar.common.protocol.PulsarDecoder - [[id: 0x9258014a, L:/127.0.0.1:27666 - R:/127.0.0.1:47062]] TLS handshake failed. SslHandshakeCompletionEvent(io.netty.handler.ssl.ReferenceCountedOpenSslEngine$OpenSslHandshakeException: error:10000070:SSL routines:OPENSSL_internal:BAD_PACKET_LENGTH) {}
2026-09-28T07:46:21,555+0000 [pulsar-io-20-15] WARN  org.apache.pulsar.broker.service.ServerCnx - [/127.0.0.1:47062] Got exception io.netty.handler.codec.DecoderException: io.netty.handler.ssl.ReferenceCountedOpenSslEngine$OpenSslHandshakeException: error:10000070:SSL routines:OPENSSL_internal:BAD_PACKET_LENGTH
	at io.netty.handler.codec.ByteToMessageDecoder.callDecode(ByteToMessageDecoder.java:515)
	at io.netty.handler.codec.ByteToMessageDecoder.channelRead(ByteToMessageDecoder.java:296)
	at io.netty.channel.AbstractChannelHandlerContext.invokeChannelRead(AbstractChannelHandlerContext.java:444)
	at io.netty.channel.AbstractChannelHandlerContext.invokeChannelRead(AbstractChannelHandlerContext.java:420)
	at io.netty.channel.AbstractChannelHandlerContext.fireChannelRead(AbstractChannelHandlerContext.java:412)
	at io.netty.handler.flush.FlushConsolidationHandler.channelRead(FlushConsolidationHandler.java:152)
	at io.netty.channel.AbstractChannelHandlerContext.invokeChannelRead(AbstractChannelHandlerContext.java:442)
	at io.netty.channel.AbstractChannelHandlerContext.invokeChannelRead(AbstractChannelHandlerContext.java:420)
	at io.netty.channel.AbstractChannelHandlerContext.fireChannelRead(AbstractChannelHandlerContext.java:412)
	at io.netty.channel.DefaultChannelPipeline$HeadContext.channelRead(DefaultChannelPipeline.java:1357)
	at io.netty.channel.AbstractChannelHandlerContext.invokeChannelRead(AbstractChannelHandlerContext.java:440)
	at io.netty.channel.AbstractChannelHandlerContext.invokeChannelRead(AbstractChannelHandlerContext.java:420)
	at io.netty.channel.DefaultChannelPipeline.fireChannelRead(DefaultChannelPipeline.java:868)
	at io.netty.channel.epoll.AbstractEpollStreamChannel$EpollStreamUnsafe.epollInReady(AbstractEpollStreamChannel.java:805)
	at io.netty.channel.epoll.EpollEventLoop.processReady(EpollEventLoop.java:501)
	at io.netty.channel.epoll.EpollEventLoop.run(EpollEventLoop.java:399)
	at io.netty.util.concurrent.SingleThreadEventExecutor$4.run(SingleThreadEventExecutor.java:1007)
	at io.netty.util.internal.ThreadExecutorMap$2.run(ThreadExecutorMap.java:74)
	at io.netty.util.concurrent.FastThreadLocalRunnable.run(FastThreadLocalRunnable.java:30)
	at java.base/java.lang.Thread.run(Unknown Source)
Caused by: io.netty.handler.ssl.ReferenceCountedOpenSslEngine$OpenSslHandshakeException: error:10000070:SSL routines:OPENSSL_internal:BAD_PACKET_LENGTH
	at io.netty.handler.ssl.ReferenceCountedOpenSslEngine.newSSLExceptionForError(ReferenceCountedOpenSslEngine.java:1401)
	at io.netty.handler.ssl.ReferenceCountedOpenSslEngine.needWrapAgain(ReferenceCountedOpenSslEngine.java:1387)
	at io.netty.handler.ssl.ReferenceCountedOpenSslEngine.sslReadErrorResult(ReferenceCountedOpenSslEngine.java:1418)
	at io.netty.handler.ssl.ReferenceCountedOpenSslEngine.unwrap(ReferenceCountedOpenSslEngine.java:1349)
	at io.netty.handler.ssl.ReferenceCountedOpenSslEngine.unwrap(ReferenceCountedOpenSslEngine.java:1450)
	at io.netty.handler.ssl.ReferenceCountedOpenSslEngine.unwrap(ReferenceCountedOpenSslEngine.java:1493)
	at io.netty.handler.ssl.SslHandler$SslEngineType$1.unwrap(SslHandler.java:222)
	at io.netty.handler.ssl.SslHandler.unwrap(SslHandler.java:1486)
	at io.netty.handler.ssl.SslHandler.decodeJdkCompatible(SslHandler.java:1377)
	at io.netty.handler.ssl.SslHandler.decode(SslHandler.java:1428)
	at io.netty.handler.codec.ByteToMessageDecoder.decodeRemovalReentryProtection(ByteToMessageDecoder.java:545)
	at io.netty.handler.codec.ByteToMessageDecoder.callDecode(ByteToMessageDecoder.java:484)
	... 19 more
 {}
2026-09-28T07:46:21,555+0000 [pulsar-io-20-15] INFO  org.apache.pulsar.broker.service.ServerCnx - Closed connection from /127.0.0.1:47062 {}
2026-09-28T07:46:21,602+0000 [pulsar-io-20-16] WARN  org.apache.pulsar.common.protocol.PulsarDecoder - [[id: 0xfde25b9d, L:/127.0.0.2:27666 ! R:/127.0.0.1:42790]] TLS handshake failed. SslHandshakeCompletionEvent(java.nio.channels.ClosedChannelException) {}
2026-09-28T07:46:21,602+0000 [pulsar-io-20-16] INFO  org.apache.pulsar.broker.service.ServerCnx - Closed connection from /127.0.0.1:42790 {}
2026-09-28T07:46:21,608+0000 [pulsar-io-20-17] WARN  org.apache.pulsar.common.protocol.PulsarDecoder - [[id: 0xb64f8125, L:/127.0.0.2:27666 - R:/127.0.0.1:42804]] TLS handshake failed. SslHandshakeCompletionEvent(io.netty.handler.ssl.ReferenceCountedOpenSslEngine$OpenSslHandshakeException: error:10000070:SSL routines:OPENSSL_internal:BAD_PACKET_LENGTH) {}
2026-09-28T07:46:21,609+0000 [pulsar-io-20-17] WARN  org.apache.pulsar.broker.service.ServerCnx - [/127.0.0.1:42804] Got exception io.netty.handler.codec.DecoderException: io.netty.handler.ssl.ReferenceCountedOpenSslEngine$OpenSslHandshakeException: error:10000070:SSL routines:OPENSSL_internal:BAD_PACKET_LENGTH
	at io.netty.handler.codec.ByteToMessageDecoder.callDecode(ByteToMessageDecoder.java:515)
	at io.netty.handler.codec.ByteToMessageDecoder.channelRead(ByteToMessageDecoder.java:296)
	at io.netty.channel.AbstractChannelHandlerContext.invokeChannelRead(AbstractChannelHandlerContext.java:444)
	at io.netty.channel.AbstractChannelHandlerContext.invokeChannelRead(AbstractChannelHandlerContext.java:420)
	at io.netty.channel.AbstractChannelHandlerContext.fireChannelRead(AbstractChannelHandlerContext.java:412)
	at io.netty.handler.flush.FlushConsolidationHandler.channelRead(FlushConsolidationHandler.java:152)
	at io.netty.channel.AbstractChannelHandlerContext.invokeChannelRead(AbstractChannelHandlerContext.java:442)
	at io.netty.channel.AbstractChannelHandlerContext.invokeChannelRead(AbstractChannelHandlerContext.java:420)
	at io.netty.channel.AbstractChannelHandlerContext.fireChannelRead(AbstractChannelHandlerContext.java:412)
	at io.netty.channel.DefaultChannelPipeline$HeadContext.channelRead(DefaultChannelPipeline.java:1357)
	at io.netty.channel.AbstractChannelHandlerContext.invokeChannelRead(AbstractChannelHandlerContext.java:440)
	at io.netty.channel.AbstractChannelHandlerContext.invokeChannelRead(AbstractChannelHandlerContext.java:420)
	at io.netty.channel.DefaultChannelPipeline.fireChannelRead(DefaultChannelPipeline.java:868)
	at io.netty.channel.epoll.AbstractEpollStreamChannel$EpollStreamUnsafe.epollInReady(AbstractEpollStreamChannel.java:805)
	at io.netty.channel.epoll.EpollEventLoop.processReady(EpollEventLoop.java:501)
	at io.netty.channel.epoll.EpollEventLoop.run(EpollEventLoop.java:399)
	at io.netty.util.concurrent.SingleThreadEventExecutor$4.run(SingleThreadEventExecutor.java:1007)
	at io.netty.util.internal.ThreadExecutorMap$2.run(ThreadExecutorMap.java:74)
	at io.netty.util.concurrent.FastThreadLocalRunnable.run(FastThreadLocalRunnable.java:30)
	at java.base/java.lang.Thread.run(Unknown Source)
Caused by: io.netty.handler.ssl.ReferenceCountedOpenSslEngine$OpenSslHandshakeException: error:10000070:SSL routines:OPENSSL_internal:BAD_PACKET_LENGTH
	at io.netty.handler.ssl.ReferenceCountedOpenSslEngine.newSSLExceptionForError(ReferenceCountedOpenSslEngine.java:1401)
	at io.netty.handler.ssl.ReferenceCountedOpenSslEngine.needWrapAgain(ReferenceCountedOpenSslEngine.java:1387)
	at io.netty.handler.ssl.ReferenceCountedOpenSslEngine.sslReadErrorResult(ReferenceCountedOpenSslEngine.java:1418)
	at io.netty.handler.ssl.ReferenceCountedOpenSslEngine.unwrap(ReferenceCountedOpenSslEngine.java:1349)
	at io.netty.handler.ssl.ReferenceCountedOpenSslEngine.unwrap(ReferenceCountedOpenSslEngine.java:1450)
	at io.netty.handler.ssl.ReferenceCountedOpenSslEngine.unwrap(ReferenceCountedOpenSslEngine.java:1493)
	at io.netty.handler.ssl.SslHandler$SslEngineType$1.unwrap(SslHandler.java:222)
	at io.netty.handler.ssl.SslHandler.unwrap(SslHandler.java:1486)
	at io.netty.handler.ssl.SslHandler.decodeJdkCompatible(SslHandler.java:1377)
	at io.netty.handler.ssl.SslHandler.decode(SslHandler.java:1428)
	at io.netty.handler.codec.ByteToMessageDecoder.decodeRemovalReentryProtection(ByteToMessageDecoder.java:545)
	at io.netty.handler.codec.ByteToMessageDecoder.callDecode(ByteToMessageDecoder.java:484)
	... 19 more
 {}
2026-09-28T07:46:21,610+0000 [pulsar-io-20-17] INFO  org.apache.pulsar.broker.service.ServerCnx - Closed connection from /127.0.0.1:42804 {}
2026-09-28T07:46:25,932+0000 [pulsar-io-20-18] INFO  org.apache.pulsar.broker.service.ServerCnx - [/127.0.0.1:47074] connected with clientVersion=Pulsar-Java-v4.2.4, clientProtocolVersion=21, proxyVersion=null {}
2026-09-28T07:46:26,356+0000 [pulsar-19-12] INFO  org.apache.bookkeeper.mledger.impl.ManagedLedgerImpl - Opening managed ledger public/default/persistent/moonpulsar-native-interop-4.2.4-1790581545902-ec_p256-java {}
2026-09-28T07:46:26,357+0000 [bookkeeper-ml-scheduler-OrderedScheduler-2-0] INFO  org.apache.bookkeeper.mledger.impl.MetaStoreImpl - Creating '/managed-ledgers/public/default/persistent/moonpulsar-native-interop-4.2.4-1790581545902-ec_p256-java' {}
2026-09-28T07:46:26,369+0000 [bookkeeper-ml-scheduler-OrderedScheduler-2-0] INFO  org.apache.pulsar.metadata.impl.AbstractMetadataStore - Deleting path: /ledgers/idgen/ID-5 (v. Optional.empty) {}
2026-09-28T07:46:26,373+0000 [bookkeeper-ml-scheduler-OrderedScheduler-2-0] INFO  org.apache.pulsar.metadata.impl.AbstractMetadataStore - Deleted path: /ledgers/idgen/ID-5 (v. Optional.empty) {}
2026-09-28T07:46:26,379+0000 [bookkeeper-ml-scheduler-OrderedScheduler-2-0] INFO  org.apache.bookkeeper.client.LedgerCreateOp - Ensemble: [127.0.0.1:34055] for ledger: 5 {}
2026-09-28T07:46:26,379+0000 [BookKeeperClientWorker-OrderedExecutor-22-0] INFO  org.apache.bookkeeper.mledger.impl.ManagedLedgerImpl - [public/default/persistent/moonpulsar-native-interop-4.2.4-1790581545902-ec_p256-java] Created ledger 5 after closed null {}
2026-09-28T07:46:26,383+0000 [bookkeeper-ml-scheduler-OrderedScheduler-2-0] INFO  org.apache.bookkeeper.mledger.impl.ManagedLedgerFactoryImpl - [public/default/persistent/moonpulsar-native-interop-4.2.4-1790581545902-ec_p256-java] Successfully initialize managed ledger {}
2026-09-28T07:46:26,385+0000 [broker-topic-workers-OrderedExecutor-4-0] INFO  org.apache.pulsar.broker.service.BrokerService - Created topic persistent://public/default/moonpulsar-native-interop-4.2.4-1790581545902-ec_p256-java - dedup is disabled (latency: total: 31 ms, system topic: 482 us, properties: 1 ms, ml-config: 848 us, open-ml: 27 ms, init: 1 ms, done: 107 us) {}
2026-09-28T07:46:26,387+0000 [pulsar-io-20-18] INFO  org.apache.pulsar.broker.service.ServerCnx - [/127.0.0.1:47074] Created new producer: Producer{topic=PersistentTopic{topic=persistent://public/default/moonpulsar-native-interop-4.2.4-1790581545902-ec_p256-java}, client=[id: 0x6875c9fe, L:/127.0.0.1:27666 - R:/127.0.0.1:47074] [SR:127.0.0.1, state:Connected], producerName=standalone-0-1, producerId=0}, role: null {}
2026-09-28T07:46:26,437+0000 [pulsar-io-20-18] INFO  org.apache.pulsar.broker.service.ServerCnx - [PersistentTopic{topic=persistent://public/default/moonpulsar-native-interop-4.2.4-1790581545902-ec_p256-java}][standalone-0-1] Closing producer on cnx /127.0.0.1:47074. producerId=0 {}
2026-09-28T07:46:26,437+0000 [pulsar-io-20-18] INFO  org.apache.pulsar.broker.service.ServerCnx - [PersistentTopic{topic=persistent://public/default/moonpulsar-native-interop-4.2.4-1790581545902-ec_p256-java}][standalone-0-1] Closed producer on cnx /127.0.0.1:47074. producerId=0 {}
2026-09-28T07:46:26,461+0000 [pulsar-io-20-18] INFO  org.apache.pulsar.broker.service.ServerCnx - Closed connection from /127.0.0.1:47074 {}
2026-09-28T07:46:36,353+0000 [pulsar-io-20-20] INFO  org.apache.pulsar.broker.service.ServerCnx - [/127.0.0.1:44818] connected with clientVersion=moonpulsar 0.1.0, clientProtocolVersion=21, proxyVersion=null {}
2026-09-28T07:46:36,359+0000 [pulsar-io-20-20] INFO  org.apache.pulsar.broker.service.ServerCnx - [[id: 0x68a5d4bf, L:/127.0.0.1:27666 - R:/127.0.0.1:44818] [SR:127.0.0.1, state:Connected]] Subscribing on topic persistent://public/default/moonpulsar-native-interop-4.2.4-1790581545902-ec_p256-java / moonpulsar-ec-interop-1790581596356. consumerId: 3, role: null {}
2026-09-28T07:46:36,360+0000 [ForkJoinPool.commonPool-worker-4] INFO  org.apache.bookkeeper.mledger.impl.ManagedCursorImpl - [public/default/persistent/moonpulsar-native-interop-4.2.4-1790581545902-ec_p256-java] Cursor moonpulsar-ec-interop-1790581596356 recovered to position 5:-1 {}
2026-09-28T07:46:36,372+0000 [bookkeeper-ml-scheduler-OrderedScheduler-2-0] INFO  org.apache.bookkeeper.mledger.impl.ManagedLedgerImpl - [public/default/persistent/moonpulsar-native-interop-4.2.4-1790581545902-ec_p256-java] Opened new cursor: ManagedCursorImpl{ledger=public/default/persistent/moonpulsar-native-interop-4.2.4-1790581545902-ec_p256-java, name=moonpulsar-ec-interop-1790581596356, ackPos=5:-1, readPos=5:0} {}
2026-09-28T07:46:36,373+0000 [bookkeeper-ml-scheduler-OrderedScheduler-2-0] INFO  org.apache.bookkeeper.mledger.impl.ManagedCursorImpl - [public/default/persistent/moonpulsar-native-interop-4.2.4-1790581545902-ec_p256-java-moonpulsar-ec-interop-1790581596356] Rewind from 5:0 to 5:0 {}
2026-09-28T07:46:36,373+0000 [pulsar-io-20-20] INFO  org.apache.pulsar.broker.service.persistent.PersistentSubscription - backlog for persistent://public/default/moonpulsar-native-interop-4.2.4-1790581545902-ec_p256-java - 1 {}
2026-09-28T07:46:36,373+0000 [pulsar-io-20-20] INFO  org.apache.pulsar.broker.service.ServerCnx - [/127.0.0.1:44818] Created subscription on topic persistent://public/default/moonpulsar-native-interop-4.2.4-1790581545902-ec_p256-java / moonpulsar-ec-interop-1790581596356 {}
2026-09-28T07:46:36,410+0000 [pulsar-io-20-20] INFO  org.apache.pulsar.metadata.impl.AbstractMetadataStore - Deleting path: /ledgers/idgen/ID-6 (v. Optional.empty) {}
2026-09-28T07:46:36,414+0000 [pulsar-io-20-20] INFO  org.apache.pulsar.metadata.impl.AbstractMetadataStore - Deleted path: /ledgers/idgen/ID-6 (v. Optional.empty) {}
2026-09-28T07:46:36,418+0000 [pulsar-io-20-20] INFO  org.apache.bookkeeper.client.LedgerCreateOp - Ensemble: [127.0.0.1:34055] for ledger: 6 {}
2026-09-28T07:46:36,419+0000 [pulsar-io-20-20] INFO  org.apache.pulsar.broker.service.ServerCnx - [/127.0.0.1:44818] Closing consumer: consumerId=3 {}
2026-09-28T07:46:36,419+0000 [pulsar-io-20-20] INFO  org.apache.pulsar.broker.service.AbstractDispatcherSingleActiveConsumer - Removing consumer Consumer{subscription=PersistentSubscription{topic=persistent://public/default/moonpulsar-native-interop-4.2.4-1790581545902-ec_p256-java, name=moonpulsar-ec-interop-1790581596356}, consumerId=3, consumerName=, address=[id: 0x68a5d4bf, L:/127.0.0.1:27666 - R:/127.0.0.1:44818] [SR:127.0.0.1, state:Connected]} {}
2026-09-28T07:46:36,419+0000 [pulsar-io-20-20] INFO  org.apache.pulsar.broker.service.ServerCnx - [/127.0.0.1:44818] Closed consumer, consumerId=3 {}
2026-09-28T07:46:36,423+0000 [pulsar-19-16] INFO  org.apache.pulsar.broker.namespace.OwnershipCache - Trying to acquire ownership of public/default/0x80000000_0xc0000000 {}
2026-09-28T07:46:36,425+0000 [bookkeeper-ml-scheduler-OrderedScheduler-2-0] INFO  org.apache.bookkeeper.mledger.impl.ManagedCursorImpl - [public/default/persistent/moonpulsar-native-interop-4.2.4-1790581545902-ec_p256-java] Updated cursor moonpulsar-ec-interop-1790581596356 with ledger id 6 md-position=5:0 rd-position=5:1 {}
2026-09-28T07:46:36,428+0000 [pulsar-19-16] INFO  org.apache.pulsar.metadata.coordination.impl.ResourceLockImpl - Acquired resource lock on /namespace/public/default/0x80000000_0xc0000000 {}
2026-09-28T07:46:36,429+0000 [pulsar-19-16] INFO  org.apache.pulsar.broker.namespace.OwnershipCache - Successfully acquired ownership of OwnedBundle(bundle=public/default/0x80000000_0xc0000000, isActive=1) {}
2026-09-28T07:46:36,429+0000 [pulsar-19-9] INFO  org.apache.pulsar.broker.PulsarService - Loading all topics on bundle: public/default/0x80000000_0xc0000000 {}
2026-09-28T07:46:36,432+0000 [pulsar-19-3] INFO  org.apache.bookkeeper.mledger.impl.ManagedLedgerImpl - Opening managed ledger public/default/persistent/moonpulsar-native-interop-4.2.4-1790581545902-ec_p256-moonbit {}
2026-09-28T07:46:36,432+0000 [bookkeeper-ml-scheduler-OrderedScheduler-1-0] INFO  org.apache.bookkeeper.mledger.impl.MetaStoreImpl - Creating '/managed-ledgers/public/default/persistent/moonpulsar-native-interop-4.2.4-1790581545902-ec_p256-moonbit' {}
2026-09-28T07:46:36,440+0000 [bookkeeper-ml-scheduler-OrderedScheduler-1-0] INFO  org.apache.pulsar.metadata.impl.AbstractMetadataStore - Deleting path: /ledgers/idgen/ID-7 (v. Optional.empty) {}
2026-09-28T07:46:36,443+0000 [bookkeeper-ml-scheduler-OrderedScheduler-1-0] INFO  org.apache.pulsar.metadata.impl.AbstractMetadataStore - Deleted path: /ledgers/idgen/ID-7 (v. Optional.empty) {}
2026-09-28T07:46:36,448+0000 [bookkeeper-ml-scheduler-OrderedScheduler-1-0] INFO  org.apache.bookkeeper.client.LedgerCreateOp - Ensemble: [127.0.0.1:34055] for ledger: 7 {}
2026-09-28T07:46:36,448+0000 [BookKeeperClientWorker-OrderedExecutor-17-0] INFO  org.apache.bookkeeper.mledger.impl.ManagedLedgerImpl - [public/default/persistent/moonpulsar-native-interop-4.2.4-1790581545902-ec_p256-moonbit] Created ledger 7 after closed null {}
2026-09-28T07:46:36,452+0000 [bookkeeper-ml-scheduler-OrderedScheduler-1-0] INFO  org.apache.bookkeeper.mledger.impl.ManagedLedgerFactoryImpl - [public/default/persistent/moonpulsar-native-interop-4.2.4-1790581545902-ec_p256-moonbit] Successfully initialize managed ledger {}
2026-09-28T07:46:36,454+0000 [broker-topic-workers-OrderedExecutor-2-0] INFO  org.apache.pulsar.broker.service.BrokerService - Created topic persistent://public/default/moonpulsar-native-interop-4.2.4-1790581545902-ec_p256-moonbit - dedup is disabled (latency: total: 23 ms, system topic: 163 us, properties: 706 us, ml-config: 585 us, open-ml: 20 ms, init: 1 ms, done: 113 us) {}
2026-09-28T07:46:36,456+0000 [pulsar-io-20-20] INFO  org.apache.pulsar.broker.service.ServerCnx - [/127.0.0.1:44818] Created new producer: Producer{topic=PersistentTopic{topic=persistent://public/default/moonpulsar-native-interop-4.2.4-1790581545902-ec_p256-moonbit}, client=[id: 0x68a5d4bf, L:/127.0.0.1:27666 - R:/127.0.0.1:44818] [SR:127.0.0.1, state:Connected], producerName=standalone-0-2, producerId=9}, role: null {}
2026-09-28T07:46:36,462+0000 [pulsar-io-20-20] INFO  org.apache.pulsar.broker.service.ServerCnx - [PersistentTopic{topic=persistent://public/default/moonpulsar-native-interop-4.2.4-1790581545902-ec_p256-moonbit}][standalone-0-2] Closing producer on cnx /127.0.0.1:44818. producerId=9 {}
2026-09-28T07:46:36,463+0000 [pulsar-io-20-20] INFO  org.apache.pulsar.broker.service.ServerCnx - [PersistentTopic{topic=persistent://public/default/moonpulsar-native-interop-4.2.4-1790581545902-ec_p256-moonbit}][standalone-0-2] Closed producer on cnx /127.0.0.1:44818. producerId=9 {}
2026-09-28T07:46:36,464+0000 [pulsar-io-20-20] INFO  org.apache.pulsar.broker.service.ServerCnx - Closed connection from /127.0.0.1:44818 {}
2026-09-28T07:46:39,005+0000 [pulsar-io-20-22] INFO  org.apache.pulsar.broker.service.ServerCnx - [/127.0.0.1:44830] connected with clientVersion=Pulsar-Java-v4.2.4, clientProtocolVersion=21, proxyVersion=null {}
2026-09-28T07:46:39,403+0000 [pulsar-io-20-22] INFO  org.apache.pulsar.broker.service.ServerCnx - [[id: 0x8ed8f249, L:/127.0.0.1:27666 - R:/127.0.0.1:44830] [SR:127.0.0.1, state:Connected]] Subscribing on topic persistent://public/default/moonpulsar-native-interop-4.2.4-1790581545902-ec_p256-moonbit / moonpulsar-java-ec-541509656364550. consumerId: 0, role: null {}
2026-09-28T07:46:39,404+0000 [ForkJoinPool.commonPool-worker-4] INFO  org.apache.bookkeeper.mledger.impl.ManagedCursorImpl - [public/default/persistent/moonpulsar-native-interop-4.2.4-1790581545902-ec_p256-moonbit] Cursor moonpulsar-java-ec-541509656364550 recovered to position 7:-1 {}
2026-09-28T07:46:39,414+0000 [bookkeeper-ml-scheduler-OrderedScheduler-1-0] INFO  org.apache.bookkeeper.mledger.impl.ManagedLedgerImpl - [public/default/persistent/moonpulsar-native-interop-4.2.4-1790581545902-ec_p256-moonbit] Opened new cursor: ManagedCursorImpl{ledger=public/default/persistent/moonpulsar-native-interop-4.2.4-1790581545902-ec_p256-moonbit, name=moonpulsar-java-ec-541509656364550, ackPos=7:-1, readPos=7:0} {}
2026-09-28T07:46:39,415+0000 [bookkeeper-ml-scheduler-OrderedScheduler-1-0] INFO  org.apache.bookkeeper.mledger.impl.ManagedCursorImpl - [public/default/persistent/moonpulsar-native-interop-4.2.4-1790581545902-ec_p256-moonbit-moonpulsar-java-ec-541509656364550] Rewind from 7:0 to 7:0 {}
2026-09-28T07:46:39,415+0000 [pulsar-io-20-22] INFO  org.apache.pulsar.broker.service.persistent.PersistentSubscription - backlog for persistent://public/default/moonpulsar-native-interop-4.2.4-1790581545902-ec_p256-moonbit - 1 {}
2026-09-28T07:46:39,416+0000 [pulsar-io-20-22] INFO  org.apache.pulsar.broker.service.ServerCnx - [/127.0.0.1:44830] Created subscription on topic persistent://public/default/moonpulsar-native-interop-4.2.4-1790581545902-ec_p256-moonbit / moonpulsar-java-ec-541509656364550 {}
2026-09-28T07:46:39,566+0000 [pulsar-io-20-22] INFO  org.apache.pulsar.metadata.impl.AbstractMetadataStore - Deleting path: /ledgers/idgen/ID-8 (v. Optional.empty) {}
2026-09-28T07:46:39,571+0000 [pulsar-io-20-22] INFO  org.apache.pulsar.metadata.impl.AbstractMetadataStore - Deleted path: /ledgers/idgen/ID-8 (v. Optional.empty) {}
2026-09-28T07:46:39,575+0000 [pulsar-io-20-22] INFO  org.apache.bookkeeper.client.LedgerCreateOp - Ensemble: [127.0.0.1:34055] for ledger: 8 {}
2026-09-28T07:46:39,576+0000 [pulsar-io-20-22] INFO  org.apache.pulsar.broker.service.ServerCnx - [/127.0.0.1:44830] Closing consumer: consumerId=0 {}
2026-09-28T07:46:39,576+0000 [pulsar-io-20-22] INFO  org.apache.pulsar.broker.service.AbstractDispatcherSingleActiveConsumer - Removing consumer Consumer{subscription=PersistentSubscription{topic=persistent://public/default/moonpulsar-native-interop-4.2.4-1790581545902-ec_p256-moonbit, name=moonpulsar-java-ec-541509656364550}, consumerId=0, consumerName=kJwz2, address=[id: 0x8ed8f249, L:/127.0.0.1:27666 - R:/127.0.0.1:44830] [SR:127.0.0.1, state:Connected]} {}
2026-09-28T07:46:39,576+0000 [pulsar-io-20-22] INFO  org.apache.pulsar.broker.service.ServerCnx - [/127.0.0.1:44830] Closed consumer, consumerId=0 {}
2026-09-28T07:46:39,584+0000 [bookkeeper-ml-scheduler-OrderedScheduler-1-0] INFO  org.apache.bookkeeper.mledger.impl.ManagedCursorImpl - [public/default/persistent/moonpulsar-native-interop-4.2.4-1790581545902-ec_p256-moonbit] Updated cursor moonpulsar-java-ec-541509656364550 with ledger id 8 md-position=7:0 rd-position=7:1 {}
2026-09-28T07:46:39,587+0000 [pulsar-io-20-22] INFO  org.apache.pulsar.broker.service.ServerCnx - Closed connection from /127.0.0.1:44830 {}
2026-09-28T07:46:44,736+0000 [pulsar-io-20-23] INFO  org.apache.pulsar.broker.service.ServerCnx - [/127.0.0.1:42852] connected with clientVersion=Pulsar-Java-v4.2.4, clientProtocolVersion=21, proxyVersion=null {}
2026-09-28T07:46:45,130+0000 [ForkJoinPool.commonPool-worker-3] INFO  org.apache.bookkeeper.mledger.impl.ManagedLedgerImpl - Opening managed ledger public/default/persistent/moonpulsar-native-interop-4.2.4-1790581545902-ec_p384-java {}
2026-09-28T07:46:45,130+0000 [bookkeeper-ml-scheduler-OrderedScheduler-0-0] INFO  org.apache.bookkeeper.mledger.impl.MetaStoreImpl - Creating '/managed-ledgers/public/default/persistent/moonpulsar-native-interop-4.2.4-1790581545902-ec_p384-java' {}
2026-09-28T07:46:45,139+0000 [bookkeeper-ml-scheduler-OrderedScheduler-0-0] INFO  org.apache.pulsar.metadata.impl.AbstractMetadataStore - Deleting path: /ledgers/idgen/ID-9 (v. Optional.empty) {}
2026-09-28T07:46:45,143+0000 [bookkeeper-ml-scheduler-OrderedScheduler-0-0] INFO  org.apache.pulsar.metadata.impl.AbstractMetadataStore - Deleted path: /ledgers/idgen/ID-9 (v. Optional.empty) {}
2026-09-28T07:46:45,147+0000 [bookkeeper-ml-scheduler-OrderedScheduler-0-0] INFO  org.apache.bookkeeper.client.LedgerCreateOp - Ensemble: [127.0.0.1:34055] for ledger: 9 {}
2026-09-28T07:46:45,148+0000 [BookKeeperClientWorker-OrderedExecutor-0-0] INFO  org.apache.bookkeeper.mledger.impl.ManagedLedgerImpl - [public/default/persistent/moonpulsar-native-interop-4.2.4-1790581545902-ec_p384-java] Created ledger 9 after closed null {}
2026-09-28T07:46:45,152+0000 [bookkeeper-ml-scheduler-OrderedScheduler-0-0] INFO  org.apache.bookkeeper.mledger.impl.ManagedLedgerFactoryImpl - [public/default/persistent/moonpulsar-native-interop-4.2.4-1790581545902-ec_p384-java] Successfully initialize managed ledger {}
2026-09-28T07:46:45,154+0000 [broker-topic-workers-OrderedExecutor-6-0] INFO  org.apache.pulsar.broker.service.BrokerService - Created topic persistent://public/default/moonpulsar-native-interop-4.2.4-1790581545902-ec_p384-java - dedup is disabled (latency: total: 26 ms, properties: 1 ms, ml-config: 760 us, open-ml: 23 ms, init: 1 ms, done: 106 us) {}
2026-09-28T07:46:45,156+0000 [pulsar-io-20-23] INFO  org.apache.pulsar.broker.service.ServerCnx - [/127.0.0.1:42852] Created new producer: Producer{topic=PersistentTopic{topic=persistent://public/default/moonpulsar-native-interop-4.2.4-1790581545902-ec_p384-java}, client=[id: 0xfa703c3f, L:/127.0.0.1:27666 - R:/127.0.0.1:42852] [SR:127.0.0.1, state:Connected], producerName=standalone-0-3, producerId=0}, role: null {}
2026-09-28T07:46:45,210+0000 [pulsar-io-20-23] INFO  org.apache.pulsar.broker.service.ServerCnx - [PersistentTopic{topic=persistent://public/default/moonpulsar-native-interop-4.2.4-1790581545902-ec_p384-java}][standalone-0-3] Closing producer on cnx /127.0.0.1:42852. producerId=0 {}
2026-09-28T07:46:45,211+0000 [pulsar-io-20-23] INFO  org.apache.pulsar.broker.service.ServerCnx - [PersistentTopic{topic=persistent://public/default/moonpulsar-native-interop-4.2.4-1790581545902-ec_p384-java}][standalone-0-3] Closed producer on cnx /127.0.0.1:42852. producerId=0 {}
2026-09-28T07:46:45,231+0000 [pulsar-io-20-23] INFO  org.apache.pulsar.broker.service.ServerCnx - Closed connection from /127.0.0.1:42852 {}
2026-09-28T07:46:47,829+0000 [pulsar-io-20-25] INFO  org.apache.pulsar.broker.service.ServerCnx - [/127.0.0.1:42856] connected with clientVersion=moonpulsar 0.1.0, clientProtocolVersion=21, proxyVersion=null {}
2026-09-28T07:46:47,836+0000 [pulsar-io-20-25] INFO  org.apache.pulsar.broker.service.ServerCnx - [[id: 0x976944fb, L:/127.0.0.1:27666 - R:/127.0.0.1:42856] [SR:127.0.0.1, state:Connected]] Subscribing on topic persistent://public/default/moonpulsar-native-interop-4.2.4-1790581545902-ec_p384-java / moonpulsar-ec-interop-1790581607832. consumerId: 3, role: null {}
2026-09-28T07:46:47,837+0000 [ForkJoinPool.commonPool-worker-4] INFO  org.apache.bookkeeper.mledger.impl.ManagedCursorImpl - [public/default/persistent/moonpulsar-native-interop-4.2.4-1790581545902-ec_p384-java] Cursor moonpulsar-ec-interop-1790581607832 recovered to position 9:-1 {}
2026-09-28T07:46:47,842+0000 [bookkeeper-ml-scheduler-OrderedScheduler-0-0] INFO  org.apache.bookkeeper.mledger.impl.ManagedLedgerImpl - [public/default/persistent/moonpulsar-native-interop-4.2.4-1790581545902-ec_p384-java] Opened new cursor: ManagedCursorImpl{ledger=public/default/persistent/moonpulsar-native-interop-4.2.4-1790581545902-ec_p384-java, name=moonpulsar-ec-interop-1790581607832, ackPos=9:-1, readPos=9:0} {}
2026-09-28T07:46:47,842+0000 [bookkeeper-ml-scheduler-OrderedScheduler-0-0] INFO  org.apache.bookkeeper.mledger.impl.ManagedCursorImpl - [public/default/persistent/moonpulsar-native-interop-4.2.4-1790581545902-ec_p384-java-moonpulsar-ec-interop-1790581607832] Rewind from 9:0 to 9:0 {}
2026-09-28T07:46:47,843+0000 [pulsar-io-20-25] INFO  org.apache.pulsar.broker.service.persistent.PersistentSubscription - backlog for persistent://public/default/moonpulsar-native-interop-4.2.4-1790581545902-ec_p384-java - 1 {}
2026-09-28T07:46:47,843+0000 [pulsar-io-20-25] INFO  org.apache.pulsar.broker.service.ServerCnx - [/127.0.0.1:42856] Created subscription on topic persistent://public/default/moonpulsar-native-interop-4.2.4-1790581545902-ec_p384-java / moonpulsar-ec-interop-1790581607832 {}
2026-09-28T07:46:47,855+0000 [pulsar-io-20-25] INFO  org.apache.pulsar.metadata.impl.AbstractMetadataStore - Deleting path: /ledgers/idgen/ID-10 (v. Optional.empty) {}
2026-09-28T07:46:47,859+0000 [pulsar-io-20-25] INFO  org.apache.pulsar.metadata.impl.AbstractMetadataStore - Deleted path: /ledgers/idgen/ID-10 (v. Optional.empty) {}
2026-09-28T07:46:47,863+0000 [pulsar-io-20-25] INFO  org.apache.bookkeeper.client.LedgerCreateOp - Ensemble: [127.0.0.1:34055] for ledger: 10 {}
2026-09-28T07:46:47,864+0000 [pulsar-io-20-25] INFO  org.apache.pulsar.broker.service.ServerCnx - [/127.0.0.1:42856] Closing consumer: consumerId=3 {}
2026-09-28T07:46:47,865+0000 [pulsar-io-20-25] INFO  org.apache.pulsar.broker.service.AbstractDispatcherSingleActiveConsumer - Removing consumer Consumer{subscription=PersistentSubscription{topic=persistent://public/default/moonpulsar-native-interop-4.2.4-1790581545902-ec_p384-java, name=moonpulsar-ec-interop-1790581607832}, consumerId=3, consumerName=, address=[id: 0x976944fb, L:/127.0.0.1:27666 - R:/127.0.0.1:42856] [SR:127.0.0.1, state:Connected]} {}
2026-09-28T07:46:47,865+0000 [pulsar-io-20-25] INFO  org.apache.pulsar.broker.service.ServerCnx - [/127.0.0.1:42856] Closed consumer, consumerId=3 {}
2026-09-28T07:46:47,872+0000 [ForkJoinPool.commonPool-worker-3] INFO  org.apache.bookkeeper.mledger.impl.ManagedLedgerImpl - Opening managed ledger public/default/persistent/moonpulsar-native-interop-4.2.4-1790581545902-ec_p384-moonbit {}
2026-09-28T07:46:47,872+0000 [bookkeeper-ml-scheduler-OrderedScheduler-3-0] INFO  org.apache.bookkeeper.mledger.impl.MetaStoreImpl - Creating '/managed-ledgers/public/default/persistent/moonpulsar-native-interop-4.2.4-1790581545902-ec_p384-moonbit' {}
2026-09-28T07:46:47,874+0000 [bookkeeper-ml-scheduler-OrderedScheduler-0-0] INFO  org.apache.bookkeeper.mledger.impl.ManagedCursorImpl - [public/default/persistent/moonpulsar-native-interop-4.2.4-1790581545902-ec_p384-java] Updated cursor moonpulsar-ec-interop-1790581607832 with ledger id 10 md-position=9:0 rd-position=9:1 {}
2026-09-28T07:46:47,880+0000 [bookkeeper-ml-scheduler-OrderedScheduler-3-0] INFO  org.apache.pulsar.metadata.impl.AbstractMetadataStore - Deleting path: /ledgers/idgen/ID-11 (v. Optional.empty) {}
2026-09-28T07:46:47,883+0000 [bookkeeper-ml-scheduler-OrderedScheduler-3-0] INFO  org.apache.pulsar.metadata.impl.AbstractMetadataStore - Deleted path: /ledgers/idgen/ID-11 (v. Optional.empty) {}
2026-09-28T07:46:47,887+0000 [bookkeeper-ml-scheduler-OrderedScheduler-3-0] INFO  org.apache.bookkeeper.client.LedgerCreateOp - Ensemble: [127.0.0.1:34055] for ledger: 11 {}
2026-09-28T07:46:47,887+0000 [BookKeeperClientWorker-OrderedExecutor-15-0] INFO  org.apache.bookkeeper.mledger.impl.ManagedLedgerImpl - [public/default/persistent/moonpulsar-native-interop-4.2.4-1790581545902-ec_p384-moonbit] Created ledger 11 after closed null {}
2026-09-28T07:46:47,891+0000 [bookkeeper-ml-scheduler-OrderedScheduler-3-0] INFO  org.apache.bookkeeper.mledger.impl.ManagedLedgerFactoryImpl - [public/default/persistent/moonpulsar-native-interop-4.2.4-1790581545902-ec_p384-moonbit] Successfully initialize managed ledger {}
2026-09-28T07:46:47,892+0000 [broker-topic-workers-OrderedExecutor-0-0] INFO  org.apache.pulsar.broker.service.BrokerService - Created topic persistent://public/default/moonpulsar-native-interop-4.2.4-1790581545902-ec_p384-moonbit - dedup is disabled (latency: total: 22 ms, system topic: 223 us, properties: 1 ms, ml-config: 664 us, open-ml: 19 ms, init: 761 us, done: 89 us) {}
2026-09-28T07:46:47,894+0000 [pulsar-io-20-25] INFO  org.apache.pulsar.broker.service.ServerCnx - [/127.0.0.1:42856] Created new producer: Producer{topic=PersistentTopic{topic=persistent://public/default/moonpulsar-native-interop-4.2.4-1790581545902-ec_p384-moonbit}, client=[id: 0x976944fb, L:/127.0.0.1:27666 - R:/127.0.0.1:42856] [SR:127.0.0.1, state:Connected], producerName=standalone-0-4, producerId=9}, role: null {}
2026-09-28T07:46:47,901+0000 [pulsar-io-20-25] INFO  org.apache.pulsar.broker.service.ServerCnx - [PersistentTopic{topic=persistent://public/default/moonpulsar-native-interop-4.2.4-1790581545902-ec_p384-moonbit}][standalone-0-4] Closing producer on cnx /127.0.0.1:42856. producerId=9 {}
2026-09-28T07:46:47,902+0000 [pulsar-io-20-25] INFO  org.apache.pulsar.broker.service.ServerCnx - [PersistentTopic{topic=persistent://public/default/moonpulsar-native-interop-4.2.4-1790581545902-ec_p384-moonbit}][standalone-0-4] Closed producer on cnx /127.0.0.1:42856. producerId=9 {}
2026-09-28T07:46:47,903+0000 [pulsar-io-20-25] INFO  org.apache.pulsar.broker.service.ServerCnx - Closed connection from /127.0.0.1:42856 {}
2026-09-28T07:46:50,588+0000 [pulsar-io-20-27] INFO  org.apache.pulsar.broker.service.ServerCnx - [/127.0.0.1:42866] connected with clientVersion=Pulsar-Java-v4.2.4, clientProtocolVersion=21, proxyVersion=null {}
2026-09-28T07:46:51,001+0000 [pulsar-io-20-27] INFO  org.apache.pulsar.broker.service.ServerCnx - [[id: 0x0eedfc46, L:/127.0.0.1:27666 - R:/127.0.0.1:42866] [SR:127.0.0.1, state:Connected]] Subscribing on topic persistent://public/default/moonpulsar-native-interop-4.2.4-1790581545902-ec_p384-moonbit / moonpulsar-java-ec-541521165854166. consumerId: 0, role: null {}
2026-09-28T07:46:51,002+0000 [ForkJoinPool.commonPool-worker-3] INFO  org.apache.bookkeeper.mledger.impl.ManagedCursorImpl - [public/default/persistent/moonpulsar-native-interop-4.2.4-1790581545902-ec_p384-moonbit] Cursor moonpulsar-java-ec-541521165854166 recovered to position 11:-1 {}
2026-09-28T07:46:51,009+0000 [bookkeeper-ml-scheduler-OrderedScheduler-3-0] INFO  org.apache.bookkeeper.mledger.impl.ManagedLedgerImpl - [public/default/persistent/moonpulsar-native-interop-4.2.4-1790581545902-ec_p384-moonbit] Opened new cursor: ManagedCursorImpl{ledger=public/default/persistent/moonpulsar-native-interop-4.2.4-1790581545902-ec_p384-moonbit, name=moonpulsar-java-ec-541521165854166, ackPos=11:-1, readPos=11:0} {}
2026-09-28T07:46:51,010+0000 [bookkeeper-ml-scheduler-OrderedScheduler-3-0] INFO  org.apache.bookkeeper.mledger.impl.ManagedCursorImpl - [public/default/persistent/moonpulsar-native-interop-4.2.4-1790581545902-ec_p384-moonbit-moonpulsar-java-ec-541521165854166] Rewind from 11:0 to 11:0 {}
2026-09-28T07:46:51,010+0000 [pulsar-io-20-27] INFO  org.apache.pulsar.broker.service.persistent.PersistentSubscription - backlog for persistent://public/default/moonpulsar-native-interop-4.2.4-1790581545902-ec_p384-moonbit - 1 {}
2026-09-28T07:46:51,010+0000 [pulsar-io-20-27] INFO  org.apache.pulsar.broker.service.ServerCnx - [/127.0.0.1:42866] Created subscription on topic persistent://public/default/moonpulsar-native-interop-4.2.4-1790581545902-ec_p384-moonbit / moonpulsar-java-ec-541521165854166 {}
2026-09-28T07:46:51,184+0000 [pulsar-io-20-27] INFO  org.apache.pulsar.broker.service.ServerCnx - [/127.0.0.1:42866] Closing consumer: consumerId=0 {}
2026-09-28T07:46:51,185+0000 [pulsar-io-20-27] INFO  org.apache.pulsar.broker.service.AbstractDispatcherSingleActiveConsumer - Removing consumer Consumer{subscription=PersistentSubscription{topic=persistent://public/default/moonpulsar-native-interop-4.2.4-1790581545902-ec_p384-moonbit, name=moonpulsar-java-ec-541521165854166}, consumerId=0, consumerName=oSyUc, address=[id: 0x0eedfc46, L:/127.0.0.1:27666 - R:/127.0.0.1:42866] [SR:127.0.0.1, state:Connected]} {}
2026-09-28T07:46:51,185+0000 [pulsar-io-20-27] INFO  org.apache.pulsar.broker.service.ServerCnx - [/127.0.0.1:42866] Closed consumer, consumerId=0 {}
2026-09-28T07:46:51,201+0000 [pulsar-io-20-27] INFO  org.apache.pulsar.broker.service.ServerCnx - Closed connection from /127.0.0.1:42866 {}
2026-09-28T07:46:56,289+0000 [pulsar-io-20-28] INFO  org.apache.pulsar.broker.service.ServerCnx - [/127.0.0.1:46040] connected with clientVersion=Pulsar-Java-v4.2.4, clientProtocolVersion=21, proxyVersion=null {}
2026-09-28T07:46:56,712+0000 [ForkJoinPool.commonPool-worker-3] INFO  org.apache.bookkeeper.mledger.impl.ManagedLedgerImpl - Opening managed ledger public/default/persistent/moonpulsar-native-interop-4.2.4-1790581545902-ec-java {}
2026-09-28T07:46:56,712+0000 [bookkeeper-ml-scheduler-OrderedScheduler-0-0] INFO  org.apache.bookkeeper.mledger.impl.MetaStoreImpl - Creating '/managed-ledgers/public/default/persistent/moonpulsar-native-interop-4.2.4-1790581545902-ec-java' {}
2026-09-28T07:46:56,723+0000 [bookkeeper-ml-scheduler-OrderedScheduler-0-0] INFO  org.apache.pulsar.metadata.impl.AbstractMetadataStore - Deleting path: /ledgers/idgen/ID-12 (v. Optional.empty) {}
2026-09-28T07:46:56,726+0000 [bookkeeper-ml-scheduler-OrderedScheduler-0-0] INFO  org.apache.pulsar.metadata.impl.AbstractMetadataStore - Deleted path: /ledgers/idgen/ID-12 (v. Optional.empty) {}
2026-09-28T07:46:56,731+0000 [bookkeeper-ml-scheduler-OrderedScheduler-0-0] INFO  org.apache.bookkeeper.client.LedgerCreateOp - Ensemble: [127.0.0.1:34055] for ledger: 12 {}
2026-09-28T07:46:56,732+0000 [BookKeeperClientWorker-OrderedExecutor-16-0] INFO  org.apache.bookkeeper.mledger.impl.ManagedLedgerImpl - [public/default/persistent/moonpulsar-native-interop-4.2.4-1790581545902-ec-java] Created ledger 12 after closed null {}
2026-09-28T07:46:56,736+0000 [bookkeeper-ml-scheduler-OrderedScheduler-0-0] INFO  org.apache.bookkeeper.mledger.impl.ManagedLedgerFactoryImpl - [public/default/persistent/moonpulsar-native-interop-4.2.4-1790581545902-ec-java] Successfully initialize managed ledger {}
2026-09-28T07:46:56,738+0000 [broker-topic-workers-OrderedExecutor-1-0] INFO  org.apache.pulsar.broker.service.BrokerService - Created topic persistent://public/default/moonpulsar-native-interop-4.2.4-1790581545902-ec-java - dedup is disabled (latency: total: 29 ms, system topic: 362 us, properties: 945 us, ml-config: 755 us, open-ml: 25 ms, init: 1 ms, done: 113 us) {}
2026-09-28T07:46:56,740+0000 [pulsar-io-20-28] INFO  org.apache.pulsar.broker.service.ServerCnx - [/127.0.0.1:46040] Created new producer: Producer{topic=PersistentTopic{topic=persistent://public/default/moonpulsar-native-interop-4.2.4-1790581545902-ec-java}, client=[id: 0xb10cb63b, L:/127.0.0.1:27666 - R:/127.0.0.1:46040] [SR:127.0.0.1, state:Connected], producerName=standalone-0-5, producerId=0}, role: null {}
2026-09-28T07:46:56,794+0000 [pulsar-io-20-28] INFO  org.apache.pulsar.broker.service.ServerCnx - [PersistentTopic{topic=persistent://public/default/moonpulsar-native-interop-4.2.4-1790581545902-ec-java}][standalone-0-5] Closing producer on cnx /127.0.0.1:46040. producerId=0 {}
2026-09-28T07:46:56,795+0000 [pulsar-io-20-28] INFO  org.apache.pulsar.broker.service.ServerCnx - [PersistentTopic{topic=persistent://public/default/moonpulsar-native-interop-4.2.4-1790581545902-ec-java}][standalone-0-5] Closed producer on cnx /127.0.0.1:46040. producerId=0 {}
2026-09-28T07:46:56,810+0000 [pulsar-io-20-28] INFO  org.apache.pulsar.broker.service.ServerCnx - Closed connection from /127.0.0.1:46040 {}
2026-09-28T07:46:59,319+0000 [pulsar-io-20-30] INFO  org.apache.pulsar.broker.service.ServerCnx - [/127.0.0.1:46050] connected with clientVersion=moonpulsar 0.1.0, clientProtocolVersion=21, proxyVersion=null {}
2026-09-28T07:46:59,327+0000 [pulsar-io-20-30] INFO  org.apache.pulsar.broker.service.ServerCnx - [[id: 0xb64e84b2, L:/127.0.0.1:27666 - R:/127.0.0.1:46050] [SR:127.0.0.1, state:Connected]] Subscribing on topic persistent://public/default/moonpulsar-native-interop-4.2.4-1790581545902-ec-java / moonpulsar-ec-interop-1790581619323. consumerId: 3, role: null {}
2026-09-28T07:46:59,328+0000 [ForkJoinPool.commonPool-worker-3] INFO  org.apache.bookkeeper.mledger.impl.ManagedCursorImpl - [public/default/persistent/moonpulsar-native-interop-4.2.4-1790581545902-ec-java] Cursor moonpulsar-ec-interop-1790581619323 recovered to position 12:-1 {}
2026-09-28T07:46:59,334+0000 [bookkeeper-ml-scheduler-OrderedScheduler-0-0] INFO  org.apache.bookkeeper.mledger.impl.ManagedLedgerImpl - [public/default/persistent/moonpulsar-native-interop-4.2.4-1790581545902-ec-java] Opened new cursor: ManagedCursorImpl{ledger=public/default/persistent/moonpulsar-native-interop-4.2.4-1790581545902-ec-java, name=moonpulsar-ec-interop-1790581619323, ackPos=12:-1, readPos=12:0} {}
2026-09-28T07:46:59,335+0000 [bookkeeper-ml-scheduler-OrderedScheduler-0-0] INFO  org.apache.bookkeeper.mledger.impl.ManagedCursorImpl - [public/default/persistent/moonpulsar-native-interop-4.2.4-1790581545902-ec-java-moonpulsar-ec-interop-1790581619323] Rewind from 12:0 to 12:0 {}
2026-09-28T07:46:59,335+0000 [pulsar-io-20-30] INFO  org.apache.pulsar.broker.service.persistent.PersistentSubscription - backlog for persistent://public/default/moonpulsar-native-interop-4.2.4-1790581545902-ec-java - 1 {}
2026-09-28T07:46:59,336+0000 [pulsar-io-20-30] INFO  org.apache.pulsar.broker.service.ServerCnx - [/127.0.0.1:46050] Created subscription on topic persistent://public/default/moonpulsar-native-interop-4.2.4-1790581545902-ec-java / moonpulsar-ec-interop-1790581619323 {}
2026-09-28T07:46:59,349+0000 [pulsar-io-20-30] INFO  org.apache.pulsar.metadata.impl.AbstractMetadataStore - Deleting path: /ledgers/idgen/ID-13 (v. Optional.empty) {}
2026-09-28T07:46:59,354+0000 [pulsar-io-20-30] INFO  org.apache.pulsar.metadata.impl.AbstractMetadataStore - Deleted path: /ledgers/idgen/ID-13 (v. Optional.empty) {}
2026-09-28T07:46:59,359+0000 [pulsar-io-20-30] INFO  org.apache.bookkeeper.client.LedgerCreateOp - Ensemble: [127.0.0.1:34055] for ledger: 13 {}
2026-09-28T07:46:59,361+0000 [pulsar-io-20-30] INFO  org.apache.pulsar.broker.service.ServerCnx - [/127.0.0.1:46050] Closing consumer: consumerId=3 {}
2026-09-28T07:46:59,361+0000 [pulsar-io-20-30] INFO  org.apache.pulsar.broker.service.AbstractDispatcherSingleActiveConsumer - Removing consumer Consumer{subscription=PersistentSubscription{topic=persistent://public/default/moonpulsar-native-interop-4.2.4-1790581545902-ec-java, name=moonpulsar-ec-interop-1790581619323}, consumerId=3, consumerName=, address=[id: 0xb64e84b2, L:/127.0.0.1:27666 - R:/127.0.0.1:46050] [SR:127.0.0.1, state:Connected]} {}
2026-09-28T07:46:59,362+0000 [pulsar-io-20-30] INFO  org.apache.pulsar.broker.service.ServerCnx - [/127.0.0.1:46050] Closed consumer, consumerId=3 {}
2026-09-28T07:46:59,365+0000 [pulsar-19-23] INFO  org.apache.pulsar.broker.namespace.OwnershipCache - Trying to acquire ownership of public/default/0x00000000_0x40000000 {}
2026-09-28T07:46:59,370+0000 [bookkeeper-ml-scheduler-OrderedScheduler-0-0] INFO  org.apache.bookkeeper.mledger.impl.ManagedCursorImpl - [public/default/persistent/moonpulsar-native-interop-4.2.4-1790581545902-ec-java] Updated cursor moonpulsar-ec-interop-1790581619323 with ledger id 13 md-position=12:0 rd-position=12:1 {}
2026-09-28T07:46:59,373+0000 [pulsar-19-23] INFO  org.apache.pulsar.metadata.coordination.impl.ResourceLockImpl - Acquired resource lock on /namespace/public/default/0x00000000_0x40000000 {}
2026-09-28T07:46:59,374+0000 [pulsar-19-23] INFO  org.apache.pulsar.broker.namespace.OwnershipCache - Successfully acquired ownership of OwnedBundle(bundle=public/default/0x00000000_0x40000000, isActive=1) {}
2026-09-28T07:46:59,374+0000 [pulsar-19-8] INFO  org.apache.pulsar.broker.PulsarService - Loading all topics on bundle: public/default/0x00000000_0x40000000 {}
2026-09-28T07:46:59,378+0000 [ForkJoinPool.commonPool-worker-4] INFO  org.apache.bookkeeper.mledger.impl.ManagedLedgerImpl - Opening managed ledger public/default/persistent/moonpulsar-native-interop-4.2.4-1790581545902-ec-moonbit {}
2026-09-28T07:46:59,379+0000 [bookkeeper-ml-scheduler-OrderedScheduler-3-0] INFO  org.apache.bookkeeper.mledger.impl.MetaStoreImpl - Creating '/managed-ledgers/public/default/persistent/moonpulsar-native-interop-4.2.4-1790581545902-ec-moonbit' {}
2026-09-28T07:46:59,387+0000 [bookkeeper-ml-scheduler-OrderedScheduler-3-0] INFO  org.apache.pulsar.metadata.impl.AbstractMetadataStore - Deleting path: /ledgers/idgen/ID-14 (v. Optional.empty) {}
2026-09-28T07:46:59,391+0000 [bookkeeper-ml-scheduler-OrderedScheduler-3-0] INFO  org.apache.pulsar.metadata.impl.AbstractMetadataStore - Deleted path: /ledgers/idgen/ID-14 (v. Optional.empty) {}
2026-09-28T07:46:59,396+0000 [bookkeeper-ml-scheduler-OrderedScheduler-3-0] INFO  org.apache.bookkeeper.client.LedgerCreateOp - Ensemble: [127.0.0.1:34055] for ledger: 14 {}
2026-09-28T07:46:59,396+0000 [BookKeeperClientWorker-OrderedExecutor-15-0] INFO  org.apache.bookkeeper.mledger.impl.ManagedLedgerImpl - [public/default/persistent/moonpulsar-native-interop-4.2.4-1790581545902-ec-moonbit] Created ledger 14 after closed null {}
2026-09-28T07:46:59,400+0000 [bookkeeper-ml-scheduler-OrderedScheduler-3-0] INFO  org.apache.bookkeeper.mledger.impl.ManagedLedgerFactoryImpl - [public/default/persistent/moonpulsar-native-interop-4.2.4-1790581545902-ec-moonbit] Successfully initialize managed ledger {}
2026-09-28T07:46:59,402+0000 [broker-topic-workers-OrderedExecutor-5-0] INFO  org.apache.pulsar.broker.service.BrokerService - Created topic persistent://public/default/moonpulsar-native-interop-4.2.4-1790581545902-ec-moonbit - dedup is disabled (latency: total: 26 ms, system topic: 370 us, properties: 1 ms, ml-config: 637 us, open-ml: 22 ms, init: 1 ms, done: 91 us) {}
2026-09-28T07:46:59,403+0000 [pulsar-io-20-30] INFO  org.apache.pulsar.broker.service.ServerCnx - [/127.0.0.1:46050] Created new producer: Producer{topic=PersistentTopic{topic=persistent://public/default/moonpulsar-native-interop-4.2.4-1790581545902-ec-moonbit}, client=[id: 0xb64e84b2, L:/127.0.0.1:27666 - R:/127.0.0.1:46050] [SR:127.0.0.1, state:Connected], producerName=standalone-0-6, producerId=9}, role: null {}
2026-09-28T07:46:59,410+0000 [pulsar-io-20-30] INFO  org.apache.pulsar.broker.service.ServerCnx - [PersistentTopic{topic=persistent://public/default/moonpulsar-native-interop-4.2.4-1790581545902-ec-moonbit}][standalone-0-6] Closing producer on cnx /127.0.0.1:46050. producerId=9 {}
2026-09-28T07:46:59,410+0000 [pulsar-io-20-30] INFO  org.apache.pulsar.broker.service.ServerCnx - [PersistentTopic{topic=persistent://public/default/moonpulsar-native-interop-4.2.4-1790581545902-ec-moonbit}][standalone-0-6] Closed producer on cnx /127.0.0.1:46050. producerId=9 {}
2026-09-28T07:46:59,411+0000 [pulsar-io-20-30] INFO  org.apache.pulsar.broker.service.ServerCnx - Closed connection from /127.0.0.1:46050 {}
2026-09-28T07:47:02,157+0000 [pulsar-io-20-32] INFO  org.apache.pulsar.broker.service.ServerCnx - [/127.0.0.1:60844] connected with clientVersion=Pulsar-Java-v4.2.4, clientProtocolVersion=21, proxyVersion=null {}
2026-09-28T07:47:02,576+0000 [pulsar-io-20-32] INFO  org.apache.pulsar.broker.service.ServerCnx - [[id: 0x3cee2efe, L:/127.0.0.1:27666 - R:/127.0.0.1:60844] [SR:127.0.0.1, state:Connected]] Subscribing on topic persistent://public/default/moonpulsar-native-interop-4.2.4-1790581545902-ec-moonbit / moonpulsar-java-ec-541532700554760. consumerId: 0, role: null {}
2026-09-28T07:47:02,578+0000 [ForkJoinPool.commonPool-worker-4] INFO  org.apache.bookkeeper.mledger.impl.ManagedCursorImpl - [public/default/persistent/moonpulsar-native-interop-4.2.4-1790581545902-ec-moonbit] Cursor moonpulsar-java-ec-541532700554760 recovered to position 14:-1 {}
2026-09-28T07:47:02,589+0000 [bookkeeper-ml-scheduler-OrderedScheduler-3-0] INFO  org.apache.bookkeeper.mledger.impl.ManagedLedgerImpl - [public/default/persistent/moonpulsar-native-interop-4.2.4-1790581545902-ec-moonbit] Opened new cursor: ManagedCursorImpl{ledger=public/default/persistent/moonpulsar-native-interop-4.2.4-1790581545902-ec-moonbit, name=moonpulsar-java-ec-541532700554760, ackPos=14:-1, readPos=14:0} {}
2026-09-28T07:47:02,590+0000 [bookkeeper-ml-scheduler-OrderedScheduler-3-0] INFO  org.apache.bookkeeper.mledger.impl.ManagedCursorImpl - [public/default/persistent/moonpulsar-native-interop-4.2.4-1790581545902-ec-moonbit-moonpulsar-java-ec-541532700554760] Rewind from 14:0 to 14:0 {}
2026-09-28T07:47:02,590+0000 [pulsar-io-20-32] INFO  org.apache.pulsar.broker.service.persistent.PersistentSubscription - backlog for persistent://public/default/moonpulsar-native-interop-4.2.4-1790581545902-ec-moonbit - 1 {}
2026-09-28T07:47:02,590+0000 [pulsar-io-20-32] INFO  org.apache.pulsar.broker.service.ServerCnx - [/127.0.0.1:60844] Created subscription on topic persistent://public/default/moonpulsar-native-interop-4.2.4-1790581545902-ec-moonbit / moonpulsar-java-ec-541532700554760 {}
2026-09-28T07:47:02,759+0000 [pulsar-io-20-32] INFO  org.apache.pulsar.metadata.impl.AbstractMetadataStore - Deleting path: /ledgers/idgen/ID-15 (v. Optional.empty) {}
2026-09-28T07:47:02,763+0000 [pulsar-io-20-32] INFO  org.apache.pulsar.metadata.impl.AbstractMetadataStore - Deleted path: /ledgers/idgen/ID-15 (v. Optional.empty) {}
2026-09-28T07:47:02,767+0000 [pulsar-io-20-32] INFO  org.apache.bookkeeper.client.LedgerCreateOp - Ensemble: [127.0.0.1:34055] for ledger: 15 {}
2026-09-28T07:47:02,768+0000 [pulsar-io-20-32] INFO  org.apache.pulsar.broker.service.ServerCnx - [/127.0.0.1:60844] Closing consumer: consumerId=0 {}
2026-09-28T07:47:02,768+0000 [pulsar-io-20-32] INFO  org.apache.pulsar.broker.service.AbstractDispatcherSingleActiveConsumer - Removing consumer Consumer{subscription=PersistentSubscription{topic=persistent://public/default/moonpulsar-native-interop-4.2.4-1790581545902-ec-moonbit, name=moonpulsar-java-ec-541532700554760}, consumerId=0, consumerName=83FZF, address=[id: 0x3cee2efe, L:/127.0.0.1:27666 - R:/127.0.0.1:60844] [SR:127.0.0.1, state:Connected]} {}
2026-09-28T07:47:02,768+0000 [pulsar-io-20-32] INFO  org.apache.pulsar.broker.service.ServerCnx - [/127.0.0.1:60844] Closed consumer, consumerId=0 {}
2026-09-28T07:47:02,774+0000 [bookkeeper-ml-scheduler-OrderedScheduler-3-0] INFO  org.apache.bookkeeper.mledger.impl.ManagedCursorImpl - [public/default/persistent/moonpulsar-native-interop-4.2.4-1790581545902-ec-moonbit] Updated cursor moonpulsar-java-ec-541532700554760 with ledger id 15 md-position=14:0 rd-position=14:1 {}
2026-09-28T07:47:02,780+0000 [pulsar-io-20-32] INFO  org.apache.pulsar.broker.service.ServerCnx - Closed connection from /127.0.0.1:60844 {}
2026-09-28T07:47:04,019+0000 [SyncThread-11-1] INFO  org.apache.bookkeeper.bookie.EntryLogManagerBase - Creating a new entry log file because current active log channel has not initialized yet {}
2026-09-28T07:47:04,022+0000 [SyncThread-11-1] INFO  org.apache.bookkeeper.bookie.EntryLoggerAllocator - Created new entry log file data/standalone/bookkeeper/current/0.log for logId 0. {}
2026-09-28T07:47:04,024+0000 [pool-2-thread-1] INFO  org.apache.bookkeeper.bookie.EntryLoggerAllocator - Created new entry log file data/standalone/bookkeeper/current/1.log for logId 1. {}
2026-09-28T07:47:05,565+0000 [pulsar-io-20-33] INFO  org.apache.pulsar.broker.service.ServerCnx - [/127.0.0.1:60860] connected with clientVersion=Pulsar-Go-v0.21.1-0.20260923011436-a83c1519f68d, clientProtocolVersion=20, proxyVersion=null {}
2026-09-28T07:47:05,576+0000 [ForkJoinPool.commonPool-worker-4] INFO  org.apache.bookkeeper.mledger.impl.ManagedLedgerImpl - Opening managed ledger public/default/persistent/moonpulsar-native-interop-4.2.4-1790581545902-rsa-go {}
2026-09-28T07:47:05,576+0000 [bookkeeper-ml-scheduler-OrderedScheduler-3-0] INFO  org.apache.bookkeeper.mledger.impl.MetaStoreImpl - Creating '/managed-ledgers/public/default/persistent/moonpulsar-native-interop-4.2.4-1790581545902-rsa-go' {}
2026-09-28T07:47:05,584+0000 [bookkeeper-ml-scheduler-OrderedScheduler-3-0] INFO  org.apache.pulsar.metadata.impl.AbstractMetadataStore - Deleting path: /ledgers/idgen/ID-16 (v. Optional.empty) {}
2026-09-28T07:47:05,587+0000 [bookkeeper-ml-scheduler-OrderedScheduler-3-0] INFO  org.apache.pulsar.metadata.impl.AbstractMetadataStore - Deleted path: /ledgers/idgen/ID-16 (v. Optional.empty) {}
2026-09-28T07:47:05,592+0000 [bookkeeper-ml-scheduler-OrderedScheduler-3-0] INFO  org.apache.bookkeeper.client.LedgerCreateOp - Ensemble: [127.0.0.1:34055] for ledger: 16 {}
2026-09-28T07:47:05,592+0000 [BookKeeperClientWorker-OrderedExecutor-3-0] INFO  org.apache.bookkeeper.mledger.impl.ManagedLedgerImpl - [public/default/persistent/moonpulsar-native-interop-4.2.4-1790581545902-rsa-go] Created ledger 16 after closed null {}
2026-09-28T07:47:05,596+0000 [bookkeeper-ml-scheduler-OrderedScheduler-3-0] INFO  org.apache.bookkeeper.mledger.impl.ManagedLedgerFactoryImpl - [public/default/persistent/moonpulsar-native-interop-4.2.4-1790581545902-rsa-go] Successfully initialize managed ledger {}
2026-09-28T07:47:05,597+0000 [broker-topic-workers-OrderedExecutor-1-0] INFO  org.apache.pulsar.broker.service.BrokerService - Created topic persistent://public/default/moonpulsar-native-interop-4.2.4-1790581545902-rsa-go - dedup is disabled (latency: total: 26 ms, system topic: 253 us, properties: 1 ms, ml-config: 2 ms, open-ml: 20 ms, init: 910 us, done: 85 us) {}
2026-09-28T07:47:05,599+0000 [pulsar-io-20-33] INFO  org.apache.pulsar.broker.service.ServerCnx - [/127.0.0.1:60860] Created new producer: Producer{topic=PersistentTopic{topic=persistent://public/default/moonpulsar-native-interop-4.2.4-1790581545902-rsa-go}, client=[id: 0x2b75869a, L:/127.0.0.1:27666 - R:/127.0.0.1:60860] [SR:127.0.0.1, state:Connected], producerName=standalone-0-7, producerId=1}, role: null {}
2026-09-28T07:47:05,607+0000 [pulsar-io-20-33] INFO  org.apache.pulsar.broker.service.ServerCnx - [PersistentTopic{topic=persistent://public/default/moonpulsar-native-interop-4.2.4-1790581545902-rsa-go}][standalone-0-7] Closing producer on cnx /127.0.0.1:60860. producerId=1 {}
2026-09-28T07:47:05,607+0000 [pulsar-io-20-33] INFO  org.apache.pulsar.broker.service.ServerCnx - [PersistentTopic{topic=persistent://public/default/moonpulsar-native-interop-4.2.4-1790581545902-rsa-go}][standalone-0-7] Closed producer on cnx /127.0.0.1:60860. producerId=1 {}
2026-09-28T07:47:05,613+0000 [pulsar-io-20-33] INFO  org.apache.pulsar.broker.service.ServerCnx - Closed connection from /127.0.0.1:60860 {}
2026-09-28T07:47:14,512+0000 [pulsar-io-20-35] INFO  org.apache.pulsar.broker.service.ServerCnx - [/127.0.0.1:56854] connected with clientVersion=moonpulsar 0.1.0, clientProtocolVersion=21, proxyVersion=null {}
2026-09-28T07:47:14,517+0000 [pulsar-io-20-35] INFO  org.apache.pulsar.broker.service.ServerCnx - [[id: 0x5c8ccaee, L:/127.0.0.1:27666 - R:/127.0.0.1:56854] [SR:127.0.0.1, state:Connected]] Subscribing on topic persistent://public/default/moonpulsar-native-interop-4.2.4-1790581545902-rsa-go / moonpulsar-encryption-interop-1790581634514. consumerId: 3, role: null {}
2026-09-28T07:47:14,518+0000 [ForkJoinPool.commonPool-worker-3] INFO  org.apache.bookkeeper.mledger.impl.ManagedCursorImpl - [public/default/persistent/moonpulsar-native-interop-4.2.4-1790581545902-rsa-go] Cursor moonpulsar-encryption-interop-1790581634514 recovered to position 16:-1 {}
2026-09-28T07:47:14,537+0000 [bookkeeper-ml-scheduler-OrderedScheduler-3-0] INFO  org.apache.bookkeeper.mledger.impl.ManagedLedgerImpl - [public/default/persistent/moonpulsar-native-interop-4.2.4-1790581545902-rsa-go] Opened new cursor: ManagedCursorImpl{ledger=public/default/persistent/moonpulsar-native-interop-4.2.4-1790581545902-rsa-go, name=moonpulsar-encryption-interop-1790581634514, ackPos=16:-1, readPos=16:0} {}
2026-09-28T07:47:14,538+0000 [bookkeeper-ml-scheduler-OrderedScheduler-3-0] INFO  org.apache.bookkeeper.mledger.impl.ManagedCursorImpl - [public/default/persistent/moonpulsar-native-interop-4.2.4-1790581545902-rsa-go-moonpulsar-encryption-interop-1790581634514] Rewind from 16:0 to 16:0 {}
2026-09-28T07:47:14,538+0000 [pulsar-io-20-35] INFO  org.apache.pulsar.broker.service.persistent.PersistentSubscription - backlog for persistent://public/default/moonpulsar-native-interop-4.2.4-1790581545902-rsa-go - 2 {}
2026-09-28T07:47:14,538+0000 [pulsar-io-20-35] INFO  org.apache.pulsar.broker.service.ServerCnx - [/127.0.0.1:56854] Created subscription on topic persistent://public/default/moonpulsar-native-interop-4.2.4-1790581545902-rsa-go / moonpulsar-encryption-interop-1790581634514 {}
2026-09-28T07:47:14,755+0000 [pulsar-io-20-35] INFO  org.apache.pulsar.metadata.impl.AbstractMetadataStore - Deleting path: /ledgers/idgen/ID-17 (v. Optional.empty) {}
2026-09-28T07:47:14,759+0000 [pulsar-io-20-35] INFO  org.apache.pulsar.metadata.impl.AbstractMetadataStore - Deleted path: /ledgers/idgen/ID-17 (v. Optional.empty) {}
2026-09-28T07:47:14,764+0000 [pulsar-io-20-35] INFO  org.apache.bookkeeper.client.LedgerCreateOp - Ensemble: [127.0.0.1:34055] for ledger: 17 {}
2026-09-28T07:47:14,767+0000 [pulsar-io-20-35] INFO  org.apache.pulsar.broker.service.ServerCnx - [/127.0.0.1:56854] Closing consumer: consumerId=3 {}
2026-09-28T07:47:14,767+0000 [pulsar-io-20-35] INFO  org.apache.pulsar.broker.service.AbstractDispatcherSingleActiveConsumer - Removing consumer Consumer{subscription=PersistentSubscription{topic=persistent://public/default/moonpulsar-native-interop-4.2.4-1790581545902-rsa-go, name=moonpulsar-encryption-interop-1790581634514}, consumerId=3, consumerName=, address=[id: 0x5c8ccaee, L:/127.0.0.1:27666 - R:/127.0.0.1:56854] [SR:127.0.0.1, state:Connected]} {}
2026-09-28T07:47:14,768+0000 [pulsar-io-20-35] INFO  org.apache.pulsar.broker.service.ServerCnx - [/127.0.0.1:56854] Closed consumer, consumerId=3 {}
2026-09-28T07:47:14,771+0000 [pulsar-io-20-35] INFO  org.apache.pulsar.broker.service.ServerCnx - [[id: 0x5c8ccaee, L:/127.0.0.1:27666 - R:/127.0.0.1:56854] [SR:127.0.0.1, state:Connected]] Subscribing on topic persistent://public/default/moonpulsar-native-interop-4.2.4-1790581545902-rsa-go / reader-10-1790581634770. consumerId: 10, role: null {}
2026-09-28T07:47:14,772+0000 [bookkeeper-ml-scheduler-OrderedScheduler-3-0] INFO  org.apache.bookkeeper.mledger.impl.ManagedCursorImpl - [public/default/persistent/moonpulsar-native-interop-4.2.4-1790581545902-rsa-go] Updated cursor moonpulsar-encryption-interop-1790581634514 with ledger id 17 md-position=16:1 rd-position=16:2 {}
2026-09-28T07:47:14,772+0000 [ForkJoinPool.commonPool-worker-3] INFO  org.apache.pulsar.broker.service.persistent.PersistentTopic - [persistent://public/default/moonpulsar-native-interop-4.2.4-1790581545902-rsa-go][reader-10-1790581634770] Creating non-durable subscription at msg id -1:-1:-1:-1 - {} {}
2026-09-28T07:47:14,774+0000 [ForkJoinPool.commonPool-worker-3] INFO  org.apache.bookkeeper.mledger.impl.NonDurableCursorImpl - [public/default/persistent/moonpulsar-native-interop-4.2.4-1790581545902-rsa-go] Created non-durable cursor read-position=16:0 mark-delete-position=16:-1 {}
2026-09-28T07:47:14,774+0000 [ForkJoinPool.commonPool-worker-3] INFO  org.apache.bookkeeper.mledger.impl.ManagedLedgerImpl - [public/default/persistent/moonpulsar-native-interop-4.2.4-1790581545902-rsa-go] Opened new cursor: NonDurableCursorImpl{ledger=public/default/persistent/moonpulsar-native-interop-4.2.4-1790581545902-rsa-go, cursor=reader-10-1790581634770, ackPos=16:-1, readPos=16:0} {}
2026-09-28T07:47:14,774+0000 [ForkJoinPool.commonPool-worker-3] INFO  org.apache.bookkeeper.mledger.impl.ManagedCursorImpl - [public/default/persistent/moonpulsar-native-interop-4.2.4-1790581545902-rsa-go-reader-10-1790581634770] Rewind from 16:0 to 16:0 {}
2026-09-28T07:47:14,775+0000 [pulsar-io-20-35] INFO  org.apache.pulsar.broker.service.persistent.PersistentSubscription - backlog for persistent://public/default/moonpulsar-native-interop-4.2.4-1790581545902-rsa-go - 2 {}
2026-09-28T07:47:14,775+0000 [pulsar-io-20-35] INFO  org.apache.pulsar.broker.service.ServerCnx - [/127.0.0.1:56854] Created subscription on topic persistent://public/default/moonpulsar-native-interop-4.2.4-1790581545902-rsa-go / reader-10-1790581634770 {}
2026-09-28T07:47:14,983+0000 [pulsar-io-20-35] INFO  org.apache.pulsar.broker.service.ServerCnx - [/127.0.0.1:56854] Closing consumer: consumerId=10 {}
2026-09-28T07:47:14,983+0000 [pulsar-io-20-35] INFO  org.apache.pulsar.broker.service.AbstractDispatcherSingleActiveConsumer - Removing consumer Consumer{subscription=PersistentSubscription{topic=persistent://public/default/moonpulsar-native-interop-4.2.4-1790581545902-rsa-go, name=reader-10-1790581634770}, consumerId=10, consumerName=, address=[id: 0x5c8ccaee, L:/127.0.0.1:27666 - R:/127.0.0.1:56854] [SR:127.0.0.1, state:Connected]} {}
2026-09-28T07:47:14,984+0000 [pulsar-io-20-35] INFO  org.apache.pulsar.broker.service.persistent.PersistentSubscription - [persistent://public/default/moonpulsar-native-interop-4.2.4-1790581545902-rsa-go][reader-10-1790581634770] Successfully closed subscription [NonDurableCursorImpl{ledger=public/default/persistent/moonpulsar-native-interop-4.2.4-1790581545902-rsa-go, cursor=reader-10-1790581634770, ackPos=16:-1, readPos=16:2}] {}
2026-09-28T07:47:14,985+0000 [pulsar-io-20-35] INFO  org.apache.pulsar.broker.service.persistent.PersistentSubscription - [persistent://public/default/moonpulsar-native-interop-4.2.4-1790581545902-rsa-go][reader-10-1790581634770] Successfully closed dispatcher for reader {}
2026-09-28T07:47:14,987+0000 [pulsar-io-20-35] INFO  org.apache.pulsar.broker.service.ServerCnx - [/127.0.0.1:56854] Closed consumer, consumerId=10 {}
2026-09-28T07:47:14,994+0000 [ForkJoinPool.commonPool-worker-4] INFO  org.apache.bookkeeper.mledger.impl.ManagedLedgerImpl - Opening managed ledger public/default/persistent/moonpulsar-native-interop-4.2.4-1790581545902-rsa-moonbit {}
2026-09-28T07:47:14,994+0000 [bookkeeper-ml-scheduler-OrderedScheduler-3-0] INFO  org.apache.bookkeeper.mledger.impl.MetaStoreImpl - Creating '/managed-ledgers/public/default/persistent/moonpulsar-native-interop-4.2.4-1790581545902-rsa-moonbit' {}
2026-09-28T07:47:15,002+0000 [bookkeeper-ml-scheduler-OrderedScheduler-3-0] INFO  org.apache.pulsar.metadata.impl.AbstractMetadataStore - Deleting path: /ledgers/idgen/ID-18 (v. Optional.empty) {}
2026-09-28T07:47:15,006+0000 [bookkeeper-ml-scheduler-OrderedScheduler-3-0] INFO  org.apache.pulsar.metadata.impl.AbstractMetadataStore - Deleted path: /ledgers/idgen/ID-18 (v. Optional.empty) {}
2026-09-28T07:47:15,010+0000 [bookkeeper-ml-scheduler-OrderedScheduler-3-0] INFO  org.apache.bookkeeper.client.LedgerCreateOp - Ensemble: [127.0.0.1:34055] for ledger: 18 {}
2026-09-28T07:47:15,011+0000 [BookKeeperClientWorker-OrderedExecutor-23-0] INFO  org.apache.bookkeeper.mledger.impl.ManagedLedgerImpl - [public/default/persistent/moonpulsar-native-interop-4.2.4-1790581545902-rsa-moonbit] Created ledger 18 after closed null {}
2026-09-28T07:47:15,016+0000 [bookkeeper-ml-scheduler-OrderedScheduler-3-0] INFO  org.apache.bookkeeper.mledger.impl.ManagedLedgerFactoryImpl - [public/default/persistent/moonpulsar-native-interop-4.2.4-1790581545902-rsa-moonbit] Successfully initialize managed ledger {}
2026-09-28T07:47:15,020+0000 [broker-topic-workers-OrderedExecutor-0-0] INFO  org.apache.pulsar.broker.service.BrokerService - Created topic persistent://public/default/moonpulsar-native-interop-4.2.4-1790581545902-rsa-moonbit - dedup is disabled (latency: total: 28 ms, system topic: 379 us, properties: 1 ms, ml-config: 769 us, open-ml: 22 ms, init: 3 ms, done: 95 us) {}
2026-09-28T07:47:15,021+0000 [pulsar-io-20-35] INFO  org.apache.pulsar.broker.service.ServerCnx - [/127.0.0.1:56854] Created new producer: Producer{topic=PersistentTopic{topic=persistent://public/default/moonpulsar-native-interop-4.2.4-1790581545902-rsa-moonbit}, client=[id: 0x5c8ccaee, L:/127.0.0.1:27666 - R:/127.0.0.1:56854] [SR:127.0.0.1, state:Connected], producerName=standalone-0-8, producerId=15}, role: null {}
2026-09-28T07:47:15,030+0000 [pulsar-io-20-35] INFO  org.apache.pulsar.broker.service.ServerCnx - [PersistentTopic{topic=persistent://public/default/moonpulsar-native-interop-4.2.4-1790581545902-rsa-moonbit}][standalone-0-8] Closing producer on cnx /127.0.0.1:56854. producerId=15 {}
2026-09-28T07:47:15,030+0000 [pulsar-io-20-35] INFO  org.apache.pulsar.broker.service.ServerCnx - [PersistentTopic{topic=persistent://public/default/moonpulsar-native-interop-4.2.4-1790581545902-rsa-moonbit}][standalone-0-8] Closed producer on cnx /127.0.0.1:56854. producerId=15 {}
2026-09-28T07:47:15,035+0000 [ForkJoinPool.commonPool-worker-3] INFO  org.apache.bookkeeper.mledger.impl.ManagedLedgerImpl - Opening managed ledger public/default/persistent/moonpulsar-native-interop-4.2.4-1790581545902-rsa-empty {}
2026-09-28T07:47:15,036+0000 [bookkeeper-ml-scheduler-OrderedScheduler-3-0] INFO  org.apache.bookkeeper.mledger.impl.MetaStoreImpl - Creating '/managed-ledgers/public/default/persistent/moonpulsar-native-interop-4.2.4-1790581545902-rsa-empty' {}
2026-09-28T07:47:15,044+0000 [bookkeeper-ml-scheduler-OrderedScheduler-3-0] INFO  org.apache.pulsar.metadata.impl.AbstractMetadataStore - Deleting path: /ledgers/idgen/ID-19 (v. Optional.empty) {}
2026-09-28T07:47:15,047+0000 [bookkeeper-ml-scheduler-OrderedScheduler-3-0] INFO  org.apache.pulsar.metadata.impl.AbstractMetadataStore - Deleted path: /ledgers/idgen/ID-19 (v. Optional.empty) {}
2026-09-28T07:47:15,052+0000 [bookkeeper-ml-scheduler-OrderedScheduler-3-0] INFO  org.apache.bookkeeper.client.LedgerCreateOp - Ensemble: [127.0.0.1:34055] for ledger: 19 {}
2026-09-28T07:47:15,052+0000 [BookKeeperClientWorker-OrderedExecutor-7-0] INFO  org.apache.bookkeeper.mledger.impl.ManagedLedgerImpl - [public/default/persistent/moonpulsar-native-interop-4.2.4-1790581545902-rsa-empty] Created ledger 19 after closed null {}
2026-09-28T07:47:15,056+0000 [bookkeeper-ml-scheduler-OrderedScheduler-3-0] INFO  org.apache.bookkeeper.mledger.impl.ManagedLedgerFactoryImpl - [public/default/persistent/moonpulsar-native-interop-4.2.4-1790581545902-rsa-empty] Successfully initialize managed ledger {}
2026-09-28T07:47:15,057+0000 [broker-topic-workers-OrderedExecutor-1-0] INFO  org.apache.pulsar.broker.service.BrokerService - Created topic persistent://public/default/moonpulsar-native-interop-4.2.4-1790581545902-rsa-empty - dedup is disabled (latency: total: 23 ms, system topic: 161 us, properties: 902 us, ml-config: 580 us, open-ml: 21 ms, init: 866 us, done: 75 us) {}
2026-09-28T07:47:15,058+0000 [pulsar-io-20-35] INFO  org.apache.pulsar.broker.service.ServerCnx - [/127.0.0.1:56854] Created new producer: Producer{topic=PersistentTopic{topic=persistent://public/default/moonpulsar-native-interop-4.2.4-1790581545902-rsa-empty}, client=[id: 0x5c8ccaee, L:/127.0.0.1:27666 - R:/127.0.0.1:56854] [SR:127.0.0.1, state:Connected], producerName=standalone-0-9, producerId=20}, role: null {}
2026-09-28T07:47:15,067+0000 [pulsar-io-20-35] INFO  org.apache.pulsar.broker.service.ServerCnx - [PersistentTopic{topic=persistent://public/default/moonpulsar-native-interop-4.2.4-1790581545902-rsa-empty}][standalone-0-9] Closing producer on cnx /127.0.0.1:56854. producerId=20 {}
2026-09-28T07:47:15,068+0000 [pulsar-io-20-35] INFO  org.apache.pulsar.broker.service.ServerCnx - [PersistentTopic{topic=persistent://public/default/moonpulsar-native-interop-4.2.4-1790581545902-rsa-empty}][standalone-0-9] Closed producer on cnx /127.0.0.1:56854. producerId=20 {}
2026-09-28T07:47:15,074+0000 [ForkJoinPool.commonPool-worker-4] INFO  org.apache.bookkeeper.mledger.impl.ManagedLedgerImpl - Opening managed ledger public/default/persistent/moonpulsar-native-interop-4.2.4-1790581545902-rsa-compressed {}
2026-09-28T07:47:15,074+0000 [bookkeeper-ml-scheduler-OrderedScheduler-3-0] INFO  org.apache.bookkeeper.mledger.impl.MetaStoreImpl - Creating '/managed-ledgers/public/default/persistent/moonpulsar-native-interop-4.2.4-1790581545902-rsa-compressed' {}
2026-09-28T07:47:15,082+0000 [bookkeeper-ml-scheduler-OrderedScheduler-3-0] INFO  org.apache.pulsar.metadata.impl.AbstractMetadataStore - Deleting path: /ledgers/idgen/ID-20 (v. Optional.empty) {}
2026-09-28T07:47:15,086+0000 [bookkeeper-ml-scheduler-OrderedScheduler-3-0] INFO  org.apache.pulsar.metadata.impl.AbstractMetadataStore - Deleted path: /ledgers/idgen/ID-20 (v. Optional.empty) {}
2026-09-28T07:47:15,090+0000 [bookkeeper-ml-scheduler-OrderedScheduler-3-0] INFO  org.apache.bookkeeper.client.LedgerCreateOp - Ensemble: [127.0.0.1:34055] for ledger: 20 {}
2026-09-28T07:47:15,090+0000 [BookKeeperClientWorker-OrderedExecutor-15-0] INFO  org.apache.bookkeeper.mledger.impl.ManagedLedgerImpl - [public/default/persistent/moonpulsar-native-interop-4.2.4-1790581545902-rsa-compressed] Created ledger 20 after closed null {}
2026-09-28T07:47:15,096+0000 [bookkeeper-ml-scheduler-OrderedScheduler-3-0] INFO  org.apache.bookkeeper.mledger.impl.ManagedLedgerFactoryImpl - [public/default/persistent/moonpulsar-native-interop-4.2.4-1790581545902-rsa-compressed] Successfully initialize managed ledger {}
2026-09-28T07:47:15,097+0000 [broker-topic-workers-OrderedExecutor-6-0] INFO  org.apache.pulsar.broker.service.BrokerService - Created topic persistent://public/default/moonpulsar-native-interop-4.2.4-1790581545902-rsa-compressed - dedup is disabled (latency: total: 25 ms, system topic: 190 us, properties: 1 ms, ml-config: 632 us, open-ml: 22 ms, init: 1 ms, done: 124 us) {}
2026-09-28T07:47:15,099+0000 [pulsar-io-20-35] INFO  org.apache.pulsar.broker.service.ServerCnx - [/127.0.0.1:56854] Created new producer: Producer{topic=PersistentTopic{topic=persistent://public/default/moonpulsar-native-interop-4.2.4-1790581545902-rsa-compressed}, client=[id: 0x5c8ccaee, L:/127.0.0.1:27666 - R:/127.0.0.1:56854] [SR:127.0.0.1, state:Connected], producerName=standalone-0-10, producerId=25}, role: null {}
2026-09-28T07:47:15,108+0000 [pulsar-io-20-35] INFO  org.apache.pulsar.broker.service.ServerCnx - [PersistentTopic{topic=persistent://public/default/moonpulsar-native-interop-4.2.4-1790581545902-rsa-compressed}][standalone-0-10] Closing producer on cnx /127.0.0.1:56854. producerId=25 {}
2026-09-28T07:47:15,108+0000 [pulsar-io-20-35] INFO  org.apache.pulsar.broker.service.ServerCnx - [PersistentTopic{topic=persistent://public/default/moonpulsar-native-interop-4.2.4-1790581545902-rsa-compressed}][standalone-0-10] Closed producer on cnx /127.0.0.1:56854. producerId=25 {}
2026-09-28T07:47:15,114+0000 [ForkJoinPool.commonPool-worker-3] INFO  org.apache.bookkeeper.mledger.impl.ManagedLedgerImpl - Opening managed ledger public/default/persistent/moonpulsar-native-interop-4.2.4-1790581545902-rsa-batch {}
2026-09-28T07:47:15,115+0000 [bookkeeper-ml-scheduler-OrderedScheduler-2-0] INFO  org.apache.bookkeeper.mledger.impl.MetaStoreImpl - Creating '/managed-ledgers/public/default/persistent/moonpulsar-native-interop-4.2.4-1790581545902-rsa-batch' {}
2026-09-28T07:47:15,122+0000 [bookkeeper-ml-scheduler-OrderedScheduler-2-0] INFO  org.apache.pulsar.metadata.impl.AbstractMetadataStore - Deleting path: /ledgers/idgen/ID-21 (v. Optional.empty) {}
2026-09-28T07:47:15,126+0000 [bookkeeper-ml-scheduler-OrderedScheduler-2-0] INFO  org.apache.pulsar.metadata.impl.AbstractMetadataStore - Deleted path: /ledgers/idgen/ID-21 (v. Optional.empty) {}
2026-09-28T07:47:15,131+0000 [bookkeeper-ml-scheduler-OrderedScheduler-2-0] INFO  org.apache.bookkeeper.client.LedgerCreateOp - Ensemble: [127.0.0.1:34055] for ledger: 21 {}
2026-09-28T07:47:15,131+0000 [BookKeeperClientWorker-OrderedExecutor-6-0] INFO  org.apache.bookkeeper.mledger.impl.ManagedLedgerImpl - [public/default/persistent/moonpulsar-native-interop-4.2.4-1790581545902-rsa-batch] Created ledger 21 after closed null {}
2026-09-28T07:47:15,136+0000 [bookkeeper-ml-scheduler-OrderedScheduler-2-0] INFO  org.apache.bookkeeper.mledger.impl.ManagedLedgerFactoryImpl - [public/default/persistent/moonpulsar-native-interop-4.2.4-1790581545902-rsa-batch] Successfully initialize managed ledger {}
2026-09-28T07:47:15,137+0000 [broker-topic-workers-OrderedExecutor-7-0] INFO  org.apache.pulsar.broker.service.BrokerService - Created topic persistent://public/default/moonpulsar-native-interop-4.2.4-1790581545902-rsa-batch - dedup is disabled (latency: total: 24 ms, system topic: 160 us, properties: 1 ms, ml-config: 575 us, open-ml: 21 ms, init: 927 us, done: 106 us) {}
2026-09-28T07:47:15,138+0000 [pulsar-io-20-35] INFO  org.apache.pulsar.broker.service.ServerCnx - [/127.0.0.1:56854] Created new producer: Producer{topic=PersistentTopic{topic=persistent://public/default/moonpulsar-native-interop-4.2.4-1790581545902-rsa-batch}, client=[id: 0x5c8ccaee, L:/127.0.0.1:27666 - R:/127.0.0.1:56854] [SR:127.0.0.1, state:Connected], producerName=standalone-0-11, producerId=30}, role: null {}
2026-09-28T07:47:15,147+0000 [pulsar-io-20-35] INFO  org.apache.pulsar.broker.service.ServerCnx - [PersistentTopic{topic=persistent://public/default/moonpulsar-native-interop-4.2.4-1790581545902-rsa-batch}][standalone-0-11] Closing producer on cnx /127.0.0.1:56854. producerId=30 {}
2026-09-28T07:47:15,148+0000 [pulsar-io-20-35] INFO  org.apache.pulsar.broker.service.ServerCnx - [PersistentTopic{topic=persistent://public/default/moonpulsar-native-interop-4.2.4-1790581545902-rsa-batch}][standalone-0-11] Closed producer on cnx /127.0.0.1:56854. producerId=30 {}
2026-09-28T07:47:15,150+0000 [pulsar-io-20-35] INFO  org.apache.pulsar.broker.service.ServerCnx - [[id: 0x5c8ccaee, L:/127.0.0.1:27666 - R:/127.0.0.1:56854] [SR:127.0.0.1, state:Connected]] Subscribing on topic persistent://public/default/moonpulsar-native-interop-4.2.4-1790581545902-rsa-moonbit / moonpulsar-encryption-missing-key-1790581635148. consumerId: 35, role: null {}
2026-09-28T07:47:15,151+0000 [ForkJoinPool.commonPool-worker-4] INFO  org.apache.bookkeeper.mledger.impl.ManagedCursorImpl - [public/default/persistent/moonpulsar-native-interop-4.2.4-1790581545902-rsa-moonbit] Cursor moonpulsar-encryption-missing-key-1790581635148 recovered to position 18:-1 {}
2026-09-28T07:47:15,156+0000 [bookkeeper-ml-scheduler-OrderedScheduler-3-0] INFO  org.apache.bookkeeper.mledger.impl.ManagedLedgerImpl - [public/default/persistent/moonpulsar-native-interop-4.2.4-1790581545902-rsa-moonbit] Opened new cursor: ManagedCursorImpl{ledger=public/default/persistent/moonpulsar-native-interop-4.2.4-1790581545902-rsa-moonbit, name=moonpulsar-encryption-missing-key-1790581635148, ackPos=18:-1, readPos=18:0} {}
2026-09-28T07:47:15,156+0000 [bookkeeper-ml-scheduler-OrderedScheduler-3-0] INFO  org.apache.bookkeeper.mledger.impl.ManagedCursorImpl - [public/default/persistent/moonpulsar-native-interop-4.2.4-1790581545902-rsa-moonbit-moonpulsar-encryption-missing-key-1790581635148] Rewind from 18:0 to 18:0 {}
2026-09-28T07:47:15,157+0000 [pulsar-io-20-35] INFO  org.apache.pulsar.broker.service.persistent.PersistentSubscription - backlog for persistent://public/default/moonpulsar-native-interop-4.2.4-1790581545902-rsa-moonbit - 1 {}
2026-09-28T07:47:15,157+0000 [pulsar-io-20-35] INFO  org.apache.pulsar.broker.service.ServerCnx - [/127.0.0.1:56854] Created subscription on topic persistent://public/default/moonpulsar-native-interop-4.2.4-1790581545902-rsa-moonbit / moonpulsar-encryption-missing-key-1790581635148 {}
2026-09-28T07:47:15,161+0000 [pulsar-io-20-35] INFO  org.apache.pulsar.broker.service.ServerCnx - [/127.0.0.1:56854] Closing consumer: consumerId=35 {}
2026-09-28T07:47:15,162+0000 [pulsar-io-20-35] INFO  org.apache.pulsar.broker.service.AbstractDispatcherSingleActiveConsumer - Removing consumer Consumer{subscription=PersistentSubscription{topic=persistent://public/default/moonpulsar-native-interop-4.2.4-1790581545902-rsa-moonbit, name=moonpulsar-encryption-missing-key-1790581635148}, consumerId=35, consumerName=, address=[id: 0x5c8ccaee, L:/127.0.0.1:27666 - R:/127.0.0.1:56854] [SR:127.0.0.1, state:Connected]} {}
2026-09-28T07:47:15,162+0000 [pulsar-io-20-35] INFO  org.apache.pulsar.broker.service.ServerCnx - [/127.0.0.1:56854] Closed consumer, consumerId=35 {}
2026-09-28T07:47:15,162+0000 [pulsar-io-20-35] INFO  org.apache.pulsar.broker.service.ServerCnx - [/127.0.0.1:56854] Closing consumer: consumerId=35 {}
2026-09-28T07:47:15,162+0000 [pulsar-io-20-35] INFO  org.apache.pulsar.broker.service.ServerCnx - [35] Consumer was not registered on the connection: /127.0.0.1:56854 {}
2026-09-28T07:47:15,165+0000 [pulsar-io-20-35] INFO  org.apache.pulsar.broker.service.ServerCnx - [[id: 0x5c8ccaee, L:/127.0.0.1:27666 - R:/127.0.0.1:56854] [SR:127.0.0.1, state:Connected]] Subscribing on topic persistent://public/default/moonpulsar-native-interop-4.2.4-1790581545902-rsa-moonbit / moonpulsar-encryption-consume-1790581635162. consumerId: 41, role: null {}
2026-09-28T07:47:15,166+0000 [ForkJoinPool.commonPool-worker-4] INFO  org.apache.bookkeeper.mledger.impl.ManagedCursorImpl - [public/default/persistent/moonpulsar-native-interop-4.2.4-1790581545902-rsa-moonbit] Cursor moonpulsar-encryption-consume-1790581635162 recovered to position 18:-1 {}
2026-09-28T07:47:15,170+0000 [bookkeeper-ml-scheduler-OrderedScheduler-3-0] INFO  org.apache.bookkeeper.mledger.impl.ManagedLedgerImpl - [public/default/persistent/moonpulsar-native-interop-4.2.4-1790581545902-rsa-moonbit] Opened new cursor: ManagedCursorImpl{ledger=public/default/persistent/moonpulsar-native-interop-4.2.4-1790581545902-rsa-moonbit, name=moonpulsar-encryption-consume-1790581635162, ackPos=18:-1, readPos=18:0} {}
2026-09-28T07:47:15,170+0000 [bookkeeper-ml-scheduler-OrderedScheduler-3-0] INFO  org.apache.bookkeeper.mledger.impl.ManagedCursorImpl - [public/default/persistent/moonpulsar-native-interop-4.2.4-1790581545902-rsa-moonbit-moonpulsar-encryption-consume-1790581635162] Rewind from 18:0 to 18:0 {}
2026-09-28T07:47:15,171+0000 [pulsar-io-20-35] INFO  org.apache.pulsar.broker.service.persistent.PersistentSubscription - backlog for persistent://public/default/moonpulsar-native-interop-4.2.4-1790581545902-rsa-moonbit - 1 {}
2026-09-28T07:47:15,171+0000 [pulsar-io-20-35] INFO  org.apache.pulsar.broker.service.ServerCnx - [/127.0.0.1:56854] Created subscription on topic persistent://public/default/moonpulsar-native-interop-4.2.4-1790581545902-rsa-moonbit / moonpulsar-encryption-consume-1790581635162 {}
2026-09-28T07:47:15,177+0000 [pulsar-io-20-35] INFO  org.apache.pulsar.metadata.impl.AbstractMetadataStore - Deleting path: /ledgers/idgen/ID-22 (v. Optional.empty) {}
2026-09-28T07:47:15,181+0000 [pulsar-io-20-35] INFO  org.apache.pulsar.metadata.impl.AbstractMetadataStore - Deleted path: /ledgers/idgen/ID-22 (v. Optional.empty) {}
2026-09-28T07:47:15,185+0000 [pulsar-io-20-35] INFO  org.apache.bookkeeper.client.LedgerCreateOp - Ensemble: [127.0.0.1:34055] for ledger: 22 {}
2026-09-28T07:47:15,186+0000 [pulsar-io-20-35] INFO  org.apache.pulsar.broker.service.ServerCnx - [/127.0.0.1:56854] Closing consumer: consumerId=41 {}
2026-09-28T07:47:15,186+0000 [pulsar-io-20-35] INFO  org.apache.pulsar.broker.service.AbstractDispatcherSingleActiveConsumer - Removing consumer Consumer{subscription=PersistentSubscription{topic=persistent://public/default/moonpulsar-native-interop-4.2.4-1790581545902-rsa-moonbit, name=moonpulsar-encryption-consume-1790581635162}, consumerId=41, consumerName=, address=[id: 0x5c8ccaee, L:/127.0.0.1:27666 - R:/127.0.0.1:56854] [SR:127.0.0.1, state:Connected]} {}
2026-09-28T07:47:15,186+0000 [pulsar-io-20-35] INFO  org.apache.pulsar.broker.service.ServerCnx - [/127.0.0.1:56854] Closed consumer, consumerId=41 {}
2026-09-28T07:47:15,189+0000 [pulsar-io-20-35] INFO  org.apache.pulsar.broker.service.ServerCnx - [/127.0.0.1:56854] Created new producer: Producer{topic=PersistentTopic{topic=persistent://public/default/moonpulsar-native-interop-4.2.4-1790581545902-rsa-moonbit}, client=[id: 0x5c8ccaee, L:/127.0.0.1:27666 - R:/127.0.0.1:56854] [SR:127.0.0.1, state:Connected], producerName=standalone-0-12, producerId=47}, role: null {}
2026-09-28T07:47:15,192+0000 [bookkeeper-ml-scheduler-OrderedScheduler-3-0] INFO  org.apache.bookkeeper.mledger.impl.ManagedCursorImpl - [public/default/persistent/moonpulsar-native-interop-4.2.4-1790581545902-rsa-moonbit] Updated cursor moonpulsar-encryption-consume-1790581635162 with ledger id 22 md-position=18:0 rd-position=18:1 {}
2026-09-28T07:47:15,193+0000 [pulsar-io-20-35] INFO  org.apache.pulsar.broker.service.ServerCnx - [PersistentTopic{topic=persistent://public/default/moonpulsar-native-interop-4.2.4-1790581545902-rsa-moonbit}][standalone-0-12] Closing producer on cnx /127.0.0.1:56854. producerId=47 {}
2026-09-28T07:47:15,194+0000 [pulsar-io-20-35] INFO  org.apache.pulsar.broker.service.ServerCnx - [PersistentTopic{topic=persistent://public/default/moonpulsar-native-interop-4.2.4-1790581545902-rsa-moonbit}][standalone-0-12] Closed producer on cnx /127.0.0.1:56854. producerId=47 {}
2026-09-28T07:47:15,196+0000 [pulsar-io-20-35] INFO  org.apache.pulsar.broker.service.ServerCnx - [[id: 0x5c8ccaee, L:/127.0.0.1:27666 - R:/127.0.0.1:56854] [SR:127.0.0.1, state:Connected]] Subscribing on topic persistent://public/default/moonpulsar-native-interop-4.2.4-1790581545902-rsa-moonbit / moonpulsar-encryption-discard-1790581635194. consumerId: 52, role: null {}
2026-09-28T07:47:15,197+0000 [ForkJoinPool.commonPool-worker-4] INFO  org.apache.bookkeeper.mledger.impl.ManagedCursorImpl - [public/default/persistent/moonpulsar-native-interop-4.2.4-1790581545902-rsa-moonbit] Cursor moonpulsar-encryption-discard-1790581635194 recovered to position 18:-1 {}
2026-09-28T07:47:15,201+0000 [bookkeeper-ml-scheduler-OrderedScheduler-3-0] INFO  org.apache.bookkeeper.mledger.impl.ManagedLedgerImpl - [public/default/persistent/moonpulsar-native-interop-4.2.4-1790581545902-rsa-moonbit] Opened new cursor: ManagedCursorImpl{ledger=public/default/persistent/moonpulsar-native-interop-4.2.4-1790581545902-rsa-moonbit, name=moonpulsar-encryption-discard-1790581635194, ackPos=18:-1, readPos=18:0} {}
2026-09-28T07:47:15,203+0000 [bookkeeper-ml-scheduler-OrderedScheduler-3-0] INFO  org.apache.bookkeeper.mledger.impl.ManagedCursorImpl - [public/default/persistent/moonpulsar-native-interop-4.2.4-1790581545902-rsa-moonbit-moonpulsar-encryption-discard-1790581635194] Rewind from 18:0 to 18:0 {}
2026-09-28T07:47:15,203+0000 [pulsar-io-20-35] INFO  org.apache.pulsar.broker.service.persistent.PersistentSubscription - backlog for persistent://public/default/moonpulsar-native-interop-4.2.4-1790581545902-rsa-moonbit - 2 {}
2026-09-28T07:47:15,204+0000 [pulsar-io-20-35] INFO  org.apache.pulsar.broker.service.ServerCnx - [/127.0.0.1:56854] Created subscription on topic persistent://public/default/moonpulsar-native-interop-4.2.4-1790581545902-rsa-moonbit / moonpulsar-encryption-discard-1790581635194 {}
2026-09-28T07:47:15,214+0000 [pulsar-io-20-35] INFO  org.apache.pulsar.metadata.impl.AbstractMetadataStore - Deleting path: /ledgers/idgen/ID-23 (v. Optional.empty) {}
2026-09-28T07:47:15,218+0000 [pulsar-io-20-35] INFO  org.apache.pulsar.metadata.impl.AbstractMetadataStore - Deleted path: /ledgers/idgen/ID-23 (v. Optional.empty) {}
2026-09-28T07:47:15,222+0000 [pulsar-io-20-35] INFO  org.apache.bookkeeper.client.LedgerCreateOp - Ensemble: [127.0.0.1:34055] for ledger: 23 {}
2026-09-28T07:47:15,224+0000 [pulsar-io-20-35] INFO  org.apache.pulsar.broker.service.ServerCnx - [/127.0.0.1:56854] Closing consumer: consumerId=52 {}
2026-09-28T07:47:15,224+0000 [pulsar-io-20-35] INFO  org.apache.pulsar.broker.service.AbstractDispatcherSingleActiveConsumer - Removing consumer Consumer{subscription=PersistentSubscription{topic=persistent://public/default/moonpulsar-native-interop-4.2.4-1790581545902-rsa-moonbit, name=moonpulsar-encryption-discard-1790581635194}, consumerId=52, consumerName=, address=[id: 0x5c8ccaee, L:/127.0.0.1:27666 - R:/127.0.0.1:56854] [SR:127.0.0.1, state:Connected]} {}
2026-09-28T07:47:15,224+0000 [pulsar-io-20-35] INFO  org.apache.pulsar.broker.service.ServerCnx - [/127.0.0.1:56854] Closed consumer, consumerId=52 {}
2026-09-28T07:47:15,227+0000 [pulsar-io-20-35] INFO  org.apache.pulsar.broker.service.ServerCnx - [[id: 0x5c8ccaee, L:/127.0.0.1:27666 - R:/127.0.0.1:56854] [SR:127.0.0.1, state:Connected]] Subscribing on topic persistent://public/default/moonpulsar-native-interop-4.2.4-1790581545902-rsa-retry-source / moonpulsar-crypto-retry-1790581635224. consumerId: 58, role: null {}
2026-09-28T07:47:15,229+0000 [bookkeeper-ml-scheduler-OrderedScheduler-3-0] INFO  org.apache.bookkeeper.mledger.impl.ManagedCursorImpl - [public/default/persistent/moonpulsar-native-interop-4.2.4-1790581545902-rsa-moonbit] Updated cursor moonpulsar-encryption-discard-1790581635194 with ledger id 23 md-position=18:1 rd-position=18:2 {}
2026-09-28T07:47:15,230+0000 [pulsar-19-6] INFO  org.apache.bookkeeper.mledger.impl.ManagedLedgerImpl - Opening managed ledger public/default/persistent/moonpulsar-native-interop-4.2.4-1790581545902-rsa-retry-source {}
2026-09-28T07:47:15,230+0000 [bookkeeper-ml-scheduler-OrderedScheduler-3-0] INFO  org.apache.bookkeeper.mledger.impl.MetaStoreImpl - Creating '/managed-ledgers/public/default/persistent/moonpulsar-native-interop-4.2.4-1790581545902-rsa-retry-source' {}
2026-09-28T07:47:15,238+0000 [bookkeeper-ml-scheduler-OrderedScheduler-3-0] INFO  org.apache.pulsar.metadata.impl.AbstractMetadataStore - Deleting path: /ledgers/idgen/ID-24 (v. Optional.empty) {}
2026-09-28T07:47:15,241+0000 [bookkeeper-ml-scheduler-OrderedScheduler-3-0] INFO  org.apache.pulsar.metadata.impl.AbstractMetadataStore - Deleted path: /ledgers/idgen/ID-24 (v. Optional.empty) {}
2026-09-28T07:47:15,245+0000 [bookkeeper-ml-scheduler-OrderedScheduler-3-0] INFO  org.apache.bookkeeper.client.LedgerCreateOp - Ensemble: [127.0.0.1:34055] for ledger: 24 {}
2026-09-28T07:47:15,245+0000 [BookKeeperClientWorker-OrderedExecutor-15-0] INFO  org.apache.bookkeeper.mledger.impl.ManagedLedgerImpl - [public/default/persistent/moonpulsar-native-interop-4.2.4-1790581545902-rsa-retry-source] Created ledger 24 after closed null {}
2026-09-28T07:47:15,249+0000 [bookkeeper-ml-scheduler-OrderedScheduler-3-0] INFO  org.apache.bookkeeper.mledger.impl.ManagedLedgerFactoryImpl - [public/default/persistent/moonpulsar-native-interop-4.2.4-1790581545902-rsa-retry-source] Successfully initialize managed ledger {}
2026-09-28T07:47:15,251+0000 [broker-topic-workers-OrderedExecutor-5-0] INFO  org.apache.pulsar.broker.service.BrokerService - Created topic persistent://public/default/moonpulsar-native-interop-4.2.4-1790581545902-rsa-retry-source - dedup is disabled (latency: total: 22 ms, system topic: 180 us, properties: 720 us, ml-config: 631 us, open-ml: 20 ms, init: 1 ms, done: 66 us) {}
2026-09-28T07:47:15,251+0000 [ForkJoinPool.commonPool-worker-2] INFO  org.apache.bookkeeper.mledger.impl.ManagedCursorImpl - [public/default/persistent/moonpulsar-native-interop-4.2.4-1790581545902-rsa-retry-source] Cursor moonpulsar-crypto-retry-1790581635224 recovered to position 24:-1 {}
2026-09-28T07:47:15,255+0000 [bookkeeper-ml-scheduler-OrderedScheduler-3-0] INFO  org.apache.bookkeeper.mledger.impl.ManagedLedgerImpl - [public/default/persistent/moonpulsar-native-interop-4.2.4-1790581545902-rsa-retry-source] Opened new cursor: ManagedCursorImpl{ledger=public/default/persistent/moonpulsar-native-interop-4.2.4-1790581545902-rsa-retry-source, name=moonpulsar-crypto-retry-1790581635224, ackPos=24:-1, readPos=24:0} {}
2026-09-28T07:47:15,276+0000 [bookkeeper-ml-scheduler-OrderedScheduler-3-0] INFO  org.apache.bookkeeper.mledger.impl.ManagedCursorImpl - [public/default/persistent/moonpulsar-native-interop-4.2.4-1790581545902-rsa-retry-source-moonpulsar-crypto-retry-1790581635224] Rewind from 24:0 to 24:0 {}
2026-09-28T07:47:15,277+0000 [pulsar-io-20-35] INFO  org.apache.pulsar.broker.service.persistent.PersistentSubscription - backlog for persistent://public/default/moonpulsar-native-interop-4.2.4-1790581545902-rsa-retry-source - 0 {}
2026-09-28T07:47:15,277+0000 [pulsar-io-20-35] INFO  org.apache.pulsar.broker.service.ServerCnx - [/127.0.0.1:56854] Created subscription on topic persistent://public/default/moonpulsar-native-interop-4.2.4-1790581545902-rsa-retry-source / moonpulsar-crypto-retry-1790581635224 {}
2026-09-28T07:47:15,282+0000 [pulsar-io-20-35] INFO  org.apache.pulsar.broker.service.ServerCnx - [[id: 0x5c8ccaee, L:/127.0.0.1:27666 - R:/127.0.0.1:56854] [SR:127.0.0.1, state:Connected]] Subscribing on topic persistent://public/default/moonpulsar-native-interop-4.2.4-1790581545902-rsa-retry / moonpulsar-crypto-retry-1790581635224. consumerId: 62, role: null {}
2026-09-28T07:47:15,285+0000 [ForkJoinPool.commonPool-worker-2] INFO  org.apache.bookkeeper.mledger.impl.ManagedLedgerImpl - Opening managed ledger public/default/persistent/moonpulsar-native-interop-4.2.4-1790581545902-rsa-retry {}
2026-09-28T07:47:15,285+0000 [bookkeeper-ml-scheduler-OrderedScheduler-1-0] INFO  org.apache.bookkeeper.mledger.impl.MetaStoreImpl - Creating '/managed-ledgers/public/default/persistent/moonpulsar-native-interop-4.2.4-1790581545902-rsa-retry' {}
2026-09-28T07:47:15,293+0000 [bookkeeper-ml-scheduler-OrderedScheduler-1-0] INFO  org.apache.pulsar.metadata.impl.AbstractMetadataStore - Deleting path: /ledgers/idgen/ID-25 (v. Optional.empty) {}
2026-09-28T07:47:15,296+0000 [bookkeeper-ml-scheduler-OrderedScheduler-1-0] INFO  org.apache.pulsar.metadata.impl.AbstractMetadataStore - Deleted path: /ledgers/idgen/ID-25 (v. Optional.empty) {}
2026-09-28T07:47:15,301+0000 [bookkeeper-ml-scheduler-OrderedScheduler-1-0] INFO  org.apache.bookkeeper.client.LedgerCreateOp - Ensemble: [127.0.0.1:34055] for ledger: 25 {}
2026-09-28T07:47:15,301+0000 [BookKeeperClientWorker-OrderedExecutor-5-0] INFO  org.apache.bookkeeper.mledger.impl.ManagedLedgerImpl - [public/default/persistent/moonpulsar-native-interop-4.2.4-1790581545902-rsa-retry] Created ledger 25 after closed null {}
2026-09-28T07:47:15,305+0000 [bookkeeper-ml-scheduler-OrderedScheduler-1-0] INFO  org.apache.bookkeeper.mledger.impl.ManagedLedgerFactoryImpl - [public/default/persistent/moonpulsar-native-interop-4.2.4-1790581545902-rsa-retry] Successfully initialize managed ledger {}
2026-09-28T07:47:15,306+0000 [broker-topic-workers-OrderedExecutor-6-0] INFO  org.apache.pulsar.broker.service.BrokerService - Created topic persistent://public/default/moonpulsar-native-interop-4.2.4-1790581545902-rsa-retry - dedup is disabled (latency: total: 23 ms, system topic: 245 us, properties: 977 us, ml-config: 579 us, open-ml: 21 ms, init: 743 us, done: 70 us) {}
2026-09-28T07:47:15,308+0000 [ForkJoinPool.commonPool-worker-3] INFO  org.apache.bookkeeper.mledger.impl.ManagedCursorImpl - [public/default/persistent/moonpulsar-native-interop-4.2.4-1790581545902-rsa-retry] Cursor moonpulsar-crypto-retry-1790581635224 recovered to position 25:-1 {}
2026-09-28T07:47:15,312+0000 [bookkeeper-ml-scheduler-OrderedScheduler-1-0] INFO  org.apache.bookkeeper.mledger.impl.ManagedLedgerImpl - [public/default/persistent/moonpulsar-native-interop-4.2.4-1790581545902-rsa-retry] Opened new cursor: ManagedCursorImpl{ledger=public/default/persistent/moonpulsar-native-interop-4.2.4-1790581545902-rsa-retry, name=moonpulsar-crypto-retry-1790581635224, ackPos=25:-1, readPos=25:0} {}
2026-09-28T07:47:15,313+0000 [bookkeeper-ml-scheduler-OrderedScheduler-1-0] INFO  org.apache.bookkeeper.mledger.impl.ManagedCursorImpl - [public/default/persistent/moonpulsar-native-interop-4.2.4-1790581545902-rsa-retry-moonpulsar-crypto-retry-1790581635224] Rewind from 25:0 to 25:0 {}
2026-09-28T07:47:15,313+0000 [pulsar-io-20-35] INFO  org.apache.pulsar.broker.service.persistent.PersistentSubscription - backlog for persistent://public/default/moonpulsar-native-interop-4.2.4-1790581545902-rsa-retry - 0 {}
2026-09-28T07:47:15,313+0000 [pulsar-io-20-35] INFO  org.apache.pulsar.broker.service.ServerCnx - [/127.0.0.1:56854] Created subscription on topic persistent://public/default/moonpulsar-native-interop-4.2.4-1790581545902-rsa-retry / moonpulsar-crypto-retry-1790581635224 {}
2026-09-28T07:47:15,319+0000 [ForkJoinPool.commonPool-worker-2] INFO  org.apache.bookkeeper.mledger.impl.ManagedLedgerImpl - Opening managed ledger public/default/persistent/moonpulsar-native-interop-4.2.4-1790581545902-rsa-dlq {}
2026-09-28T07:47:15,319+0000 [bookkeeper-ml-scheduler-OrderedScheduler-1-0] INFO  org.apache.bookkeeper.mledger.impl.MetaStoreImpl - Creating '/managed-ledgers/public/default/persistent/moonpulsar-native-interop-4.2.4-1790581545902-rsa-dlq' {}
2026-09-28T07:47:15,327+0000 [bookkeeper-ml-scheduler-OrderedScheduler-1-0] INFO  org.apache.pulsar.metadata.impl.AbstractMetadataStore - Deleting path: /ledgers/idgen/ID-26 (v. Optional.empty) {}
2026-09-28T07:47:15,331+0000 [bookkeeper-ml-scheduler-OrderedScheduler-1-0] INFO  org.apache.pulsar.metadata.impl.AbstractMetadataStore - Deleted path: /ledgers/idgen/ID-26 (v. Optional.empty) {}
2026-09-28T07:47:15,335+0000 [bookkeeper-ml-scheduler-OrderedScheduler-1-0] INFO  org.apache.bookkeeper.client.LedgerCreateOp - Ensemble: [127.0.0.1:34055] for ledger: 26 {}
2026-09-28T07:47:15,335+0000 [BookKeeperClientWorker-OrderedExecutor-21-0] INFO  org.apache.bookkeeper.mledger.impl.ManagedLedgerImpl - [public/default/persistent/moonpulsar-native-interop-4.2.4-1790581545902-rsa-dlq] Created ledger 26 after closed null {}
2026-09-28T07:47:15,339+0000 [bookkeeper-ml-scheduler-OrderedScheduler-1-0] INFO  org.apache.bookkeeper.mledger.impl.ManagedLedgerFactoryImpl - [public/default/persistent/moonpulsar-native-interop-4.2.4-1790581545902-rsa-dlq] Successfully initialize managed ledger {}
2026-09-28T07:47:15,340+0000 [broker-topic-workers-OrderedExecutor-7-0] INFO  org.apache.pulsar.broker.service.BrokerService - Created topic persistent://public/default/moonpulsar-native-interop-4.2.4-1790581545902-rsa-dlq - dedup is disabled (latency: total: 22 ms, system topic: 135 us, properties: 724 us, ml-config: 555 us, open-ml: 20 ms, init: 774 us, done: 86 us) {}
2026-09-28T07:47:15,341+0000 [pulsar-io-20-35] INFO  org.apache.pulsar.broker.service.ServerCnx - [/127.0.0.1:56854] Created new producer: Producer{topic=PersistentTopic{topic=persistent://public/default/moonpulsar-native-interop-4.2.4-1790581545902-rsa-dlq}, client=[id: 0x5c8ccaee, L:/127.0.0.1:27666 - R:/127.0.0.1:56854] [SR:127.0.0.1, state:Connected], producerName=standalone-0-13, producerId=66}, role: null {}
2026-09-28T07:47:15,345+0000 [pulsar-io-20-35] INFO  org.apache.pulsar.broker.service.ServerCnx - [/127.0.0.1:56854] Created new producer: Producer{topic=PersistentTopic{topic=persistent://public/default/moonpulsar-native-interop-4.2.4-1790581545902-rsa-retry}, client=[id: 0x5c8ccaee, L:/127.0.0.1:27666 - R:/127.0.0.1:56854] [SR:127.0.0.1, state:Connected], producerName=standalone-0-14, producerId=70}, role: null {}
2026-09-28T07:47:15,348+0000 [pulsar-io-20-35] INFO  org.apache.pulsar.broker.service.ServerCnx - [[id: 0x5c8ccaee, L:/127.0.0.1:27666 - R:/127.0.0.1:56854] [SR:127.0.0.1, state:Connected]] Subscribing on topic persistent://public/default/moonpulsar-native-interop-4.2.4-1790581545902-rsa-dlq / moonpulsar-crypto-dlq-1790581635345. consumerId: 74, role: null {}
2026-09-28T07:47:15,348+0000 [ForkJoinPool.commonPool-worker-3] INFO  org.apache.bookkeeper.mledger.impl.ManagedCursorImpl - [public/default/persistent/moonpulsar-native-interop-4.2.4-1790581545902-rsa-dlq] Cursor moonpulsar-crypto-dlq-1790581635345 recovered to position 26:-1 {}
2026-09-28T07:47:15,353+0000 [bookkeeper-ml-scheduler-OrderedScheduler-1-0] INFO  org.apache.bookkeeper.mledger.impl.ManagedLedgerImpl - [public/default/persistent/moonpulsar-native-interop-4.2.4-1790581545902-rsa-dlq] Opened new cursor: ManagedCursorImpl{ledger=public/default/persistent/moonpulsar-native-interop-4.2.4-1790581545902-rsa-dlq, name=moonpulsar-crypto-dlq-1790581635345, ackPos=26:-1, readPos=26:0} {}
2026-09-28T07:47:15,353+0000 [bookkeeper-ml-scheduler-OrderedScheduler-1-0] INFO  org.apache.bookkeeper.mledger.impl.ManagedCursorImpl - [public/default/persistent/moonpulsar-native-interop-4.2.4-1790581545902-rsa-dlq-moonpulsar-crypto-dlq-1790581635345] Rewind from 26:0 to 26:0 {}
2026-09-28T07:47:15,353+0000 [pulsar-io-20-35] INFO  org.apache.pulsar.broker.service.persistent.PersistentSubscription - backlog for persistent://public/default/moonpulsar-native-interop-4.2.4-1790581545902-rsa-dlq - 0 {}
2026-09-28T07:47:15,354+0000 [pulsar-io-20-35] INFO  org.apache.pulsar.broker.service.ServerCnx - [/127.0.0.1:56854] Created subscription on topic persistent://public/default/moonpulsar-native-interop-4.2.4-1790581545902-rsa-dlq / moonpulsar-crypto-dlq-1790581635345 {}
2026-09-28T07:47:15,357+0000 [pulsar-io-20-35] INFO  org.apache.pulsar.broker.service.ServerCnx - [/127.0.0.1:56854] Created new producer: Producer{topic=PersistentTopic{topic=persistent://public/default/moonpulsar-native-interop-4.2.4-1790581545902-rsa-retry-source}, client=[id: 0x5c8ccaee, L:/127.0.0.1:27666 - R:/127.0.0.1:56854] [SR:127.0.0.1, state:Connected], producerName=standalone-0-15, producerId=78}, role: null {}
2026-09-28T07:47:15,485+0000 [pulsar-io-20-35] INFO  org.apache.pulsar.metadata.impl.AbstractMetadataStore - Deleting path: /ledgers/idgen/ID-27 (v. Optional.empty) {}
2026-09-28T07:47:15,489+0000 [pulsar-io-20-35] INFO  org.apache.pulsar.metadata.impl.AbstractMetadataStore - Deleted path: /ledgers/idgen/ID-27 (v. Optional.empty) {}
2026-09-28T07:47:15,493+0000 [pulsar-io-20-35] INFO  org.apache.bookkeeper.client.LedgerCreateOp - Ensemble: [127.0.0.1:34055] for ledger: 27 {}
2026-09-28T07:47:15,499+0000 [bookkeeper-ml-scheduler-OrderedScheduler-3-0] INFO  org.apache.bookkeeper.mledger.impl.ManagedCursorImpl - [public/default/persistent/moonpulsar-native-interop-4.2.4-1790581545902-rsa-retry-source] Updated cursor moonpulsar-crypto-retry-1790581635224 with ledger id 27 md-position=24:0 rd-position=24:1 {}
2026-09-28T07:47:15,610+0000 [pulsar-io-20-35] INFO  org.apache.pulsar.metadata.impl.AbstractMetadataStore - Deleting path: /ledgers/idgen/ID-28 (v. Optional.empty) {}
2026-09-28T07:47:15,613+0000 [pulsar-io-20-35] INFO  org.apache.pulsar.metadata.impl.AbstractMetadataStore - Deleted path: /ledgers/idgen/ID-28 (v. Optional.empty) {}
2026-09-28T07:47:15,617+0000 [pulsar-io-20-35] INFO  org.apache.bookkeeper.client.LedgerCreateOp - Ensemble: [127.0.0.1:34055] for ledger: 28 {}
2026-09-28T07:47:15,624+0000 [bookkeeper-ml-scheduler-OrderedScheduler-1-0] INFO  org.apache.bookkeeper.mledger.impl.ManagedCursorImpl - [public/default/persistent/moonpulsar-native-interop-4.2.4-1790581545902-rsa-retry] Updated cursor moonpulsar-crypto-retry-1790581635224 with ledger id 28 md-position=25:0 rd-position=25:1 {}
2026-09-28T07:47:15,713+0000 [pulsar-io-20-35] INFO  org.apache.pulsar.metadata.impl.AbstractMetadataStore - Deleting path: /ledgers/idgen/ID-29 (v. Optional.empty) {}
2026-09-28T07:47:15,717+0000 [pulsar-io-20-35] INFO  org.apache.pulsar.metadata.impl.AbstractMetadataStore - Deleted path: /ledgers/idgen/ID-29 (v. Optional.empty) {}
2026-09-28T07:47:15,721+0000 [pulsar-io-20-35] INFO  org.apache.bookkeeper.client.LedgerCreateOp - Ensemble: [127.0.0.1:34055] for ledger: 29 {}
2026-09-28T07:47:15,721+0000 [pulsar-io-20-35] INFO  org.apache.pulsar.broker.service.ServerCnx - [PersistentTopic{topic=persistent://public/default/moonpulsar-native-interop-4.2.4-1790581545902-rsa-retry-source}][standalone-0-15] Closing producer on cnx /127.0.0.1:56854. producerId=78 {}
2026-09-28T07:47:15,722+0000 [pulsar-io-20-35] INFO  org.apache.pulsar.broker.service.ServerCnx - [PersistentTopic{topic=persistent://public/default/moonpulsar-native-interop-4.2.4-1790581545902-rsa-retry-source}][standalone-0-15] Closed producer on cnx /127.0.0.1:56854. producerId=78 {}
2026-09-28T07:47:15,722+0000 [pulsar-io-20-35] INFO  org.apache.pulsar.broker.service.ServerCnx - [/127.0.0.1:56854] Closing consumer: consumerId=58 {}
2026-09-28T07:47:15,727+0000 [bookkeeper-ml-scheduler-OrderedScheduler-1-0] INFO  org.apache.bookkeeper.mledger.impl.ManagedCursorImpl - [public/default/persistent/moonpulsar-native-interop-4.2.4-1790581545902-rsa-dlq] Updated cursor moonpulsar-crypto-dlq-1790581635345 with ledger id 29 md-position=26:0 rd-position=26:1 {}
2026-09-28T07:47:15,730+0000 [pulsar-io-20-35] INFO  org.apache.pulsar.broker.service.persistent.PersistentDispatcherMultipleConsumers - Removed consumer Consumer{subscription=PersistentSubscription{topic=persistent://public/default/moonpulsar-native-interop-4.2.4-1790581545902-rsa-retry-source, name=moonpulsar-crypto-retry-1790581635224}, consumerId=58, consumerName=, address=[id: 0x5c8ccaee, L:/127.0.0.1:27666 - R:/127.0.0.1:56854] [SR:127.0.0.1, state:Connected]} with pending 0 acks {}
2026-09-28T07:47:15,730+0000 [pulsar-io-20-35] INFO  org.apache.pulsar.broker.service.ServerCnx - [/127.0.0.1:56854] Closed consumer, consumerId=58 {}
2026-09-28T07:47:15,731+0000 [pulsar-io-20-35] INFO  org.apache.pulsar.broker.service.ServerCnx - [/127.0.0.1:56854] Closing consumer: consumerId=62 {}
2026-09-28T07:47:15,731+0000 [pulsar-io-20-35] INFO  org.apache.pulsar.broker.service.persistent.PersistentDispatcherMultipleConsumers - Removed consumer Consumer{subscription=PersistentSubscription{topic=persistent://public/default/moonpulsar-native-interop-4.2.4-1790581545902-rsa-retry, name=moonpulsar-crypto-retry-1790581635224}, consumerId=62, consumerName=, address=[id: 0x5c8ccaee, L:/127.0.0.1:27666 - R:/127.0.0.1:56854] [SR:127.0.0.1, state:Connected]} with pending 0 acks {}
2026-09-28T07:47:15,731+0000 [pulsar-io-20-35] INFO  org.apache.pulsar.broker.service.ServerCnx - [/127.0.0.1:56854] Closed consumer, consumerId=62 {}
2026-09-28T07:47:15,731+0000 [pulsar-io-20-35] INFO  org.apache.pulsar.broker.service.ServerCnx - [PersistentTopic{topic=persistent://public/default/moonpulsar-native-interop-4.2.4-1790581545902-rsa-dlq}][standalone-0-13] Closing producer on cnx /127.0.0.1:56854. producerId=66 {}
2026-09-28T07:47:15,731+0000 [pulsar-io-20-35] INFO  org.apache.pulsar.broker.service.ServerCnx - [PersistentTopic{topic=persistent://public/default/moonpulsar-native-interop-4.2.4-1790581545902-rsa-dlq}][standalone-0-13] Closed producer on cnx /127.0.0.1:56854. producerId=66 {}
2026-09-28T07:47:15,732+0000 [pulsar-io-20-35] INFO  org.apache.pulsar.broker.service.ServerCnx - [PersistentTopic{topic=persistent://public/default/moonpulsar-native-interop-4.2.4-1790581545902-rsa-retry}][standalone-0-14] Closing producer on cnx /127.0.0.1:56854. producerId=70 {}
2026-09-28T07:47:15,732+0000 [pulsar-io-20-35] INFO  org.apache.pulsar.broker.service.ServerCnx - [PersistentTopic{topic=persistent://public/default/moonpulsar-native-interop-4.2.4-1790581545902-rsa-retry}][standalone-0-14] Closed producer on cnx /127.0.0.1:56854. producerId=70 {}
2026-09-28T07:47:15,732+0000 [pulsar-io-20-35] INFO  org.apache.pulsar.broker.service.ServerCnx - [/127.0.0.1:56854] Closing consumer: consumerId=74 {}
2026-09-28T07:47:15,732+0000 [pulsar-io-20-35] INFO  org.apache.pulsar.broker.service.AbstractDispatcherSingleActiveConsumer - Removing consumer Consumer{subscription=PersistentSubscription{topic=persistent://public/default/moonpulsar-native-interop-4.2.4-1790581545902-rsa-dlq, name=moonpulsar-crypto-dlq-1790581635345}, consumerId=74, consumerName=, address=[id: 0x5c8ccaee, L:/127.0.0.1:27666 - R:/127.0.0.1:56854] [SR:127.0.0.1, state:Connected]} {}
2026-09-28T07:47:15,733+0000 [pulsar-io-20-35] INFO  org.apache.pulsar.broker.service.ServerCnx - [/127.0.0.1:56854] Closed consumer, consumerId=74 {}
2026-09-28T07:47:15,735+0000 [pulsar-io-20-35] INFO  org.apache.pulsar.broker.service.ServerCnx - [[id: 0x5c8ccaee, L:/127.0.0.1:27666 - R:/127.0.0.1:56854] [SR:127.0.0.1, state:Connected]] Subscribing on topic persistent://public/default/moonpulsar-native-interop-4.2.4-1790581545902-rsa-retry / reader-88-1790581635734. consumerId: 88, role: null {}
2026-09-28T07:47:15,735+0000 [ForkJoinPool.commonPool-worker-2] INFO  org.apache.pulsar.broker.service.persistent.PersistentTopic - [persistent://public/default/moonpulsar-native-interop-4.2.4-1790581545902-rsa-retry][reader-88-1790581635734] Creating non-durable subscription at msg id -1:-1:-1:-1 - {} {}
2026-09-28T07:47:15,735+0000 [ForkJoinPool.commonPool-worker-2] INFO  org.apache.bookkeeper.mledger.impl.NonDurableCursorImpl - [public/default/persistent/moonpulsar-native-interop-4.2.4-1790581545902-rsa-retry] Created non-durable cursor read-position=25:0 mark-delete-position=25:-1 {}
2026-09-28T07:47:15,735+0000 [ForkJoinPool.commonPool-worker-2] INFO  org.apache.bookkeeper.mledger.impl.ManagedLedgerImpl - [public/default/persistent/moonpulsar-native-interop-4.2.4-1790581545902-rsa-retry] Opened new cursor: NonDurableCursorImpl{ledger=public/default/persistent/moonpulsar-native-interop-4.2.4-1790581545902-rsa-retry, cursor=reader-88-1790581635734, ackPos=25:-1, readPos=25:0} {}
2026-09-28T07:47:15,736+0000 [ForkJoinPool.commonPool-worker-2] INFO  org.apache.bookkeeper.mledger.impl.ManagedCursorImpl - [public/default/persistent/moonpulsar-native-interop-4.2.4-1790581545902-rsa-retry-reader-88-1790581635734] Rewind from 25:0 to 25:0 {}
2026-09-28T07:47:15,736+0000 [pulsar-io-20-35] INFO  org.apache.pulsar.broker.service.persistent.PersistentSubscription - backlog for persistent://public/default/moonpulsar-native-interop-4.2.4-1790581545902-rsa-retry - 1 {}
2026-09-28T07:47:15,736+0000 [pulsar-io-20-35] INFO  org.apache.pulsar.broker.service.ServerCnx - [/127.0.0.1:56854] Created subscription on topic persistent://public/default/moonpulsar-native-interop-4.2.4-1790581545902-rsa-retry / reader-88-1790581635734 {}
2026-09-28T07:47:15,737+0000 [pulsar-io-20-35] INFO  org.apache.pulsar.broker.service.ServerCnx - [/127.0.0.1:56854] Closing consumer: consumerId=88 {}
2026-09-28T07:47:15,737+0000 [pulsar-io-20-35] INFO  org.apache.pulsar.broker.service.AbstractDispatcherSingleActiveConsumer - Removing consumer Consumer{subscription=PersistentSubscription{topic=persistent://public/default/moonpulsar-native-interop-4.2.4-1790581545902-rsa-retry, name=reader-88-1790581635734}, consumerId=88, consumerName=, address=[id: 0x5c8ccaee, L:/127.0.0.1:27666 - R:/127.0.0.1:56854] [SR:127.0.0.1, state:Connected]} {}
2026-09-28T07:47:15,737+0000 [pulsar-io-20-35] INFO  org.apache.pulsar.broker.service.persistent.PersistentSubscription - [persistent://public/default/moonpulsar-native-interop-4.2.4-1790581545902-rsa-retry][reader-88-1790581635734] Successfully closed subscription [NonDurableCursorImpl{ledger=public/default/persistent/moonpulsar-native-interop-4.2.4-1790581545902-rsa-retry, cursor=reader-88-1790581635734, ackPos=25:-1, readPos=25:1}] {}
2026-09-28T07:47:15,737+0000 [pulsar-io-20-35] INFO  org.apache.pulsar.broker.service.persistent.PersistentSubscription - [persistent://public/default/moonpulsar-native-interop-4.2.4-1790581545902-rsa-retry][reader-88-1790581635734] Successfully closed dispatcher for reader {}
2026-09-28T07:47:15,738+0000 [pulsar-io-20-35] INFO  org.apache.pulsar.broker.service.ServerCnx - [/127.0.0.1:56854] Closed consumer, consumerId=88 {}
2026-09-28T07:47:15,738+0000 [pulsar-io-20-35] INFO  org.apache.pulsar.broker.service.ServerCnx - [/127.0.0.1:56854] Closing consumer: consumerId=88 {}
2026-09-28T07:47:15,738+0000 [pulsar-io-20-35] INFO  org.apache.pulsar.broker.service.ServerCnx - [88] Consumer was not registered on the connection: /127.0.0.1:56854 {}
2026-09-28T07:47:15,742+0000 [bookkeeper-ml-scheduler-OrderedScheduler-0-0] INFO  org.apache.bookkeeper.mledger.impl.ManagedLedgerImpl - Opening managed ledger public/default/persistent/moonpulsar-native-interop-4.2.4-1790581545902-rsa-table {}
2026-09-28T07:47:15,743+0000 [bookkeeper-ml-scheduler-OrderedScheduler-0-0] INFO  org.apache.bookkeeper.mledger.impl.MetaStoreImpl - Creating '/managed-ledgers/public/default/persistent/moonpulsar-native-interop-4.2.4-1790581545902-rsa-table' {}
2026-09-28T07:47:15,751+0000 [bookkeeper-ml-scheduler-OrderedScheduler-0-0] INFO  org.apache.pulsar.metadata.impl.AbstractMetadataStore - Deleting path: /ledgers/idgen/ID-30 (v. Optional.empty) {}
2026-09-28T07:47:15,754+0000 [bookkeeper-ml-scheduler-OrderedScheduler-0-0] INFO  org.apache.pulsar.metadata.impl.AbstractMetadataStore - Deleted path: /ledgers/idgen/ID-30 (v. Optional.empty) {}
2026-09-28T07:47:15,759+0000 [bookkeeper-ml-scheduler-OrderedScheduler-0-0] INFO  org.apache.bookkeeper.client.LedgerCreateOp - Ensemble: [127.0.0.1:34055] for ledger: 30 {}
2026-09-28T07:47:15,759+0000 [BookKeeperClientWorker-OrderedExecutor-0-0] INFO  org.apache.bookkeeper.mledger.impl.ManagedLedgerImpl - [public/default/persistent/moonpulsar-native-interop-4.2.4-1790581545902-rsa-table] Created ledger 30 after closed null {}
2026-09-28T07:47:15,765+0000 [bookkeeper-ml-scheduler-OrderedScheduler-0-0] INFO  org.apache.bookkeeper.mledger.impl.ManagedLedgerFactoryImpl - [public/default/persistent/moonpulsar-native-interop-4.2.4-1790581545902-rsa-table] Successfully initialize managed ledger {}
2026-09-28T07:47:15,766+0000 [broker-topic-workers-OrderedExecutor-1-0] INFO  org.apache.pulsar.broker.service.BrokerService - Created topic persistent://public/default/moonpulsar-native-interop-4.2.4-1790581545902-rsa-table - dedup is disabled (latency: total: 25 ms, system topic: 120 us, properties: 584 us, ml-config: 887 us, open-ml: 23 ms, init: 612 us, done: 80 us) {}
2026-09-28T07:47:15,771+0000 [pulsar-io-20-35] INFO  org.apache.pulsar.metadata.impl.AbstractMetadataStore - Deleting path: /ledgers/idgen/ID-31 (v. Optional.empty) {}
2026-09-28T07:47:15,775+0000 [pulsar-io-20-35] INFO  org.apache.pulsar.metadata.impl.AbstractMetadataStore - Deleted path: /ledgers/idgen/ID-31 (v. Optional.empty) {}
2026-09-28T07:47:15,779+0000 [pulsar-io-20-35] INFO  org.apache.bookkeeper.client.LedgerCreateOp - Ensemble: [127.0.0.1:34055] for ledger: 31 {}
2026-09-28T07:47:15,789+0000 [pulsar-io-20-35] INFO  org.apache.pulsar.broker.service.ServerCnx - [/127.0.0.1:56854] Created new producer: Producer{topic=PersistentTopic{topic=persistent://public/default/moonpulsar-native-interop-4.2.4-1790581545902-rsa-table}, client=[id: 0x5c8ccaee, L:/127.0.0.1:27666 - R:/127.0.0.1:56854] [SR:127.0.0.1, state:Connected], producerName=standalone-0-16, producerId=94}, role: null {}
2026-09-28T07:47:15,799+0000 [pulsar-io-20-35] INFO  org.apache.pulsar.broker.service.ServerCnx - [[id: 0x5c8ccaee, L:/127.0.0.1:27666 - R:/127.0.0.1:56854] [SR:127.0.0.1, state:Connected]] Subscribing on topic persistent://public/default/moonpulsar-native-interop-4.2.4-1790581545902-rsa-table / reader-98-1790581635798. consumerId: 98, role: null {}
2026-09-28T07:47:15,823+0000 [BookKeeperClientWorker-OrderedExecutor-15-0] INFO  org.apache.pulsar.broker.service.persistent.PersistentTopic - [persistent://public/default/moonpulsar-native-interop-4.2.4-1790581545902-rsa-table][reader-98-1790581635798] Creating non-durable subscription at msg id -1:-1:-1:-1 - {} {}
2026-09-28T07:47:15,823+0000 [BookKeeperClientWorker-OrderedExecutor-15-0] INFO  org.apache.bookkeeper.mledger.impl.NonDurableCursorImpl - [public/default/persistent/moonpulsar-native-interop-4.2.4-1790581545902-rsa-table] Created non-durable cursor read-position=30:0 mark-delete-position=30:-1 {}
2026-09-28T07:47:15,823+0000 [BookKeeperClientWorker-OrderedExecutor-15-0] INFO  org.apache.bookkeeper.mledger.impl.ManagedLedgerImpl - [public/default/persistent/moonpulsar-native-interop-4.2.4-1790581545902-rsa-table] Opened new cursor: NonDurableCursorImpl{ledger=public/default/persistent/moonpulsar-native-interop-4.2.4-1790581545902-rsa-table, cursor=reader-98-1790581635798, ackPos=30:-1, readPos=30:0} {}
2026-09-28T07:47:15,824+0000 [BookKeeperClientWorker-OrderedExecutor-15-0] INFO  org.apache.bookkeeper.mledger.impl.ManagedCursorImpl - [public/default/persistent/moonpulsar-native-interop-4.2.4-1790581545902-rsa-table-reader-98-1790581635798] Rewind from 30:0 to 30:0 {}
2026-09-28T07:47:15,824+0000 [pulsar-io-20-35] INFO  org.apache.pulsar.broker.service.persistent.PersistentSubscription - backlog for persistent://public/default/moonpulsar-native-interop-4.2.4-1790581545902-rsa-table - 1 {}
2026-09-28T07:47:15,824+0000 [pulsar-io-20-35] INFO  org.apache.pulsar.broker.service.ServerCnx - [/127.0.0.1:56854] Created subscription on topic persistent://public/default/moonpulsar-native-interop-4.2.4-1790581545902-rsa-table / reader-98-1790581635798 {}
2026-09-28T07:47:15,932+0000 [pulsar-io-20-35] INFO  org.apache.pulsar.broker.service.ServerCnx - [/127.0.0.1:56854] Closing consumer: consumerId=98 {}
2026-09-28T07:47:15,932+0000 [pulsar-io-20-35] INFO  org.apache.pulsar.broker.service.AbstractDispatcherSingleActiveConsumer - Removing consumer Consumer{subscription=PersistentSubscription{topic=persistent://public/default/moonpulsar-native-interop-4.2.4-1790581545902-rsa-table, name=reader-98-1790581635798}, consumerId=98, consumerName=, address=[id: 0x5c8ccaee, L:/127.0.0.1:27666 - R:/127.0.0.1:56854] [SR:127.0.0.1, state:Connected]} {}
2026-09-28T07:47:15,932+0000 [pulsar-io-20-35] INFO  org.apache.pulsar.broker.service.persistent.PersistentSubscription - [persistent://public/default/moonpulsar-native-interop-4.2.4-1790581545902-rsa-table][reader-98-1790581635798] Successfully closed subscription [NonDurableCursorImpl{ledger=public/default/persistent/moonpulsar-native-interop-4.2.4-1790581545902-rsa-table, cursor=reader-98-1790581635798, ackPos=30:-1, readPos=30:1}] {}
2026-09-28T07:47:15,932+0000 [pulsar-io-20-35] INFO  org.apache.pulsar.broker.service.persistent.PersistentSubscription - [persistent://public/default/moonpulsar-native-interop-4.2.4-1790581545902-rsa-table][reader-98-1790581635798] Successfully closed dispatcher for reader {}
2026-09-28T07:47:15,932+0000 [pulsar-io-20-35] INFO  org.apache.pulsar.broker.service.ServerCnx - [/127.0.0.1:56854] Closed consumer, consumerId=98 {}
2026-09-28T07:47:15,934+0000 [pulsar-io-20-35] INFO  org.apache.pulsar.broker.service.ServerCnx - [[id: 0x5c8ccaee, L:/127.0.0.1:27666 - R:/127.0.0.1:56854] [SR:127.0.0.1, state:Connected]] Subscribing on topic persistent://public/default/moonpulsar-native-interop-4.2.4-1790581545902-rsa-table / reader-105-1790581635934. consumerId: 105, role: null {}
2026-09-28T07:47:15,939+0000 [BookKeeperClientWorker-OrderedExecutor-15-0] INFO  org.apache.pulsar.broker.service.persistent.PersistentTopic - [persistent://public/default/moonpulsar-native-interop-4.2.4-1790581545902-rsa-table][reader-105-1790581635934] Creating non-durable subscription at msg id -1:-1:-1:-1 - {} {}
2026-09-28T07:47:15,939+0000 [BookKeeperClientWorker-OrderedExecutor-15-0] INFO  org.apache.bookkeeper.mledger.impl.NonDurableCursorImpl - [public/default/persistent/moonpulsar-native-interop-4.2.4-1790581545902-rsa-table] Created non-durable cursor read-position=30:0 mark-delete-position=30:-1 {}
2026-09-28T07:47:15,939+0000 [BookKeeperClientWorker-OrderedExecutor-15-0] INFO  org.apache.bookkeeper.mledger.impl.ManagedLedgerImpl - [public/default/persistent/moonpulsar-native-interop-4.2.4-1790581545902-rsa-table] Opened new cursor: NonDurableCursorImpl{ledger=public/default/persistent/moonpulsar-native-interop-4.2.4-1790581545902-rsa-table, cursor=reader-105-1790581635934, ackPos=30:-1, readPos=30:0} {}
2026-09-28T07:47:15,940+0000 [BookKeeperClientWorker-OrderedExecutor-15-0] INFO  org.apache.bookkeeper.mledger.impl.ManagedCursorImpl - [public/default/persistent/moonpulsar-native-interop-4.2.4-1790581545902-rsa-table-reader-105-1790581635934] Rewind from 30:0 to 30:0 {}
2026-09-28T07:47:15,940+0000 [pulsar-io-20-35] INFO  org.apache.pulsar.broker.service.persistent.PersistentSubscription - backlog for persistent://public/default/moonpulsar-native-interop-4.2.4-1790581545902-rsa-table - 1 {}
2026-09-28T07:47:15,940+0000 [pulsar-io-20-35] INFO  org.apache.pulsar.broker.service.ServerCnx - [/127.0.0.1:56854] Created subscription on topic persistent://public/default/moonpulsar-native-interop-4.2.4-1790581545902-rsa-table / reader-105-1790581635934 {}
2026-09-28T07:47:15,943+0000 [pulsar-io-20-35] INFO  org.apache.pulsar.broker.service.ServerCnx - [/127.0.0.1:56854] Closing consumer: consumerId=105 {}
2026-09-28T07:47:15,943+0000 [pulsar-io-20-35] INFO  org.apache.pulsar.broker.service.AbstractDispatcherSingleActiveConsumer - Removing consumer Consumer{subscription=PersistentSubscription{topic=persistent://public/default/moonpulsar-native-interop-4.2.4-1790581545902-rsa-table, name=reader-105-1790581635934}, consumerId=105, consumerName=, address=[id: 0x5c8ccaee, L:/127.0.0.1:27666 - R:/127.0.0.1:56854] [SR:127.0.0.1, state:Connected]} {}
2026-09-28T07:47:15,943+0000 [pulsar-io-20-35] INFO  org.apache.pulsar.broker.service.persistent.PersistentSubscription - [persistent://public/default/moonpulsar-native-interop-4.2.4-1790581545902-rsa-table][reader-105-1790581635934] Successfully closed subscription [NonDurableCursorImpl{ledger=public/default/persistent/moonpulsar-native-interop-4.2.4-1790581545902-rsa-table, cursor=reader-105-1790581635934, ackPos=30:-1, readPos=30:1}] {}
2026-09-28T07:47:15,943+0000 [pulsar-io-20-35] INFO  org.apache.pulsar.broker.service.persistent.PersistentSubscription - [persistent://public/default/moonpulsar-native-interop-4.2.4-1790581545902-rsa-table][reader-105-1790581635934] Successfully closed dispatcher for reader {}
2026-09-28T07:47:15,944+0000 [pulsar-io-20-35] INFO  org.apache.pulsar.broker.service.ServerCnx - [/127.0.0.1:56854] Closed consumer, consumerId=105 {}
2026-09-28T07:47:15,944+0000 [pulsar-io-20-35] INFO  org.apache.pulsar.broker.service.ServerCnx - [/127.0.0.1:56854] Closing consumer: consumerId=105 {}
2026-09-28T07:47:15,944+0000 [pulsar-io-20-35] INFO  org.apache.pulsar.broker.service.ServerCnx - [105] Consumer was not registered on the connection: /127.0.0.1:56854 {}
2026-09-28T07:47:15,944+0000 [pulsar-io-20-35] INFO  org.apache.pulsar.broker.service.ServerCnx - [PersistentTopic{topic=persistent://public/default/moonpulsar-native-interop-4.2.4-1790581545902-rsa-table}][standalone-0-16] Closing producer on cnx /127.0.0.1:56854. producerId=94 {}
2026-09-28T07:47:15,945+0000 [pulsar-io-20-35] INFO  org.apache.pulsar.broker.service.ServerCnx - [PersistentTopic{topic=persistent://public/default/moonpulsar-native-interop-4.2.4-1790581545902-rsa-table}][standalone-0-16] Closed producer on cnx /127.0.0.1:56854. producerId=94 {}
2026-09-28T07:47:15,945+0000 [pulsar-io-20-35] INFO  org.apache.pulsar.broker.service.ServerCnx - Closed connection from /127.0.0.1:56854 {}
2026-09-28T07:47:16,132+0000 [pulsar-io-20-48] INFO  org.apache.pulsar.broker.service.ServerCnx - [/127.0.0.1:56858] connected with clientVersion=Pulsar-Go-v0.21.1-0.20260923011436-a83c1519f68d, clientProtocolVersion=20, proxyVersion=null {}
2026-09-28T07:47:16,136+0000 [pulsar-io-20-48] INFO  org.apache.pulsar.broker.service.ServerCnx - [[id: 0x48902662, L:/127.0.0.1:27666 - R:/127.0.0.1:56858] [SR:127.0.0.1, state:Connected]] Subscribing on topic persistent://public/default/moonpulsar-native-interop-4.2.4-1790581545902-rsa-moonbit / moonpulsar-crypto-go-1790581636121273501. consumerId: 1, role: null {}
2026-09-28T07:47:16,137+0000 [ForkJoinPool.commonPool-worker-4] INFO  org.apache.bookkeeper.mledger.impl.ManagedCursorImpl - [public/default/persistent/moonpulsar-native-interop-4.2.4-1790581545902-rsa-moonbit] Cursor moonpulsar-crypto-go-1790581636121273501 recovered to position 18:-1 {}
2026-09-28T07:47:16,141+0000 [bookkeeper-ml-scheduler-OrderedScheduler-3-0] INFO  org.apache.bookkeeper.mledger.impl.ManagedLedgerImpl - [public/default/persistent/moonpulsar-native-interop-4.2.4-1790581545902-rsa-moonbit] Opened new cursor: ManagedCursorImpl{ledger=public/default/persistent/moonpulsar-native-interop-4.2.4-1790581545902-rsa-moonbit, name=moonpulsar-crypto-go-1790581636121273501, ackPos=18:-1, readPos=18:0} {}
2026-09-28T07:47:16,141+0000 [bookkeeper-ml-scheduler-OrderedScheduler-3-0] INFO  org.apache.bookkeeper.mledger.impl.ManagedCursorImpl - [public/default/persistent/moonpulsar-native-interop-4.2.4-1790581545902-rsa-moonbit-moonpulsar-crypto-go-1790581636121273501] Rewind from 18:0 to 18:0 {}
2026-09-28T07:47:16,142+0000 [pulsar-io-20-48] INFO  org.apache.pulsar.broker.service.persistent.PersistentSubscription - backlog for persistent://public/default/moonpulsar-native-interop-4.2.4-1790581545902-rsa-moonbit - 2 {}
2026-09-28T07:47:16,142+0000 [pulsar-io-20-48] INFO  org.apache.pulsar.broker.service.ServerCnx - [/127.0.0.1:56858] Created subscription on topic persistent://public/default/moonpulsar-native-interop-4.2.4-1790581545902-rsa-moonbit / moonpulsar-crypto-go-1790581636121273501 {}
2026-09-28T07:47:16,150+0000 [pulsar-io-20-48] INFO  org.apache.pulsar.metadata.impl.AbstractMetadataStore - Deleting path: /ledgers/idgen/ID-32 (v. Optional.empty) {}
2026-09-28T07:47:16,154+0000 [pulsar-io-20-48] INFO  org.apache.pulsar.metadata.impl.AbstractMetadataStore - Deleted path: /ledgers/idgen/ID-32 (v. Optional.empty) {}
2026-09-28T07:47:16,158+0000 [pulsar-io-20-48] INFO  org.apache.bookkeeper.client.LedgerCreateOp - Ensemble: [127.0.0.1:34055] for ledger: 32 {}
2026-09-28T07:47:16,158+0000 [pulsar-io-20-48] INFO  org.apache.pulsar.broker.service.ServerCnx - [/127.0.0.1:56858] Closing consumer: consumerId=1 {}
2026-09-28T07:47:16,159+0000 [pulsar-io-20-48] INFO  org.apache.pulsar.broker.service.AbstractDispatcherSingleActiveConsumer - Removing consumer Consumer{subscription=PersistentSubscription{topic=persistent://public/default/moonpulsar-native-interop-4.2.4-1790581545902-rsa-moonbit, name=moonpulsar-crypto-go-1790581636121273501}, consumerId=1, consumerName=xsgas, address=[id: 0x48902662, L:/127.0.0.1:27666 - R:/127.0.0.1:56858] [SR:127.0.0.1, state:Connected]} {}
2026-09-28T07:47:16,159+0000 [pulsar-io-20-48] INFO  org.apache.pulsar.broker.service.ServerCnx - [/127.0.0.1:56858] Closed consumer, consumerId=1 {}
2026-09-28T07:47:16,162+0000 [pulsar-io-20-48] INFO  org.apache.pulsar.broker.service.ServerCnx - [[id: 0x48902662, L:/127.0.0.1:27666 - R:/127.0.0.1:56858] [SR:127.0.0.1, state:Connected]] Subscribing on topic persistent://public/default/moonpulsar-native-interop-4.2.4-1790581545902-rsa-compressed / moonpulsar-crypto-go-1790581636159910212. consumerId: 2, role: null {}
2026-09-28T07:47:16,163+0000 [ForkJoinPool.commonPool-worker-4] INFO  org.apache.bookkeeper.mledger.impl.ManagedCursorImpl - [public/default/persistent/moonpulsar-native-interop-4.2.4-1790581545902-rsa-compressed] Cursor moonpulsar-crypto-go-1790581636159910212 recovered to position 20:-1 {}
2026-09-28T07:47:16,165+0000 [bookkeeper-ml-scheduler-OrderedScheduler-3-0] INFO  org.apache.bookkeeper.mledger.impl.ManagedCursorImpl - [public/default/persistent/moonpulsar-native-interop-4.2.4-1790581545902-rsa-moonbit] Updated cursor moonpulsar-crypto-go-1790581636121273501 with ledger id 32 md-position=18:0 rd-position=18:2 {}
2026-09-28T07:47:16,170+0000 [bookkeeper-ml-scheduler-OrderedScheduler-3-0] INFO  org.apache.bookkeeper.mledger.impl.ManagedLedgerImpl - [public/default/persistent/moonpulsar-native-interop-4.2.4-1790581545902-rsa-compressed] Opened new cursor: ManagedCursorImpl{ledger=public/default/persistent/moonpulsar-native-interop-4.2.4-1790581545902-rsa-compressed, name=moonpulsar-crypto-go-1790581636159910212, ackPos=20:-1, readPos=20:0} {}
2026-09-28T07:47:16,170+0000 [bookkeeper-ml-scheduler-OrderedScheduler-3-0] INFO  org.apache.bookkeeper.mledger.impl.ManagedCursorImpl - [public/default/persistent/moonpulsar-native-interop-4.2.4-1790581545902-rsa-compressed-moonpulsar-crypto-go-1790581636159910212] Rewind from 20:0 to 20:0 {}
2026-09-28T07:47:16,170+0000 [pulsar-io-20-48] INFO  org.apache.pulsar.broker.service.persistent.PersistentSubscription - backlog for persistent://public/default/moonpulsar-native-interop-4.2.4-1790581545902-rsa-compressed - 1 {}
2026-09-28T07:47:16,170+0000 [pulsar-io-20-48] INFO  org.apache.pulsar.broker.service.ServerCnx - [/127.0.0.1:56858] Created subscription on topic persistent://public/default/moonpulsar-native-interop-4.2.4-1790581545902-rsa-compressed / moonpulsar-crypto-go-1790581636159910212 {}
2026-09-28T07:47:16,180+0000 [pulsar-io-20-48] INFO  org.apache.pulsar.metadata.impl.AbstractMetadataStore - Deleting path: /ledgers/idgen/ID-33 (v. Optional.empty) {}
2026-09-28T07:47:16,183+0000 [pulsar-io-20-48] INFO  org.apache.pulsar.metadata.impl.AbstractMetadataStore - Deleted path: /ledgers/idgen/ID-33 (v. Optional.empty) {}
2026-09-28T07:47:16,187+0000 [pulsar-io-20-48] INFO  org.apache.bookkeeper.client.LedgerCreateOp - Ensemble: [127.0.0.1:34055] for ledger: 33 {}
2026-09-28T07:47:16,188+0000 [pulsar-io-20-48] INFO  org.apache.pulsar.broker.service.ServerCnx - [/127.0.0.1:56858] Closing consumer: consumerId=2 {}
2026-09-28T07:47:16,188+0000 [pulsar-io-20-48] INFO  org.apache.pulsar.broker.service.AbstractDispatcherSingleActiveConsumer - Removing consumer Consumer{subscription=PersistentSubscription{topic=persistent://public/default/moonpulsar-native-interop-4.2.4-1790581545902-rsa-compressed, name=moonpulsar-crypto-go-1790581636159910212}, consumerId=2, consumerName=asnds, address=[id: 0x48902662, L:/127.0.0.1:27666 - R:/127.0.0.1:56858] [SR:127.0.0.1, state:Connected]} {}
2026-09-28T07:47:16,188+0000 [pulsar-io-20-48] INFO  org.apache.pulsar.broker.service.ServerCnx - [/127.0.0.1:56858] Closed consumer, consumerId=2 {}
2026-09-28T07:47:16,193+0000 [pulsar-io-20-48] INFO  org.apache.pulsar.broker.service.ServerCnx - [[id: 0x48902662, L:/127.0.0.1:27666 - R:/127.0.0.1:56858] [SR:127.0.0.1, state:Connected]] Subscribing on topic persistent://public/default/moonpulsar-native-interop-4.2.4-1790581545902-rsa-batch / moonpulsar-crypto-go-1790581636189030341. consumerId: 3, role: null {}
2026-09-28T07:47:16,193+0000 [ForkJoinPool.commonPool-worker-2] INFO  org.apache.bookkeeper.mledger.impl.ManagedCursorImpl - [public/default/persistent/moonpulsar-native-interop-4.2.4-1790581545902-rsa-batch] Cursor moonpulsar-crypto-go-1790581636189030341 recovered to position 21:-1 {}
2026-09-28T07:47:16,194+0000 [bookkeeper-ml-scheduler-OrderedScheduler-3-0] INFO  org.apache.bookkeeper.mledger.impl.ManagedCursorImpl - [public/default/persistent/moonpulsar-native-interop-4.2.4-1790581545902-rsa-compressed] Updated cursor moonpulsar-crypto-go-1790581636159910212 with ledger id 33 md-position=20:0 rd-position=20:1 {}
2026-09-28T07:47:16,197+0000 [bookkeeper-ml-scheduler-OrderedScheduler-2-0] INFO  org.apache.bookkeeper.mledger.impl.ManagedLedgerImpl - [public/default/persistent/moonpulsar-native-interop-4.2.4-1790581545902-rsa-batch] Opened new cursor: ManagedCursorImpl{ledger=public/default/persistent/moonpulsar-native-interop-4.2.4-1790581545902-rsa-batch, name=moonpulsar-crypto-go-1790581636189030341, ackPos=21:-1, readPos=21:0} {}
2026-09-28T07:47:16,198+0000 [bookkeeper-ml-scheduler-OrderedScheduler-2-0] INFO  org.apache.bookkeeper.mledger.impl.ManagedCursorImpl - [public/default/persistent/moonpulsar-native-interop-4.2.4-1790581545902-rsa-batch-moonpulsar-crypto-go-1790581636189030341] Rewind from 21:0 to 21:0 {}
2026-09-28T07:47:16,198+0000 [pulsar-io-20-48] INFO  org.apache.pulsar.broker.service.persistent.PersistentSubscription - backlog for persistent://public/default/moonpulsar-native-interop-4.2.4-1790581545902-rsa-batch - 1 {}
2026-09-28T07:47:16,198+0000 [pulsar-io-20-48] INFO  org.apache.pulsar.broker.service.ServerCnx - [/127.0.0.1:56858] Created subscription on topic persistent://public/default/moonpulsar-native-interop-4.2.4-1790581545902-rsa-batch / moonpulsar-crypto-go-1790581636189030341 {}
2026-09-28T07:47:16,207+0000 [pulsar-io-20-48] INFO  org.apache.pulsar.metadata.impl.AbstractMetadataStore - Deleting path: /ledgers/idgen/ID-34 (v. Optional.empty) {}
2026-09-28T07:47:16,211+0000 [pulsar-io-20-48] INFO  org.apache.pulsar.metadata.impl.AbstractMetadataStore - Deleted path: /ledgers/idgen/ID-34 (v. Optional.empty) {}
2026-09-28T07:47:16,215+0000 [pulsar-io-20-48] INFO  org.apache.bookkeeper.client.LedgerCreateOp - Ensemble: [127.0.0.1:34055] for ledger: 34 {}
2026-09-28T07:47:16,215+0000 [pulsar-io-20-48] INFO  org.apache.pulsar.broker.service.ServerCnx - [/127.0.0.1:56858] Closing consumer: consumerId=3 {}
2026-09-28T07:47:16,215+0000 [pulsar-io-20-48] INFO  org.apache.pulsar.broker.service.AbstractDispatcherSingleActiveConsumer - Removing consumer Consumer{subscription=PersistentSubscription{topic=persistent://public/default/moonpulsar-native-interop-4.2.4-1790581545902-rsa-batch, name=moonpulsar-crypto-go-1790581636189030341}, consumerId=3, consumerName=tlbik, address=[id: 0x48902662, L:/127.0.0.1:27666 - R:/127.0.0.1:56858] [SR:127.0.0.1, state:Connected]} {}
2026-09-28T07:47:16,215+0000 [pulsar-io-20-48] INFO  org.apache.pulsar.broker.service.ServerCnx - [/127.0.0.1:56858] Closed consumer, consumerId=3 {}
2026-09-28T07:47:16,216+0000 [pulsar-io-20-48] INFO  org.apache.pulsar.broker.service.ServerCnx - Closed connection from /127.0.0.1:56858 {}
2026-09-28T07:47:16,222+0000 [bookkeeper-ml-scheduler-OrderedScheduler-2-0] INFO  org.apache.bookkeeper.mledger.impl.ManagedCursorImpl - [public/default/persistent/moonpulsar-native-interop-4.2.4-1790581545902-rsa-batch] Updated cursor moonpulsar-crypto-go-1790581636189030341 with ledger id 34 md-position=21:0 rd-position=21:1 {}
2026-09-28T07:47:16,418+0000 [pulsar-io-20-1] INFO  org.apache.pulsar.broker.service.ServerCnx - [/127.0.0.1:56872] connected with clientVersion=Pulsar-Go-v0.21.1-0.20260923011436-a83c1519f68d, clientProtocolVersion=20, proxyVersion=null {}
2026-09-28T07:47:16,422+0000 [pulsar-io-20-1] INFO  org.apache.pulsar.broker.service.ServerCnx - [[id: 0x59b047dd, L:/127.0.0.1:27666 - R:/127.0.0.1:56872] [SR:127.0.0.1, state:Connected]] Subscribing on topic persistent://public/default/moonpulsar-native-interop-4.2.4-1790581545902-rsa-empty / moonpulsar-crypto-empty-go-1790581636408274705. consumerId: 1, role: null {}
2026-09-28T07:47:16,423+0000 [ForkJoinPool.commonPool-worker-4] INFO  org.apache.bookkeeper.mledger.impl.ManagedCursorImpl - [public/default/persistent/moonpulsar-native-interop-4.2.4-1790581545902-rsa-empty] Cursor moonpulsar-crypto-empty-go-1790581636408274705 recovered to position 19:-1 {}
2026-09-28T07:47:16,428+0000 [bookkeeper-ml-scheduler-OrderedScheduler-3-0] INFO  org.apache.bookkeeper.mledger.impl.ManagedLedgerImpl - [public/default/persistent/moonpulsar-native-interop-4.2.4-1790581545902-rsa-empty] Opened new cursor: ManagedCursorImpl{ledger=public/default/persistent/moonpulsar-native-interop-4.2.4-1790581545902-rsa-empty, name=moonpulsar-crypto-empty-go-1790581636408274705, ackPos=19:-1, readPos=19:0} {}
2026-09-28T07:47:16,428+0000 [bookkeeper-ml-scheduler-OrderedScheduler-3-0] INFO  org.apache.bookkeeper.mledger.impl.ManagedCursorImpl - [public/default/persistent/moonpulsar-native-interop-4.2.4-1790581545902-rsa-empty-moonpulsar-crypto-empty-go-1790581636408274705] Rewind from 19:0 to 19:0 {}
2026-09-28T07:47:16,428+0000 [pulsar-io-20-1] INFO  org.apache.pulsar.broker.service.persistent.PersistentSubscription - backlog for persistent://public/default/moonpulsar-native-interop-4.2.4-1790581545902-rsa-empty - 1 {}
2026-09-28T07:47:16,428+0000 [pulsar-io-20-1] INFO  org.apache.pulsar.broker.service.ServerCnx - [/127.0.0.1:56872] Created subscription on topic persistent://public/default/moonpulsar-native-interop-4.2.4-1790581545902-rsa-empty / moonpulsar-crypto-empty-go-1790581636408274705 {}
2026-09-28T07:47:16,438+0000 [pulsar-io-20-1] INFO  org.apache.pulsar.metadata.impl.AbstractMetadataStore - Deleting path: /ledgers/idgen/ID-35 (v. Optional.empty) {}
2026-09-28T07:47:16,442+0000 [pulsar-io-20-1] INFO  org.apache.pulsar.metadata.impl.AbstractMetadataStore - Deleted path: /ledgers/idgen/ID-35 (v. Optional.empty) {}
2026-09-28T07:47:16,446+0000 [pulsar-io-20-1] INFO  org.apache.bookkeeper.client.LedgerCreateOp - Ensemble: [127.0.0.1:34055] for ledger: 35 {}
2026-09-28T07:47:16,446+0000 [pulsar-io-20-1] INFO  org.apache.pulsar.broker.service.ServerCnx - [/127.0.0.1:56872] Closing consumer: consumerId=1 {}
2026-09-28T07:47:16,447+0000 [pulsar-io-20-1] INFO  org.apache.pulsar.broker.service.AbstractDispatcherSingleActiveConsumer - Removing consumer Consumer{subscription=PersistentSubscription{topic=persistent://public/default/moonpulsar-native-interop-4.2.4-1790581545902-rsa-empty, name=moonpulsar-crypto-empty-go-1790581636408274705}, consumerId=1, consumerName=ngyuq, address=[id: 0x59b047dd, L:/127.0.0.1:27666 - R:/127.0.0.1:56872] [SR:127.0.0.1, state:Connected]} {}
2026-09-28T07:47:16,447+0000 [pulsar-io-20-1] INFO  org.apache.pulsar.broker.service.ServerCnx - [/127.0.0.1:56872] Closed consumer, consumerId=1 {}
2026-09-28T07:47:16,448+0000 [pulsar-io-20-1] INFO  org.apache.pulsar.broker.service.ServerCnx - Closed connection from /127.0.0.1:56872 {}
2026-09-28T07:47:16,452+0000 [bookkeeper-ml-scheduler-OrderedScheduler-3-0] INFO  org.apache.bookkeeper.mledger.impl.ManagedCursorImpl - [public/default/persistent/moonpulsar-native-interop-4.2.4-1790581545902-rsa-empty] Updated cursor moonpulsar-crypto-empty-go-1790581636408274705 with ledger id 35 md-position=19:0 rd-position=19:1 {}
Sep 28, 2026 7:46:06 AM org.glassfish.jersey.server.wadl.WadlFeature configure
WARNING: JAXBContext implementation could not be found. WADL feature is disabled.
Sep 28, 2026 7:46:07 AM org.glassfish.jersey.server.wadl.WadlFeature configure
WARNING: JAXBContext implementation could not be found. WADL feature is disabled.
Sep 28, 2026 7:46:08 AM org.glassfish.jersey.server.wadl.WadlFeature configure
WARNING: JAXBContext implementation could not be found. WADL feature is disabled.
Sep 28, 2026 7:46:08 AM org.glassfish.jersey.server.wadl.WadlFeature configure
WARNING: JAXBContext implementation could not be found. WADL feature is disabled.
Sep 28, 2026 7:46:08 AM org.glassfish.jersey.server.wadl.WadlFeature configure
WARNING: JAXBContext implementation could not be found. WADL feature is disabled.
Sep 28, 2026 7:46:20 AM io.opentelemetry.api.GlobalOpenTelemetry maybeAutoConfigureAndSetGlobal
INFO: AutoConfiguredOpenTelemetrySdk found on classpath but automatic configuration is disabled. To enable, run your JVM with -Dotel.java.global-autoconfigure.enabled=true
